# Decoded from model.g3d (bytes XOR 0xFF = Wavefront OBJ). To regenerate: see repo tools or XOR-decode g3d.

mtllib model.mtl
o object_0
g object_0
usemtl object_0
v 0.003346587996929884 0.01101797353476286 -0.3355362117290497 
v 0.004425376653671265 0.010658377781510353 -0.3355362117290497 
v 0.0022677993401885033 0.005444232374429703 -0.4652251601219177 
v 0.005444232374429703 0.010178916156291962 -0.3355362117290497 
v 0.0028071936685591936 0.005204501561820507 -0.4652251601219177 
v 0.006403155624866486 0.009579588659107685 -0.3355362117290497 
v 0.003286655293777585 0.004904838278889656 -0.4652251601219177 
v 0.007302146404981613 0.008920328691601753 -0.3355362117290497 
v 0.0037661169189959764 0.0045452420599758625 -0.4652251601219177 
v 0.00814120378345251 0.00814120378345251 -0.3355362117290497 
v 0.004185645841062069 0.004185645841062069 -0.4652251601219177 
v 0.008920328691601753 0.007302146404981613 -0.3355362117290497 
v 0.0045452420599758625 0.0037661169189959764 -0.4652251601219177 
v 0.009579588659107685 0.006403155624866486 -0.3355362117290497 
v 0.004904838278889656 0.003286655293777585 -0.4652251601219177 
v 0.010178916156291962 0.005444232374429703 -0.3355362117290497 
v 0.005204501561820507 0.0028071936685591936 -0.4652251601219177 
v 0.010658377781510353 0.004425376653671265 -0.3355362117290497 
v 0.005444232374429703 0.0022677993401885033 -0.4652251601219177 
v 0.01101797353476286 0.003346587996929884 -0.3355362117290497 
v 0.005624030716717243 0.0017284051282331347 -0.4652251601219177 
v 0.01131763681769371 0.0022677993401885033 -0.3355362117290497 
v 0.005803828593343496 0.0011290780967101455 -0.4652251601219177 
v 0.01149743515998125 0.0011290780967101455 -0.3355362117290497 
v 0.005863761529326439 0.000589683826547116 -0.4652251601219177 
v 0.011557367630302906 -0.000009643200428399723 -0.3355362117290497 
v 0.005923693999648094 -0.000009643200428399723 -0.4652251601219177 
v 0.01149743515998125 -0.001148364506661892 -0.3355362117290497 
v 0.005863761529326439 -0.0005490374751389027 -0.4652251601219177 
v 0.01131763681769371 -0.0022271531634032726 -0.3355362117290497 
v 0.005803828593343496 -0.001148364506661892 -0.4652251601219177 
v 0.01101797353476286 -0.0033658742904663086 -0.3355362117290497 
v 0.005624030716717243 -0.0016877588350325823 -0.4652251601219177 
v 0.010658377781510353 -0.004444662947207689 -0.3355362117290497 
v 0.005444232374429703 -0.0022271531634032726 -0.4652251601219177 
v 0.010178916156291962 -0.005463518667966127 -0.3355362117290497 
v 0.005204501561820507 -0.002766547491773963 -0.4652251601219177 
v 0.009579588659107685 -0.00642244191840291 -0.3355362117290497 
v 0.004904838278889656 -0.0033059415873140097 -0.4652251601219177 
v 0.008920328691601753 -0.007321432698518038 -0.3355362117290497 
v 0.0045452420599758625 -0.003725470509380102 -0.4652251601219177 
v 0.00814120378345251 -0.008160490542650223 -0.3355362117290497 
v 0.004185645841062069 -0.004144999664276838 -0.4652251601219177 
v 0.007302146404981613 -0.008939615450799465 -0.3355362117290497 
v 0.0037661169189959764 -0.004564528353512287 -0.4652251601219177 
v 0.006403155624866486 -0.009598875418305397 -0.3355362117290497 
v 0.003286655293777585 -0.004924124572426081 -0.4652251601219177 
v 0.005444232374429703 -0.010198201984167099 -0.3355362117290497 
v 0.0028071936685591936 -0.005223788321018219 -0.4652251601219177 
v 0.004425376653671265 -0.01067766360938549 -0.3355362117290497 
v 0.0022677993401885033 -0.005463518667966127 -0.4652251601219177 
v 0.003346587996929884 -0.011037260293960571 -0.3355362117290497 
v 0.0017284051282331347 -0.005643317010253668 -0.4652251601219177 
v 0.0022677993401885033 -0.011336923576891422 -0.3355362117290497 
v 0.0011290780967101455 -0.005763182416558266 -0.4652251601219177 
v 0.0011290780967101455 -0.011516721919178963 -0.3355362117290497 
v 0.000589683826547116 -0.0058830478228628635 -0.4652251601219177 
v -0.000009643200428399723 -0.011516721919178963 -0.3355362117290497 
v -0.000009643200428399723 -0.0058830478228628635 -0.4652251601219177 
v -0.001148364506661892 -0.011516721919178963 -0.3355362117290497 
v -0.0005490374751389027 -0.0058830478228628635 -0.4652251601219177 
v -0.0022271531634032726 -0.011336923576891422 -0.3355362117290497 
v -0.001148364506661892 -0.005763182416558266 -0.4652251601219177 
v -0.0033658742904663086 -0.011037260293960571 -0.3355362117290497 
v -0.0016877588350325823 -0.005643317010253668 -0.4652251601219177 
v -0.004444662947207689 -0.01067766360938549 -0.3355362117290497 
v -0.0022271531634032726 -0.005463518667966127 -0.4652251601219177 
v -0.005463518667966127 -0.010198201984167099 -0.3355362117290497 
v -0.002766547491773963 -0.005223788321018219 -0.4652251601219177 
v -0.00642244191840291 -0.009598875418305397 -0.3355362117290497 
v -0.0033059415873140097 -0.004924124572426081 -0.4652251601219177 
v -0.007321432698518038 -0.008939615450799465 -0.3355362117290497 
v -0.003725470509380102 -0.004564528353512287 -0.4652251601219177 
v -0.008160490542650223 -0.008160490542650223 -0.3355362117290497 
v -0.004144999664276838 -0.004144999664276838 -0.4652251601219177 
v -0.008939615450799465 -0.007321432698518038 -0.3355362117290497 
v -0.004564528353512287 -0.003725470509380102 -0.4652251601219177 
v -0.009598875418305397 -0.00642244191840291 -0.3355362117290497 
v -0.004924124572426081 -0.0033059415873140097 -0.4652251601219177 
v -0.010198201984167099 -0.005463518667966127 -0.3355362117290497 
v -0.005223788321018219 -0.002766547491773963 -0.4652251601219177 
v -0.01067766360938549 -0.004444662947207689 -0.3355362117290497 
v -0.005463518667966127 -0.0022271531634032726 -0.4652251601219177 
v -0.011037260293960571 -0.0033658742904663086 -0.3355362117290497 
v -0.005643317010253668 -0.0016877588350325823 -0.4652251601219177 
v -0.011336923576891422 -0.0022271531634032726 -0.3355362117290497 
v -0.005763182416558266 -0.001148364506661892 -0.4652251601219177 
v -0.011516721919178963 -0.001148364506661892 -0.3355362117290497 
v -0.0058830478228628635 -0.0005490374751389027 -0.4652251601219177 
v -0.011516721919178963 -0.000009643200428399723 -0.3355362117290497 
v -0.0058830478228628635 -0.000009643200428399723 -0.4652251601219177 
v -0.011516721919178963 0.0011290780967101455 -0.3355362117290497 
v -0.0058830478228628635 0.000589683826547116 -0.4652251601219177 
v -0.011336923576891422 0.0022677993401885033 -0.3355362117290497 
v -0.005763182416558266 0.0011290780967101455 -0.4652251601219177 
v -0.011037260293960571 0.003346587996929884 -0.3355362117290497 
v -0.005643317010253668 0.0017284051282331347 -0.4652251601219177 
v -0.01067766360938549 0.004425376653671265 -0.3355362117290497 
v -0.005463518667966127 0.0022677993401885033 -0.4652251601219177 
v -0.010198201984167099 0.005444232374429703 -0.3355362117290497 
v -0.005223788321018219 0.0028071936685591936 -0.4652251601219177 
v -0.009598875418305397 0.006403155624866486 -0.3355362117290497 
v -0.004924124572426081 0.003286655293777585 -0.4652251601219177 
v -0.008939615450799465 0.007302146404981613 -0.3355362117290497 
v -0.004564528353512287 0.0037661169189959764 -0.4652251601219177 
v -0.008160490542650223 0.00814120378345251 -0.3355362117290497 
v -0.004144999664276838 0.004185645841062069 -0.4652251601219177 
v -0.007321432698518038 0.008920328691601753 -0.3355362117290497 
v -0.003725470509380102 0.0045452420599758625 -0.4652251601219177 
v -0.00642244191840291 0.009579588659107685 -0.3355362117290497 
v -0.0033059415873140097 0.004904838278889656 -0.4652251601219177 
v -0.005463518667966127 0.010178916156291962 -0.3355362117290497 
v -0.002766547491773963 0.005204501561820507 -0.4652251601219177 
v -0.004444662947207689 0.010658377781510353 -0.3355362117290497 
v -0.0022271531634032726 0.005444232374429703 -0.4652251601219177 
v -0.0033658742904663086 0.01101797353476286 -0.3355362117290497 
v -0.0016877588350325823 0.005624030716717243 -0.4652251601219177 
v -0.0022271531634032726 0.01131763681769371 -0.3355362117290497 
v -0.001148364506661892 0.005803828593343496 -0.4652251601219177 
v -0.001148364506661892 0.01149743515998125 -0.3355362117290497 
v -0.0005490374751389027 0.005863761529326439 -0.4652251601219177 
v -0.000009643200428399723 0.011557367630302906 -0.3355362117290497 
v -0.000009643200428399723 0.005923693999648094 -0.4652251601219177 
v 0.0011290780967101455 0.01149743515998125 -0.3355362117290497 
v 0.000589683826547116 0.005863761529326439 -0.4652251601219177 
v 0.0022677993401885033 0.01131763681769371 -0.3355362117290497 
v 0.0011290780967101455 0.005803828593343496 -0.4652251601219177 
v 0.0017284051282331347 0.005624030716717243 -0.4652251601219177 
v 0.017370840534567833 0.08743216842412949 -0.3341464102268219 
v 0.003346587996929884 0.01101797353476286 -0.3355362117290497 
v 0.02588128298521042 0.0852745920419693 -0.3341464102268219 
v 0.004425376653671265 0.010658377781510353 -0.3355362117290497 
v 0.0022677993401885033 0.01131763681769371 -0.3355362117290497 
v 0.008740531280636787 0.08869075030088425 -0.3341464102268219 
v 0.0011290780967101455 0.01149743515998125 -0.3355362117290497 
v -0.000009643200428399723 0.08911028504371643 -0.3341464102268219 
v -0.000009643200428399723 0.011557367630302906 -0.3355362117290497 
v -0.008759817108511925 0.08869075030088425 -0.3341464102268219 
v -0.001148364506661892 0.01149743515998125 -0.3355362117290497 
v -0.01739012636244297 0.08743216842412949 -0.3341464102268219 
v -0.0022271531634032726 0.01131763681769371 -0.3355362117290497 
v -0.025900568813085556 0.0852745920419693 -0.3341464102268219 
v -0.0033658742904663086 0.01101797353476286 -0.3355362117290497 
v -0.034111350774765015 0.082337886095047 -0.3341464102268219 
v -0.004444662947207689 0.010658377781510353 -0.3355362117290497 
v -0.0420224666595459 0.07862205803394318 -0.3341464102268219 
v -0.005463518667966127 0.010178916156291962 -0.3355362117290497 
v -0.049514055252075195 0.07412710785865784 -0.3341464102268219 
v -0.00642244191840291 0.009579588659107685 -0.3355362117290497 
v -0.05652618035674095 0.06891296058893204 -0.3341464102268219 
v -0.007321432698518038 0.008920328691601753 -0.3355362117290497 
v -0.06299891322851181 0.06303955614566803 -0.3341464102268219 
v -0.008160490542650223 0.00814120378345251 -0.3355362117290497 
v -0.06887231767177582 0.05656682699918747 -0.3341464102268219 
v -0.008939615450799465 0.007302146404981613 -0.3355362117290497 
v -0.07408645749092102 0.04949476569890976 -0.3341464102268219 
v -0.009598875418305397 0.006403155624866486 -0.3355362117290497 
v -0.07858141511678696 0.04200318083167076 -0.3341464102268219 
v -0.010198201984167099 0.005444232374429703 -0.3355362117290497 
v -0.08235717564821243 0.03409206494688988 -0.3341464102268219 
v -0.01067766360938549 0.004425376653671265 -0.3355362117290497 
v -0.08529387414455414 0.02588128298521042 -0.3341464102268219 
v -0.011037260293960571 0.003346587996929884 -0.3355362117290497 
v -0.08745145052671432 0.017370840534567833 -0.3341464102268219 
v -0.011336923576891422 0.0022677993401885033 -0.3355362117290497 
v -0.08871003985404968 0.008740531280636787 -0.3341464102268219 
v -0.011516721919178963 0.0011290780967101455 -0.3355362117290497 
v -0.08912956714630127 -0.000009643200428399723 -0.3341464102268219 
v -0.011516721919178963 -0.000009643200428399723 -0.3355362117290497 
v -0.08871003985404968 -0.008759817108511925 -0.3341464102268219 
v -0.011516721919178963 -0.001148364506661892 -0.3355362117290497 
v -0.08745145052671432 -0.01739012636244297 -0.3341464102268219 
v -0.011336923576891422 -0.0022271531634032726 -0.3355362117290497 
v -0.08529387414455414 -0.025900568813085556 -0.3341464102268219 
v -0.011037260293960571 -0.0033658742904663086 -0.3355362117290497 
v -0.08235717564821243 -0.034111350774765015 -0.3341464102268219 
v -0.01067766360938549 -0.004444662947207689 -0.3355362117290497 
v -0.07858141511678696 -0.0420224666595459 -0.3341464102268219 
v -0.010198201984167099 -0.005463518667966127 -0.3355362117290497 
v -0.07408645749092102 -0.049514055252075195 -0.3341464102268219 
v -0.009598875418305397 -0.00642244191840291 -0.3355362117290497 
v -0.06887231767177582 -0.05652618035674095 -0.3341464102268219 
v -0.008939615450799465 -0.007321432698518038 -0.3355362117290497 
v -0.06299891322851181 -0.06299891322851181 -0.3341464102268219 
v -0.008160490542650223 -0.008160490542650223 -0.3355362117290497 
v -0.05652618035674095 -0.06887231767177582 -0.3341464102268219 
v -0.007321432698518038 -0.008939615450799465 -0.3355362117290497 
v -0.049514055252075195 -0.07408645749092102 -0.3341464102268219 
v -0.00642244191840291 -0.009598875418305397 -0.3355362117290497 
v -0.0420224666595459 -0.07858141511678696 -0.3341464102268219 
v -0.005463518667966127 -0.010198201984167099 -0.3355362117290497 
v -0.034111350774765015 -0.08235717564821243 -0.3341464102268219 
v -0.004444662947207689 -0.01067766360938549 -0.3355362117290497 
v -0.025900568813085556 -0.08529387414455414 -0.3341464102268219 
v -0.0033658742904663086 -0.011037260293960571 -0.3355362117290497 
v -0.01739012636244297 -0.08745145052671432 -0.3341464102268219 
v -0.0022271531634032726 -0.011336923576891422 -0.3355362117290497 
v -0.008759817108511925 -0.08871003985404968 -0.3341464102268219 
v -0.001148364506661892 -0.011516721919178963 -0.3355362117290497 
v -0.000009643200428399723 -0.08912956714630127 -0.3341464102268219 
v -0.000009643200428399723 -0.011516721919178963 -0.3355362117290497 
v 0.008740531280636787 -0.08871003985404968 -0.3341464102268219 
v 0.0011290780967101455 -0.011516721919178963 -0.3355362117290497 
v 0.017370840534567833 -0.08745145052671432 -0.3341464102268219 
v 0.0022677993401885033 -0.011336923576891422 -0.3355362117290497 
v 0.02588128298521042 -0.08529387414455414 -0.3341464102268219 
v 0.003346587996929884 -0.011037260293960571 -0.3355362117290497 
v 0.03409206494688988 -0.08235717564821243 -0.3341464102268219 
v 0.004425376653671265 -0.01067766360938549 -0.3355362117290497 
v 0.04200318083167076 -0.07858141511678696 -0.3341464102268219 
v 0.005444232374429703 -0.010198201984167099 -0.3355362117290497 
v 0.04949476569890976 -0.07408645749092102 -0.3341464102268219 
v 0.006403155624866486 -0.009598875418305397 -0.3355362117290497 
v 0.05656682699918747 -0.06887231767177582 -0.3341464102268219 
v 0.007302146404981613 -0.008939615450799465 -0.3355362117290497 
v 0.06303955614566803 -0.06299891322851181 -0.3341464102268219 
v 0.00814120378345251 -0.008160490542650223 -0.3355362117290497 
v 0.06891296058893204 -0.05652618035674095 -0.3341464102268219 
v 0.008920328691601753 -0.007321432698518038 -0.3355362117290497 
v 0.07412710785865784 -0.049514055252075195 -0.3341464102268219 
v 0.009579588659107685 -0.00642244191840291 -0.3355362117290497 
v 0.07862205803394318 -0.0420224666595459 -0.3341464102268219 
v 0.010178916156291962 -0.005463518667966127 -0.3355362117290497 
v 0.082337886095047 -0.034111350774765015 -0.3341464102268219 
v 0.010658377781510353 -0.004444662947207689 -0.3355362117290497 
v 0.0852745920419693 -0.025900568813085556 -0.3341464102268219 
v 0.01101797353476286 -0.0033658742904663086 -0.3355362117290497 
v 0.08743216842412949 -0.01739012636244297 -0.3341464102268219 
v 0.01131763681769371 -0.0022271531634032726 -0.3355362117290497 
v 0.08869075030088425 -0.008759817108511925 -0.3341464102268219 
v 0.01149743515998125 -0.001148364506661892 -0.3355362117290497 
v 0.08911028504371643 -0.000009643200428399723 -0.3341464102268219 
v 0.011557367630302906 -0.000009643200428399723 -0.3355362117290497 
v 0.01149743515998125 0.0011290780967101455 -0.3355362117290497 
v 0.08869075030088425 0.008740531280636787 -0.3341464102268219 
v 0.15875208377838135 -0.000009643200428399723 -0.32918280363082886 
v 0.15797294676303864 -0.01553221233189106 -0.32918280363082886 
v 0.15569551289081573 -0.030994849279522896 -0.32918280363082886 
v 0.1518598198890686 -0.04609788954257965 -0.32918280363082886 
v 0.1466456800699234 -0.060721468180418015 -0.32918280363082886 
v 0.13999314606189728 -0.07480565458536148 -0.32918280363082886 
v 0.13196216523647308 -0.08817064762115479 -0.32918280363082886 
v 0.12267259508371353 -0.10069657862186432 -0.32918280363082886 
v 0.11224430054426193 -0.11226359009742737 -0.32918280363082886 
v 0.10067729651927948 -0.12269187718629837 -0.32918280363082886 
v 0.088211290538311 -0.13198144733905792 -0.32918280363082886 
v 0.0748462975025177 -0.13995249569416046 -0.32918280363082886 
v 0.06076211482286453 -0.14666496217250824 -0.32918280363082886 
v 0.046078603714704514 -0.15187910199165344 -0.32918280363082886 
v 0.03097556345164776 -0.15565486252307892 -0.32918280363082886 
v 0.015572858974337578 -0.157932311296463 -0.32918280363082886 
v -0.000009643200428399723 -0.15871143341064453 -0.32918280363082886 
v -0.01553221233189106 -0.157932311296463 -0.32918280363082886 
v -0.030994849279522896 -0.15565486252307892 -0.32918280363082886 
v -0.04609788954257965 -0.15187910199165344 -0.32918280363082886 
v -0.060721468180418015 -0.14666496217250824 -0.32918280363082886 
v -0.07480565458536148 -0.13995249569416046 -0.32918280363082886 
v -0.08817064762115479 -0.13198144733905792 -0.32918280363082886 
v -0.10069657862186432 -0.12269187718629837 -0.32918280363082886 
v -0.11226359009742737 -0.11226359009742737 -0.32918280363082886 
v -0.12269187718629837 -0.10069657862186432 -0.32918280363082886 
v -0.13198144733905792 -0.08817064762115479 -0.32918280363082886 
v -0.13995249569416046 -0.07480565458536148 -0.32918280363082886 
v -0.14666496217250824 -0.060721468180418015 -0.32918280363082886 
v -0.15187910199165344 -0.04609788954257965 -0.32918280363082886 
v -0.15565486252307892 -0.030994849279522896 -0.32918280363082886 
v -0.157932311296463 -0.01553221233189106 -0.32918280363082886 
v -0.15871143341064453 -0.000009643200428399723 -0.32918280363082886 
v -0.157932311296463 0.015572858974337578 -0.32918280363082886 
v -0.15565486252307892 0.03097556345164776 -0.32918280363082886 
v -0.15187910199165344 0.046078603714704514 -0.32918280363082886 
v -0.14666496217250824 0.06076211482286453 -0.32918280363082886 
v -0.13995249569416046 0.0748462975025177 -0.32918280363082886 
v -0.13198144733905792 0.088211290538311 -0.32918280363082886 
v -0.12269187718629837 0.10067729651927948 -0.32918280363082886 
v -0.11226359009742737 0.11224430054426193 -0.32918280363082886 
v -0.10069657862186432 0.12267259508371353 -0.32918280363082886 
v -0.08817064762115479 0.13196216523647308 -0.32918280363082886 
v -0.07480565458536148 0.13999314606189728 -0.32918280363082886 
v -0.060721468180418015 0.1466456800699234 -0.32918280363082886 
v -0.04609788954257965 0.1518598198890686 -0.32918280363082886 
v -0.030994849279522896 0.15569551289081573 -0.32918280363082886 
v -0.01553221233189106 0.15797294676303864 -0.32918280363082886 
v -0.000009643200428399723 0.15875208377838135 -0.32918280363082886 
v 0.015572858974337578 0.15797294676303864 -0.32918280363082886 
v 0.03097556345164776 0.15569551289081573 -0.32918280363082886 
v 0.02162606082856655 0.21982349455356598 -0.3170517683029175 
v -0.000009643200428399723 0.22090229392051697 -0.3170517683029175 
v -0.021645348519086838 0.21982349455356598 -0.3170517683029175 
v -0.04310125485062599 0.21664707362651825 -0.3170517683029175 
v -0.06413763016462326 0.2113729864358902 -0.3170517683029175 
v -0.08451475203037262 0.20406119525432587 -0.3170517683029175 
v -0.10411274433135986 0.1947716325521469 -0.3170517683029175 
v -0.12269187718629837 0.18362414836883545 -0.3170517683029175 
v -0.14013229310512543 0.17073862254619598 -0.3170517683029175 
v -0.15619425475597382 0.15617497265338898 -0.3170517683029175 
v -0.17075790464878082 0.1401130110025406 -0.3170517683029175 
v -0.1836434304714203 0.12273252755403519 -0.3170517683029175 
v -0.19479091465473175 0.10409345477819443 -0.3170517683029175 
v -0.2040804922580719 0.08455539494752884 -0.3170517683029175 
v -0.21139228343963623 0.06411834806203842 -0.3170517683029175 
v -0.21660642325878143 0.043081969022750854 -0.3170517683029175 
v -0.219842791557312 0.02162606082856655 -0.3170517683029175 
v -0.22086164355278015 -0.000009643200428399723 -0.3170517683029175 
v -0.219842791557312 -0.021645348519086838 -0.3170517683029175 
v -0.21660642325878143 -0.04310125485062599 -0.3170517683029175 
v -0.21139228343963623 -0.06413763016462326 -0.3170517683029175 
v -0.2040804922580719 -0.08451475203037262 -0.3170517683029175 
v -0.19479091465473175 -0.10411274433135986 -0.3170517683029175 
v -0.1836434304714203 -0.12269187718629837 -0.3170517683029175 
v -0.17075790464878082 -0.14013229310512543 -0.3170517683029175 
v -0.15619425475597382 -0.15619425475597382 -0.3170517683029175 
v -0.14013229310512543 -0.17075790464878082 -0.3170517683029175 
v -0.12269187718629837 -0.1836434304714203 -0.3170517683029175 
v -0.10411274433135986 -0.19479091465473175 -0.3170517683029175 
v -0.08451475203037262 -0.2040804922580719 -0.3170517683029175 
v -0.06413763016462326 -0.21139228343963623 -0.3170517683029175 
v -0.04310125485062599 -0.21660642325878143 -0.3170517683029175 
v -0.021645348519086838 -0.219842791557312 -0.3170517683029175 
v -0.000009643200428399723 -0.22086164355278015 -0.3170517683029175 
v 0.02162606082856655 -0.219842791557312 -0.3170517683029175 
v 0.043081969022750854 -0.21660642325878143 -0.3170517683029175 
v 0.06411834806203842 -0.21139228343963623 -0.3170517683029175 
v 0.08455539494752884 -0.2040804922580719 -0.3170517683029175 
v 0.10409345477819443 -0.19479091465473175 -0.3170517683029175 
v 0.12273252755403519 -0.1836434304714203 -0.3170517683029175 
v 0.1401130110025406 -0.17075790464878082 -0.3170517683029175 
v 0.15617497265338898 -0.15619425475597382 -0.3170517683029175 
v 0.17073862254619598 -0.14013229310512543 -0.3170517683029175 
v 0.18362414836883545 -0.12269187718629837 -0.3170517683029175 
v 0.1947716325521469 -0.10411274433135986 -0.3170517683029175 
v 0.20406119525432587 -0.08451475203037262 -0.3170517683029175 
v 0.2113729864358902 -0.06413763016462326 -0.3170517683029175 
v 0.21664707362651825 -0.04310125485062599 -0.3170517683029175 
v 0.21982349455356598 -0.021645348519086838 -0.3170517683029175 
v 0.22090229392051697 -0.000009643200428399723 -0.3170517683029175 
v 0.15797294676303864 0.015572858974337578 -0.32918280363082886 
v 0.15569551289081573 0.03097556345164776 -0.32918280363082886 
v 0.08743216842412949 0.017370840534567833 -0.3341464102268219 
v 0.1518598198890686 0.046078603714704514 -0.32918280363082886 
v 0.0852745920419693 0.02588128298521042 -0.3341464102268219 
v 0.1466456800699234 0.06076211482286453 -0.32918280363082886 
v 0.082337886095047 0.03409206494688988 -0.3341464102268219 
v 0.01101797353476286 0.003346587996929884 -0.3355362117290497 
v 0.010658377781510353 0.004425376653671265 -0.3355362117290497 
v 0.07862205803394318 0.04200318083167076 -0.3341464102268219 
v 0.010178916156291962 0.005444232374429703 -0.3355362117290497 
v 0.01131763681769371 0.0022677993401885033 -0.3355362117290497 
v 0.13999314606189728 0.0748462975025177 -0.32918280363082886 
v 0.07412710785865784 0.04949476569890976 -0.3341464102268219 
v 0.13196216523647308 0.088211290538311 -0.32918280363082886 
v 0.009579588659107685 0.006403155624866486 -0.3355362117290497 
v 0.06891296058893204 0.05656682699918747 -0.3341464102268219 
v 0.008920328691601753 0.007302146404981613 -0.3355362117290497 
v 0.06303955614566803 0.06303955614566803 -0.3341464102268219 
v 0.00814120378345251 0.00814120378345251 -0.3355362117290497 
v 0.05656682699918747 0.06891296058893204 -0.3341464102268219 
v 0.007302146404981613 0.008920328691601753 -0.3355362117290497 
v 0.12267259508371353 0.10067729651927948 -0.32918280363082886 
v 0.11224430054426193 0.11224430054426193 -0.32918280363082886 
v 0.10067729651927948 0.12267259508371353 -0.32918280363082886 
v 0.088211290538311 0.13196216523647308 -0.32918280363082886 
v 0.04949476569890976 0.07412710785865784 -0.3341464102268219 
v 0.0748462975025177 0.13999314606189728 -0.32918280363082886 
v 0.04200318083167076 0.07862205803394318 -0.3341464102268219 
v 0.06076211482286453 0.1466456800699234 -0.32918280363082886 
v 0.03409206494688988 0.082337886095047 -0.3341464102268219 
v 0.005444232374429703 0.010178916156291962 -0.3355362117290497 
v 0.046078603714704514 0.1518598198890686 -0.32918280363082886 
v 0.043081969022750854 0.21664707362651825 -0.3170517683029175 
v 0.006403155624866486 0.009579588659107685 -0.3355362117290497 
v 0.06411834806203842 0.2113729864358902 -0.3170517683029175 
v 0.08455539494752884 0.20406119525432587 -0.3170517683029175 
v 0.10409345477819443 0.1947716325521469 -0.3170517683029175 
v 0.12273252755403519 0.18362414836883545 -0.3170517683029175 
v 0.1401130110025406 0.17073862254619598 -0.3170517683029175 
v 0.15617497265338898 0.15617497265338898 -0.3170517683029175 
v 0.17073862254619598 0.1401130110025406 -0.3170517683029175 
v 0.18362414836883545 0.12273252755403519 -0.3170517683029175 
v 0.1947716325521469 0.10409345477819443 -0.3170517683029175 
v 0.20406119525432587 0.08455539494752884 -0.3170517683029175 
v 0.2113729864358902 0.06411834806203842 -0.3170517683029175 
v 0.21664707362651825 0.043081969022750854 -0.3170517683029175 
v 0.21982349455356598 0.02162606082856655 -0.3170517683029175 
v 0.27616024017333984 -0.000009643200428399723 -0.2941993474960327 
v 0.2748417258262634 -0.027039291337132454 -0.2941993474960327 
v 0.27082622051239014 -0.053889140486717224 -0.2941993474960327 
v 0.2642935514450073 -0.08013966679573059 -0.2941993474960327 
v 0.2551238536834717 -0.1056709960103035 -0.2941993474960327 
v 0.24355684220790863 -0.13018347322940826 -0.2941993474960327 
v 0.22959253191947937 -0.15343736112117767 -0.2941993474960327 
v 0.21347063779830933 -0.1751929223537445 -0.2941993474960327 
v 0.19525109231472015 -0.195270374417305 -0.2941993474960327 
v 0.17517364025115967 -0.21348991990089417 -0.2941993474960327 
v 0.15341806411743164 -0.2296118140220642 -0.2941993474960327 
v 0.13016417622566223 -0.24357613921165466 -0.2941993474960327 
v 0.10571163892745972 -0.2551431357860565 -0.2941993474960327 
v 0.08018030971288681 -0.2642529308795929 -0.2941993474960327 
v 0.05386985465884209 -0.270845502614975 -0.2941993474960327 
v 0.027079937979578972 -0.27486100792884827 -0.2941993474960327 
v 0.2703467607498169 -0.18064680695533752 -0.2570319175720215 
v 0.2513481080532074 -0.20629799365997314 -0.2570319175720215 
v 0.28832659125328064 -0.19263334572315216 -0.2294938564300537 
v 0.06345908343791962 -0.3189115524291992 -0.2570319175720215 
v 0.03187455236911774 -0.32358628511428833 -0.2570319175720215 
v -0.000009643200428399723 -0.2761795222759247 -0.2941993474960327 
v -0.027039291337132454 -0.27486100792884827 -0.2941993474960327 
v -0.053889140486717224 -0.270845502614975 -0.2941993474960327 
v -0.08013966679573059 -0.2642529308795929 -0.2941993474960327 
v -0.1056709960103035 -0.2551431357860565 -0.2941993474960327 
v -0.13018347322940826 -0.24357613921165466 -0.2941993474960327 
v -0.15343736112117767 -0.2296118140220642 -0.2941993474960327 
v -0.1751929223537445 -0.21348991990089417 -0.2941993474960327 
v -0.195270374417305 -0.195270374417305 -0.2941993474960327 
v -0.21348991990089417 -0.1751929223537445 -0.2941993474960327 
v -0.2296118140220642 -0.15343736112117767 -0.2941993474960327 
v -0.24357613921165466 -0.13018347322940826 -0.2941993474960327 
v -0.2551431357860565 -0.1056709960103035 -0.2941993474960327 
v -0.2642529308795929 -0.08013966679573059 -0.2941993474960327 
v -0.270845502614975 -0.053889140486717224 -0.2941993474960327 
v -0.27486100792884827 -0.027039291337132454 -0.2941993474960327 
v 0.06765437871217728 -0.34012770652770996 -0.2294938564300537 
v -0.18064680695533752 -0.27036604285240173 -0.2570319175720215 
v -0.20629799365997314 -0.25136739015579224 -0.2570319175720215 
v -0.19263334572315216 -0.2883458733558655 -0.2294938564300537 
v -0.3189115524291992 -0.0634184405207634 -0.2570319175720215 
v -0.32358628511428833 -0.031893838196992874 -0.2570319175720215 
v -0.2761795222759247 -0.000009643200428399723 -0.2941993474960327 
v -0.27486100792884827 0.027079937979578972 -0.2941993474960327 
v -0.270845502614975 0.05386985465884209 -0.2941993474960327 
v -0.2642529308795929 0.08018030971288681 -0.2941993474960327 
v -0.2551431357860565 0.10571163892745972 -0.2941993474960327 
v -0.24357613921165466 0.13016417622566223 -0.2941993474960327 
v -0.2296118140220642 0.15341806411743164 -0.2941993474960327 
v -0.21348991990089417 0.17517364025115967 -0.2941993474960327 
v -0.195270374417305 0.19525109231472015 -0.2941993474960327 
v -0.1751929223537445 0.21347063779830933 -0.2941993474960327 
v -0.15343736112117767 0.22959253191947937 -0.2941993474960327 
v -0.13018347322940826 0.24355684220790863 -0.2941993474960327 
v -0.1056709960103035 0.2551238536834717 -0.2941993474960327 
v -0.08013966679573059 0.2642935514450073 -0.2941993474960327 
v -0.053889140486717224 0.27082622051239014 -0.2941993474960327 
v -0.027039291337132454 0.2748417258262634 -0.2941993474960327 
v -0.34012770652770996 -0.06767366081476212 -0.2294938564300537 
v -0.27036604285240173 0.1806275099515915 -0.2570319175720215 
v -0.25136739015579224 0.2062787115573883 -0.2570319175720215 
v -0.2883458733558655 0.19267398118972778 -0.2294938564300537 
v -0.0634184405207634 0.318892240524292 -0.2570319175720215 
v -0.031893838196992874 0.3235670030117035 -0.2570319175720215 
v -0.000009643200428399723 0.27616024017333984 -0.2941993474960327 
v 0.027079937979578972 0.2748417258262634 -0.2941993474960327 
v 0.05386985465884209 0.27082622051239014 -0.2941993474960327 
v 0.08018030971288681 0.2642935514450073 -0.2941993474960327 
v 0.10571163892745972 0.2551238536834717 -0.2941993474960327 
v 0.13016417622566223 0.24355684220790863 -0.2941993474960327 
v 0.15341806411743164 0.22959253191947937 -0.2941993474960327 
v 0.17517364025115967 0.21347063779830933 -0.2941993474960327 
v 0.19525109231472015 0.19525109231472015 -0.2941993474960327 
v 0.21347063779830933 0.17517364025115967 -0.2941993474960327 
v 0.22959253191947937 0.15341806411743164 -0.2941993474960327 
v 0.24355684220790863 0.13016417622566223 -0.2941993474960327 
v 0.2551238536834717 0.10571163892745972 -0.2941993474960327 
v 0.2642935514450073 0.08018030971288681 -0.2941993474960327 
v 0.27082622051239014 0.05386985465884209 -0.2941993474960327 
v 0.2748417258262634 0.027079937979578972 -0.2941993474960327 
v 0.32512524724006653 -0.000009643200428399723 -0.2570319175720215 
v -0.06767366081476212 0.3401084244251251 -0.2294938564300537 
v 0.1806275099515915 0.2703467607498169 -0.2570319175720215 
v 0.2062787115573883 0.2513481080532074 -0.2570319175720215 
v 0.19267398118972778 0.28832659125328064 -0.2294938564300537 
v 0.318892240524292 0.06345908343791962 -0.2570319175720215 
v 0.3235670030117035 0.03187455236911774 -0.2570319175720215 
v 0.34676095843315125 -0.000009643200428399723 -0.2294938564300537 
v 0.3235670030117035 -0.031893838196992874 -0.2570319175720215 
v 0.318892240524292 -0.0634184405207634 -0.2570319175720215 
v 0.3450828492641449 -0.033991485834121704 -0.2294938564300537 
v 0.3401084244251251 -0.06767366081476212 -0.2294938564300537 
v 0.3401084244251251 0.06765437871217728 -0.2294938564300537 
v 0.3450828492641449 0.03397219628095627 -0.2294938564300537 
v 0.36839666962623596 -0.000009643200428399723 -0.20197565853595734 
v 0.3665986955165863 -0.036089129745960236 -0.20197565853595734 
v 0.36132460832595825 -0.07186894863843918 -0.20197565853595734 
v 0.3318377137184143 -0.10063664615154266 -0.2294938564300537 
v 0.35251450538635254 -0.10692957788705826 -0.20197565853595734 
v 0.32039058208465576 -0.13270063698291779 -0.2294938564300537 
v 0.34034815430641174 -0.1409713476896286 -0.20197565853595734 
v 0.30582693219184875 -0.1634461134672165 -0.2294938564300537 
v 0.3248855173587799 -0.17363467812538147 -0.20197565853595734 
v 0.306306391954422 -0.20467981696128845 -0.20197565853595734 
v 0.268069326877594 -0.21996265649795532 -0.2294938564300537 
v 0.2847905457019806 -0.23368723690509796 -0.20197565853595734 
v 0.24517503380775452 -0.24519431591033936 -0.2294938564300537 
v 0.26051780581474304 -0.2604771554470062 -0.20197565853595734 
v 0.22000329196453094 -0.2680286765098572 -0.2294938564300537 
v 0.23372788727283478 -0.2847498953342438 -0.20197565853595734 
v 0.19267398118972778 -0.2883458733558655 -0.2294938564300537 
v 0.20466051995754242 -0.30632567405700684 -0.20197565853595734 
v 0.1634867638349533 -0.3058462142944336 -0.2294938564300537 
v 0.1736753284931183 -0.32490479946136475 -0.20197565853595734 
v 0.13268135488033295 -0.32034993171691895 -0.2294938564300537 
v 0.14095206558704376 -0.3403674364089966 -0.20197565853595734 
v 0.10067729651927948 -0.33185699582099915 -0.2294938564300537 
v 0.10691029578447342 -0.3525337874889374 -0.20197565853595734 
v 0.07184966653585434 -0.3613438904285431 -0.20197565853595734 
v 0.03397219628095627 -0.34510213136672974 -0.2294938564300537 
v 0.036129776388406754 -0.36661797761917114 -0.20197565853595734 
v -0.000009643200428399723 -0.3467802405357361 -0.2294938564300537 
v -0.000009643200428399723 -0.3684159517288208 -0.20197565853595734 
v -0.033991485834121704 -0.34510213136672974 -0.2294938564300537 
v -0.036089129745960236 -0.36661797761917114 -0.20197565853595734 
v -0.06767366081476212 -0.34012770652770996 -0.2294938564300537 
v -0.07186894863843918 -0.3613438904285431 -0.20197565853595734 
v -0.10063664615154266 -0.33185699582099915 -0.2294938564300537 
v -0.10692957788705826 -0.3525337874889374 -0.20197565853595734 
v -0.13270063698291779 -0.32034993171691895 -0.2294938564300537 
v -0.1409713476896286 -0.3403674364089966 -0.20197565853595734 
v -0.1634461134672165 -0.3058462142944336 -0.2294938564300537 
v -0.17363467812538147 -0.32490479946136475 -0.20197565853595734 
v -0.20467981696128845 -0.30632567405700684 -0.20197565853595734 
v -0.21996265649795532 -0.2680286765098572 -0.2294938564300537 
v -0.23368723690509796 -0.2847498953342438 -0.20197565853595734 
v -0.24519431591033936 -0.24519431591033936 -0.2294938564300537 
v -0.2604771554470062 -0.2604771554470062 -0.20197565853595734 
v -0.2680286765098572 -0.21996265649795532 -0.2294938564300537 
v -0.2847498953342438 -0.23368723690509796 -0.20197565853595734 
v -0.2883458733558655 -0.19263334572315216 -0.2294938564300537 
v -0.30632567405700684 -0.20467981696128845 -0.20197565853595734 
v -0.3058462142944336 -0.1634461134672165 -0.2294938564300537 
v -0.32490479946136475 -0.17363467812538147 -0.20197565853595734 
v -0.32034993171691895 -0.13270063698291779 -0.2294938564300537 
v -0.3403674364089966 -0.1409713476896286 -0.20197565853595734 
v -0.33185699582099915 -0.10063664615154266 -0.2294938564300537 
v -0.3525337874889374 -0.10692957788705826 -0.20197565853595734 
v -0.3613438904285431 -0.07186894863843918 -0.20197565853595734 
v -0.34510213136672974 -0.033991485834121704 -0.2294938564300537 
v -0.36661797761917114 -0.036089129745960236 -0.20197565853595734 
v -0.3467802405357361 -0.000009643200428399723 -0.2294938564300537 
v -0.3684159517288208 -0.000009643200428399723 -0.20197565853595734 
v -0.34510213136672974 0.03397219628095627 -0.2294938564300537 
v -0.36661797761917114 0.036129776388406754 -0.20197565853595734 
v -0.34012770652770996 0.06765437871217728 -0.2294938564300537 
v -0.3613438904285431 0.07184966653585434 -0.20197565853595734 
v -0.33185699582099915 0.10067729651927948 -0.2294938564300537 
v -0.3525337874889374 0.10691029578447342 -0.20197565853595734 
v -0.32034993171691895 0.13268135488033295 -0.2294938564300537 
v -0.3403674364089966 0.14095206558704376 -0.20197565853595734 
v -0.3058462142944336 0.1634867638349533 -0.2294938564300537 
v -0.32490479946136475 0.1736753284931183 -0.20197565853595734 
v -0.30632567405700684 0.20466051995754242 -0.20197565853595734 
v -0.2680286765098572 0.22000329196453094 -0.2294938564300537 
v -0.2847498953342438 0.23372788727283478 -0.20197565853595734 
v -0.24519431591033936 0.24517503380775452 -0.2294938564300537 
v -0.2604771554470062 0.26051780581474304 -0.20197565853595734 
v -0.21996265649795532 0.268069326877594 -0.2294938564300537 
v -0.23368723690509796 0.2847905457019806 -0.20197565853595734 
v -0.19263334572315216 0.28832659125328064 -0.2294938564300537 
v -0.20467981696128845 0.306306391954422 -0.20197565853595734 
v -0.1634461134672165 0.30582693219184875 -0.2294938564300537 
v -0.17363467812538147 0.3248855173587799 -0.20197565853595734 
v -0.13270063698291779 0.32039058208465576 -0.2294938564300537 
v -0.1409713476896286 0.34034815430641174 -0.20197565853595734 
v -0.10063664615154266 0.3318377137184143 -0.2294938564300537 
v -0.10692957788705826 0.35251450538635254 -0.20197565853595734 
v -0.07186894863843918 0.36132460832595825 -0.20197565853595734 
v -0.033991485834121704 0.3450828492641449 -0.2294938564300537 
v -0.036089129745960236 0.3665986955165863 -0.20197565853595734 
v -0.000009643200428399723 0.34676095843315125 -0.2294938564300537 
v -0.000009643200428399723 0.36839666962623596 -0.20197565853595734 
v 0.03397219628095627 0.3450828492641449 -0.2294938564300537 
v 0.036129776388406754 0.3665986955165863 -0.20197565853595734 
v 0.06765437871217728 0.3401084244251251 -0.2294938564300537 
v 0.07184966653585434 0.36132460832595825 -0.20197565853595734 
v 0.10067729651927948 0.3318377137184143 -0.2294938564300537 
v 0.10691029578447342 0.35251450538635254 -0.20197565853595734 
v 0.13268135488033295 0.32039058208465576 -0.2294938564300537 
v 0.14095206558704376 0.34034815430641174 -0.20197565853595734 
v 0.1634867638349533 0.30582693219184875 -0.2294938564300537 
v 0.1736753284931183 0.3248855173587799 -0.20197565853595734 
v 0.20466051995754242 0.306306391954422 -0.20197565853595734 
v 0.22000329196453094 0.268069326877594 -0.2294938564300537 
v 0.23372788727283478 0.2847905457019806 -0.20197565853595734 
v 0.24517503380775452 0.24517503380775452 -0.2294938564300537 
v 0.26051780581474304 0.26051780581474304 -0.20197565853595734 
v 0.268069326877594 0.22000329196453094 -0.2294938564300537 
v 0.2847905457019806 0.23372788727283478 -0.20197565853595734 
v 0.28832659125328064 0.19267398118972778 -0.2294938564300537 
v 0.306306391954422 0.20466051995754242 -0.20197565853595734 
v 0.30582693219184875 0.1634867638349533 -0.2294938564300537 
v 0.3248855173587799 0.1736753284931183 -0.20197565853595734 
v 0.32039058208465576 0.13268135488033295 -0.2294938564300537 
v 0.34034815430641174 0.14095206558704376 -0.20197565853595734 
v 0.3318377137184143 0.10067729651927948 -0.2294938564300537 
v 0.35251450538635254 0.10691029578447342 -0.20197565853595734 
v 0.36132460832595825 0.07184966653585434 -0.20197565853595734 
v 0.3665986955165863 0.036129776388406754 -0.20197565853595734 
v 0.2703467607498169 0.1806275099515915 -0.2570319175720215 
v 0.2513481080532074 0.2062787115573883 -0.2570319175720215 
v 0.22989219427108765 0.22989219427108765 -0.2570319175720215 
v 0.4143051207065582 -0.000009643200428399723 -0.16599948704242706 
v 0.4368398189544678 -0.000009643200428399723 -0.1646890938282013 
v 0.41226738691329956 -0.040584079921245575 -0.16599948704242706 
v 0.43474215269088745 -0.042801592499017715 -0.1646890938282013 
v 0.4063340723514557 -0.0807989239692688 -0.16599948704242706 
v 0.42844924330711365 -0.08523394167423248 -0.1646890938282013 
v 0.3964451551437378 -0.12023463845252991 -0.16599948704242706 
v 0.41802093386650085 -0.12682723999023438 -0.1646890938282013 
v 0.38272058963775635 -0.15853163599967957 -0.16599948704242706 
v 0.41226738691329956 0.04062472656369209 -0.16599948704242706 
v 0.43474215269088745 0.04284223914146423 -0.1646890938282013 
v 0.42844924330711365 0.08521465957164764 -0.1646890938282013 
v 0.4063340723514557 0.08083956688642502 -0.16599948704242706 
v 0.41802093386650085 0.12680794298648834 -0.1646890938282013 
v 0.3964451551437378 0.12027528882026672 -0.16599948704242706 
v 0.40357714891433716 0.16714265942573547 -0.1646890938282013 
v 0.38272058963775635 0.15851235389709473 -0.16599948704242706 
v 0.38523775339126587 0.20591911673545837 -0.1646890938282013 
v 0.36534008383750916 0.1953110247850418 -0.16599948704242706 
v 0.36318251490592957 0.24271778762340546 -0.1646890938282013 
v 0.34448352456092834 0.23013192415237427 -0.16599948704242706 
v 0.33765119314193726 0.27711915969848633 -0.1646890938282013 
v 0.32027071714401245 0.26279523968696594 -0.16599948704242706 
v 0.3088834881782532 0.3088834881782532 -0.1646890938282013 
v 0.2929413914680481 0.2929413914680481 -0.16599948704242706 
v 0.27711915969848633 0.33765119314193726 -0.1646890938282013 
v 0.26279523968696594 0.32027071714401245 -0.16599948704242706 
v 0.24271778762340546 0.36318251490592957 -0.1646890938282013 
v 0.23013192415237427 0.34448352456092834 -0.16599948704242706 
v 0.20591911673545837 0.38523775339126587 -0.1646890938282013 
v 0.1953110247850418 0.36534008383750916 -0.16599948704242706 
v 0.16714265942573547 0.40357714891433716 -0.1646890938282013 
v 0.15851235389709473 0.38272058963775635 -0.16599948704242706 
v 0.12680794298648834 0.41802093386650085 -0.1646890938282013 
v 0.12027528882026672 0.3964451551437378 -0.16599948704242706 
v 0.08521465957164764 0.42844924330711365 -0.1646890938282013 
v 0.08083956688642502 0.4063340723514557 -0.16599948704242706 
v 0.04284223914146423 0.43474215269088745 -0.1646890938282013 
v 0.04062472656369209 0.41226738691329956 -0.16599948704242706 
v -0.000009643200428399723 0.4368398189544678 -0.1646890938282013 
v -0.000009643200428399723 0.4143051207065582 -0.16599948704242706 
v -0.042801592499017715 0.43474215269088745 -0.1646890938282013 
v -0.040584079921245575 0.41226738691329956 -0.16599948704242706 
v -0.08523394167423248 0.42844924330711365 -0.1646890938282013 
v -0.0807989239692688 0.4063340723514557 -0.16599948704242706 
v -0.12682723999023438 0.41802093386650085 -0.1646890938282013 
v -0.12023463845252991 0.3964451551437378 -0.16599948704242706 
v -0.1671619415283203 0.40357714891433716 -0.1646890938282013 
v -0.15853163599967957 0.38272058963775635 -0.16599948704242706 
v -0.2059383988380432 0.38523775339126587 -0.1646890938282013 
v -0.195270374417305 0.36534008383750916 -0.16599948704242706 
v -0.24267715215682983 0.36318251490592957 -0.1646890938282013 
v -0.2301512062549591 0.34448352456092834 -0.16599948704242706 
v -0.27713844180107117 0.33765119314193726 -0.1646890938282013 
v -0.2628145217895508 0.32027071714401245 -0.16599948704242706 
v -0.308902770280838 0.3088834881782532 -0.1646890938282013 
v -0.29296067357063293 0.2929413914680481 -0.16599948704242706 
v -0.3376704752445221 0.27711915969848633 -0.1646890938282013 
v -0.32023006677627563 0.26279523968696594 -0.16599948704242706 
v -0.3632017970085144 0.24271778762340546 -0.1646890938282013 
v -0.34444287419319153 0.23013192415237427 -0.16599948704242706 
v -0.3852570354938507 0.20591911673545837 -0.1646890938282013 
v -0.3653593957424164 0.1953110247850418 -0.16599948704242706 
v -0.403596431016922 0.16714265942573547 -0.1646890938282013 
v -0.3827398717403412 0.15851235389709473 -0.16599948704242706 
v -0.4180402159690857 0.12680794298648834 -0.1646890938282013 
v -0.396464467048645 0.12027528882026672 -0.16599948704242706 
v -0.42840859293937683 0.08521465957164764 -0.1646890938282013 
v -0.40629342198371887 0.08083956688642502 -0.16599948704242706 
v -0.43470150232315063 0.04284223914146423 -0.1646890938282013 
v -0.4122866988182068 0.04062472656369209 -0.16599948704242706 
v -0.4368591010570526 -0.000009643200428399723 -0.1646890938282013 
v -0.4142644703388214 -0.000009643200428399723 -0.16599948704242706 
v -0.43470150232315063 -0.042801592499017715 -0.1646890938282013 
v -0.4122866988182068 -0.040584079921245575 -0.16599948704242706 
v -0.42840859293937683 -0.08523394167423248 -0.1646890938282013 
v -0.40629342198371887 -0.0807989239692688 -0.16599948704242706 
v -0.4180402159690857 -0.12682723999023438 -0.1646890938282013 
v -0.396464467048645 -0.12023463845252991 -0.16599948704242706 
v -0.403596431016922 -0.1671619415283203 -0.1646890938282013 
v -0.3827398717403412 -0.15853163599967957 -0.16599948704242706 
v -0.3852570354938507 -0.2059383988380432 -0.1646890938282013 
v -0.3653593957424164 -0.195270374417305 -0.16599948704242706 
v -0.3632017970085144 -0.24267715215682983 -0.1646890938282013 
v -0.34444287419319153 -0.2301512062549591 -0.16599948704242706 
v -0.3376704752445221 -0.27713844180107117 -0.1646890938282013 
v -0.32023006677627563 -0.2628145217895508 -0.16599948704242706 
v -0.308902770280838 -0.308902770280838 -0.1646890938282013 
v -0.29296067357063293 -0.29296067357063293 -0.16599948704242706 
v -0.27713844180107117 -0.3376704752445221 -0.1646890938282013 
v -0.2628145217895508 -0.32023006677627563 -0.16599948704242706 
v -0.24267715215682983 -0.3632017970085144 -0.1646890938282013 
v -0.2301512062549591 -0.34444287419319153 -0.16599948704242706 
v -0.2059383988380432 -0.3852570354938507 -0.1646890938282013 
v -0.195270374417305 -0.3653593957424164 -0.16599948704242706 
v -0.1671619415283203 -0.403596431016922 -0.1646890938282013 
v -0.15853163599967957 -0.3827398717403412 -0.16599948704242706 
v -0.12682723999023438 -0.4180402159690857 -0.1646890938282013 
v -0.12023463845252991 -0.396464467048645 -0.16599948704242706 
v -0.08523394167423248 -0.42840859293937683 -0.1646890938282013 
v -0.0807989239692688 -0.40629342198371887 -0.16599948704242706 
v -0.042801592499017715 -0.43470150232315063 -0.1646890938282013 
v -0.040584079921245575 -0.4122866988182068 -0.16599948704242706 
v -0.000009643200428399723 -0.4368591010570526 -0.1646890938282013 
v -0.000009643200428399723 -0.4142644703388214 -0.16599948704242706 
v 0.04284223914146423 -0.43470150232315063 -0.1646890938282013 
v 0.04062472656369209 -0.4122866988182068 -0.16599948704242706 
v 0.08521465957164764 -0.42840859293937683 -0.1646890938282013 
v 0.08083956688642502 -0.40629342198371887 -0.16599948704242706 
v 0.12680794298648834 -0.4180402159690857 -0.1646890938282013 
v 0.12027528882026672 -0.396464467048645 -0.16599948704242706 
v 0.16714265942573547 -0.403596431016922 -0.1646890938282013 
v 0.15851235389709473 -0.3827398717403412 -0.16599948704242706 
v 0.20591911673545837 -0.3852570354938507 -0.1646890938282013 
v 0.1953110247850418 -0.3653593957424164 -0.16599948704242706 
v 0.24271778762340546 -0.3632017970085144 -0.1646890938282013 
v 0.23013192415237427 -0.34444287419319153 -0.16599948704242706 
v 0.27711915969848633 -0.3376704752445221 -0.1646890938282013 
v 0.26279523968696594 -0.32023006677627563 -0.16599948704242706 
v 0.3088834881782532 -0.308902770280838 -0.1646890938282013 
v 0.2929413914680481 -0.29296067357063293 -0.16599948704242706 
v 0.33765119314193726 -0.27713844180107117 -0.1646890938282013 
v 0.32027071714401245 -0.2628145217895508 -0.16599948704242706 
v 0.36318251490592957 -0.24267715215682983 -0.1646890938282013 
v 0.34448352456092834 -0.2301512062549591 -0.16599948704242706 
v 0.38523775339126587 -0.2059383988380432 -0.1646890938282013 
v 0.36534008383750916 -0.195270374417305 -0.16599948704242706 
v 0.40357714891433716 -0.1671619415283203 -0.1646890938282013 
v 0.4436121881008148 -0.1345585584640503 -0.1569657325744629 
v 0.4282694458961487 -0.17741043865680695 -0.1569657325744629 
v 0.4088512361049652 -0.2185242623090744 -0.1569657325744629 
v 0.38541755080223083 -0.2575404644012451 -0.1569657325744629 
v 0.3583279848098755 -0.2940993905067444 -0.1569657325744629 
v 0.3278222382068634 -0.3277815878391266 -0.1569657325744629 
v 0.29408010840415955 -0.3583472669124603 -0.1569657325744629 
v 0.2575211822986603 -0.3854368329048157 -0.1569657325744629 
v 0.21850498020648956 -0.4088105857372284 -0.1569657325744629 
v 0.1773911416530609 -0.4282887279987335 -0.1569657325744629 
v 0.13453926146030426 -0.44363150000572205 -0.1569657325744629 
v 0.09042879939079285 -0.454659104347229 -0.1569657325744629 
v 0.04541934281587601 -0.4613116383552551 -0.1569657325744629 
v -0.000009643200428399723 -0.463589072227478 -0.1569657325744629 
v -0.045438628643751144 -0.4613116383552551 -0.1569657325744629 
v -0.09044808894395828 -0.454659104347229 -0.1569657325744629 
v -0.1345585584640503 -0.44363150000572205 -0.1569657325744629 
v -0.17741043865680695 -0.4282887279987335 -0.1569657325744629 
v -0.2185242623090744 -0.4088105857372284 -0.1569657325744629 
v -0.2575404644012451 -0.3854368329048157 -0.1569657325744629 
v -0.2940993905067444 -0.3583472669124603 -0.1569657325744629 
v -0.3277815878391266 -0.3277815878391266 -0.1569657325744629 
v -0.3583472669124603 -0.2940993905067444 -0.1569657325744629 
v -0.3854368329048157 -0.2575404644012451 -0.1569657325744629 
v -0.4088105857372284 -0.2185242623090744 -0.1569657325744629 
v -0.4282887279987335 -0.17741043865680695 -0.1569657325744629 
v -0.44363150000572205 -0.1345585584640503 -0.1569657325744629 
v -0.454659104347229 -0.09044808894395828 -0.1569657325744629 
v -0.4613116383552551 -0.045438628643751144 -0.1569657325744629 
v -0.463589072227478 -0.000009643200428399723 -0.1569657325744629 
v -0.4613116383552551 0.04541934281587601 -0.1569657325744629 
v -0.454659104347229 0.09042879939079285 -0.1569657325744629 
v -0.44363150000572205 0.13453926146030426 -0.1569657325744629 
v -0.4282887279987335 0.1773911416530609 -0.1569657325744629 
v -0.4088105857372284 0.21850498020648956 -0.1569657325744629 
v -0.3854368329048157 0.2575211822986603 -0.1569657325744629 
v -0.3583472669124603 0.29408010840415955 -0.1569657325744629 
v -0.3277815878391266 0.3278222382068634 -0.1569657325744629 
v -0.2940993905067444 0.3583279848098755 -0.1569657325744629 
v -0.2575404644012451 0.38541755080223083 -0.1569657325744629 
v -0.2185242623090744 0.4088512361049652 -0.1569657325744629 
v -0.17741043865680695 0.4282694458961487 -0.1569657325744629 
v -0.1345585584640503 0.4436121881008148 -0.1569657325744629 
v -0.09044808894395828 0.45463982224464417 -0.1569657325744629 
v -0.045438628643751144 0.46135228872299194 -0.1569657325744629 
v -0.000009643200428399723 0.4635697901248932 -0.1569657325744629 
v 0.04541934281587601 0.46135228872299194 -0.1569657325744629 
v 0.09042879939079285 0.45463982224464417 -0.1569657325744629 
v 0.13453926146030426 0.4436121881008148 -0.1569657325744629 
v 0.1773911416530609 0.4282694458961487 -0.1569657325744629 
v 0.21850498020648956 0.4088512361049652 -0.1569657325744629 
v 0.2575211822986603 0.38541755080223083 -0.1569657325744629 
v 0.29408010840415955 0.3583279848098755 -0.1569657325744629 
v 0.3278222382068634 0.3278222382068634 -0.1569657325744629 
v 0.3583279848098755 0.29408010840415955 -0.1569657325744629 
v 0.38541755080223083 0.2575211822986603 -0.1569657325744629 
v 0.4088512361049652 0.21850498020648956 -0.1569657325744629 
v 0.4282694458961487 0.1773911416530609 -0.1569657325744629 
v 0.4436121881008148 0.13453926146030426 -0.1569657325744629 
v 0.45463982224464417 0.09042879939079285 -0.1569657325744629 
v 0.466206818819046 0.141431525349617 -0.14447730779647827 
v 0.45014485716819763 0.18644098937511444 -0.14447730779647827 
v 0.4297078251838684 0.22965246438980103 -0.14447730779647827 
v 0.4050754904747009 0.2707063555717468 -0.14447730779647827 
v 0.3766074478626251 0.30906328558921814 -0.14447730779647827 
v 0.34448352456092834 0.34448352456092834 -0.14447730779647827 
v 0.30906328558921814 0.3766074478626251 -0.14447730779647827 
v 0.2707063555717468 0.4050754904747009 -0.14447730779647827 
v 0.22965246438980103 0.4297078251838684 -0.14447730779647827 
v 0.18644098937511444 0.45014485716819763 -0.14447730779647827 
v 0.141431525349617 0.466206818819046 -0.14447730779647827 
v 0.0950436219573021 0.4778337776660919 -0.14447730779647827 
v 0.04775672033429146 0.484845906496048 -0.14447730779647827 
v -0.000009643200428399723 0.48718327283859253 -0.14447730779647827 
v -0.047776006162166595 0.484845906496048 -0.14447730779647827 
v -0.09506290405988693 0.4778337776660919 -0.14447730779647827 
v -0.14145082235336304 0.466206818819046 -0.14447730779647827 
v -0.18646027147769928 0.45014485716819763 -0.14447730779647827 
v -0.22967174649238586 0.4297078251838684 -0.14447730779647827 
v -0.27066570520401 0.4050754904747009 -0.14447730779647827 
v -0.309082567691803 0.3766074478626251 -0.14447730779647827 
v -0.3445028066635132 0.34448352456092834 -0.14447730779647827 
v -0.37662672996520996 0.30906328558921814 -0.14447730779647827 
v -0.40509477257728577 0.2707063555717468 -0.14447730779647827 
v -0.4296671748161316 0.22965246438980103 -0.14447730779647827 
v -0.4501042068004608 0.18644098937511444 -0.14447730779647827 
v -0.46622613072395325 0.141431525349617 -0.14447730779647827 
v -0.47785305976867676 0.0950436219573021 -0.14447730779647827 
v -0.4848651885986328 0.04775672033429146 -0.14447730779647827 
v -0.48720255494117737 -0.000009643200428399723 -0.14447730779647827 
v -0.4848651885986328 -0.047776006162166595 -0.14447730779647827 
v -0.47785305976867676 -0.09506290405988693 -0.14447730779647827 
v -0.46622613072395325 -0.14145082235336304 -0.14447730779647827 
v -0.4501042068004608 -0.18646027147769928 -0.14447730779647827 
v -0.4296671748161316 -0.22967174649238586 -0.14447730779647827 
v -0.40509477257728577 -0.27066570520401 -0.14447730779647827 
v -0.37662672996520996 -0.309082567691803 -0.14447730779647827 
v -0.3445028066635132 -0.3445028066635132 -0.14447730779647827 
v -0.309082567691803 -0.37662672996520996 -0.14447730779647827 
v -0.27066570520401 -0.40509477257728577 -0.14447730779647827 
v -0.22967174649238586 -0.4296671748161316 -0.14447730779647827 
v -0.18646027147769928 -0.4501042068004608 -0.14447730779647827 
v -0.14145082235336304 -0.46622613072395325 -0.14447730779647827 
v -0.09506290405988693 -0.47785305976867676 -0.14447730779647827 
v -0.047776006162166595 -0.4848651885986328 -0.14447730779647827 
v -0.000009643200428399723 -0.48720255494117737 -0.14447730779647827 
v 0.04775672033429146 -0.4848651885986328 -0.14447730779647827 
v 0.0950436219573021 -0.47785305976867676 -0.14447730779647827 
v 0.141431525349617 -0.46622613072395325 -0.14447730779647827 
v 0.18644098937511444 -0.4501042068004608 -0.14447730779647827 
v 0.22965246438980103 -0.4296671748161316 -0.14447730779647827 
v 0.2707063555717468 -0.40509477257728577 -0.14447730779647827 
v 0.30906328558921814 -0.37662672996520996 -0.14447730779647827 
v 0.34448352456092834 -0.3445028066635132 -0.14447730779647827 
v 0.3766074478626251 -0.309082567691803 -0.14447730779647827 
v 0.4050754904747009 -0.27066570520401 -0.14447730779647827 
v 0.4297078251838684 -0.22967174649238586 -0.14447730779647827 
v 0.45014485716819763 -0.18646027147769928 -0.14447730779647827 
v 0.466206818819046 -0.14145082235336304 -0.14447730779647827 
v 0.4789125621318817 -0.14528651535511017 -0.12885190546512604 
v 0.4623711407184601 -0.19149461388587952 -0.12885190546512604 
v 0.4413347542285919 -0.2359047532081604 -0.12885190546512604 
v 0.4161030948162079 -0.278037428855896 -0.12885190546512604 
v 0.38685593008995056 -0.3174731433391571 -0.12885190546512604 
v 0.3538929522037506 -0.3538523018360138 -0.12885190546512604 
v 0.31745386123657227 -0.3868752121925354 -0.12885190546512604 
v 0.27801814675331116 -0.4161223769187927 -0.12885190546512604 
v 0.23588547110557556 -0.44135403633117676 -0.12885190546512604 
v 0.19153526425361633 -0.46233049035072327 -0.12885190546512604 
v 0.14526721835136414 -0.4788719117641449 -0.12885190546512604 
v 0.09762072563171387 -0.4908584654331207 -0.12885190546512604 
v 0.04907523840665817 -0.49805039167404175 -0.12885190546512604 
v -0.000009643200428399723 -0.500447690486908 -0.12885190546512604 
v -0.049034591764211655 -0.49805039167404175 -0.12885190546512604 
v -0.0976400151848793 -0.4908584654331207 -0.12885190546512604 
v -0.14528651535511017 -0.4788719117641449 -0.12885190546512604 
v -0.19149461388587952 -0.46233049035072327 -0.12885190546512604 
v -0.2359047532081604 -0.44135403633117676 -0.12885190546512604 
v -0.278037428855896 -0.4161223769187927 -0.12885190546512604 
v -0.3174731433391571 -0.3868752121925354 -0.12885190546512604 
v -0.3538523018360138 -0.3538523018360138 -0.12885190546512604 
v -0.3868752121925354 -0.3174731433391571 -0.12885190546512604 
v -0.4161223769187927 -0.278037428855896 -0.12885190546512604 
v -0.44135403633117676 -0.2359047532081604 -0.12885190546512604 
v -0.46233049035072327 -0.19149461388587952 -0.12885190546512604 
v -0.4788719117641449 -0.14528651535511017 -0.12885190546512604 
v -0.4908584654331207 -0.0976400151848793 -0.12885190546512604 
v -0.49805039167404175 -0.049034591764211655 -0.12885190546512604 
v -0.500447690486908 -0.000009643200428399723 -0.12885190546512604 
v -0.49805039167404175 0.04907523840665817 -0.12885190546512604 
v -0.4908584654331207 0.09762072563171387 -0.12885190546512604 
v -0.4788719117641449 0.14526721835136414 -0.12885190546512604 
v -0.46233049035072327 0.19153526425361633 -0.12885190546512604 
v -0.44135403633117676 0.23588547110557556 -0.12885190546512604 
v -0.4161223769187927 0.27801814675331116 -0.12885190546512604 
v -0.3868752121925354 0.31745386123657227 -0.12885190546512604 
v -0.3538523018360138 0.3538929522037506 -0.12885190546512604 
v -0.3174731433391571 0.38685593008995056 -0.12885190546512604 
v -0.278037428855896 0.4161030948162079 -0.12885190546512604 
v -0.2359047532081604 0.4413347542285919 -0.12885190546512604 
v -0.19149461388587952 0.4623711407184601 -0.12885190546512604 
v -0.14528651535511017 0.4789125621318817 -0.12885190546512604 
v -0.0976400151848793 0.4908391833305359 -0.12885190546512604 
v -0.049034591764211655 0.4980310797691345 -0.12885190546512604 
v -0.000009643200428399723 0.5004283785820007 -0.12885190546512604 
v 0.04907523840665817 0.4980310797691345 -0.12885190546512604 
v 0.09762072563171387 0.4908391833305359 -0.12885190546512604 
v 0.14526721835136414 0.4789125621318817 -0.12885190546512604 
v 0.19153526425361633 0.4623711407184601 -0.12885190546512604 
v 0.23588547110557556 0.4413347542285919 -0.12885190546512604 
v 0.27801814675331116 0.4161030948162079 -0.12885190546512604 
v 0.31745386123657227 0.38685593008995056 -0.12885190546512604 
v 0.3538929522037506 0.3538929522037506 -0.12885190546512604 
v 0.38685593008995056 0.31745386123657227 -0.12885190546512604 
v 0.4161030948162079 0.27801814675331116 -0.12885190546512604 
v 0.4413347542285919 0.23588547110557556 -0.12885190546512604 
v 0.4623711407184601 0.19153526425361633 -0.12885190546512604 
v 0.4789125621318817 0.14526721835136414 -0.12885190546512604 
v 0.4778337776660919 0.0950436219573021 -0.14447730779647827 
v 0.4908391833305359 0.09762072563171387 -0.12885190546512604 
v 0.484845906496048 0.04775672033429146 -0.14447730779647827 
v 0.4980310797691345 0.04907523840665817 -0.12885190546512604 
v 0.5004283785820007 -0.000009643200428399723 -0.12885190546512604 
v 0.48718327283859253 -0.000009643200428399723 -0.14447730779647827 
v 0.484845906496048 -0.047776006162166595 -0.14447730779647827 
v 0.4980310797691345 -0.049034591764211655 -0.12885190546512604 
v 0.4778337776660919 -0.09506290405988693 -0.14447730779647827 
v 0.4908391833305359 -0.0976400151848793 -0.12885190546512604 
v 0.45463982224464417 -0.09044808894395828 -0.1569657325744629 
v 0.46135228872299194 -0.045438628643751144 -0.1569657325744629 
v 0.4635697901248932 -0.000009643200428399723 -0.1569657325744629 
v 0.46135228872299194 0.04541934281587601 -0.1569657325744629 
v 0.49946948885917664 -0.1515195071697235 -0.12376917153596878 
v 0.4908391833305359 -0.0976400151848793 -0.12885190546512604 
v 0.5119354724884033 -0.10183530300855637 -0.12376917153596878 
v 0.4980310797691345 -0.049034591764211655 -0.12885190546512604 
v 0.4789125621318817 -0.14528651535511017 -0.12885190546512604 
v 0.48220884799957275 -0.19976533949375153 -0.12376917153596878 
v 0.4623711407184601 -0.19149461388587952 -0.12885190546512604 
v 0.4603334367275238 -0.24603337049484253 -0.12376917153596878 
v 0.4413347542285919 -0.2359047532081604 -0.12885190546512604 
v 0.43396303057670593 -0.28996405005455017 -0.12376917153596878 
v 0.4161030948162079 -0.278037428855896 -0.12885190546512604 
v 0.40345728397369385 -0.3311378061771393 -0.12376917153596878 
v 0.38685593008995056 -0.3174731433391571 -0.12885190546512604 
v 0.36905592679977417 -0.369075208902359 -0.12376917153596878 
v 0.3538929522037506 -0.3538523018360138 -0.12885190546512604 
v 0.33111852407455444 -0.4034765660762787 -0.12376917153596878 
v 0.31745386123657227 -0.3868752121925354 -0.12885190546512604 
v 0.290004700422287 -0.43398231267929077 -0.12376917153596878 
v 0.27801814675331116 -0.4161223769187927 -0.12885190546512604 
v 0.24607402086257935 -0.46035271883010864 -0.12376917153596878 
v 0.23588547110557556 -0.44135403633117676 -0.12885190546512604 
v 0.1997460424900055 -0.48222815990448 -0.12376917153596878 
v 0.19153526425361633 -0.46233049035072327 -0.12885190546512604 
v 0.15150022506713867 -0.4994887709617615 -0.12376917153596878 
v 0.14526721835136414 -0.4788719117641449 -0.12885190546512604 
v 0.10181601345539093 -0.5119547843933105 -0.12376917153596878 
v 0.09762072563171387 -0.4908584654331207 -0.12885190546512604 
v 0.051172882318496704 -0.5194463729858398 -0.12376917153596878 
v 0.04907523840665817 -0.49805039167404175 -0.12885190546512604 
v -0.000009643200428399723 -0.5219635367393494 -0.12376917153596878 
v -0.000009643200428399723 -0.500447690486908 -0.12885190546512604 
v -0.051132235676050186 -0.5194463729858398 -0.12376917153596878 
v -0.049034591764211655 -0.49805039167404175 -0.12885190546512604 
v -0.10183530300855637 -0.5119547843933105 -0.12376917153596878 
v -0.0976400151848793 -0.4908584654331207 -0.12885190546512604 
v -0.1515195071697235 -0.4994887709617615 -0.12376917153596878 
v -0.14528651535511017 -0.4788719117641449 -0.12885190546512604 
v -0.19976533949375153 -0.48222815990448 -0.12376917153596878 
v -0.19149461388587952 -0.46233049035072327 -0.12885190546512604 
v -0.24603337049484253 -0.46035271883010864 -0.12376917153596878 
v -0.2359047532081604 -0.44135403633117676 -0.12885190546512604 
v -0.28996405005455017 -0.43398231267929077 -0.12376917153596878 
v -0.278037428855896 -0.4161223769187927 -0.12885190546512604 
v -0.3311378061771393 -0.4034765660762787 -0.12376917153596878 
v -0.3174731433391571 -0.3868752121925354 -0.12885190546512604 
v -0.369075208902359 -0.369075208902359 -0.12376917153596878 
v -0.3538523018360138 -0.3538523018360138 -0.12885190546512604 
v -0.4034765660762787 -0.3311378061771393 -0.12376917153596878 
v -0.3868752121925354 -0.3174731433391571 -0.12885190546512604 
v -0.43398231267929077 -0.28996405005455017 -0.12376917153596878 
v -0.4161223769187927 -0.278037428855896 -0.12885190546512604 
v -0.46035271883010864 -0.24603337049484253 -0.12376917153596878 
v -0.44135403633117676 -0.2359047532081604 -0.12885190546512604 
v -0.48222815990448 -0.19976533949375153 -0.12376917153596878 
v -0.46233049035072327 -0.19149461388587952 -0.12885190546512604 
v -0.4994887709617615 -0.1515195071697235 -0.12376917153596878 
v -0.4788719117641449 -0.14528651535511017 -0.12885190546512604 
v -0.5119547843933105 -0.10183530300855637 -0.12376917153596878 
v -0.4908584654331207 -0.0976400151848793 -0.12885190546512604 
v -0.5194463729858398 -0.051132235676050186 -0.12376917153596878 
v -0.49805039167404175 -0.049034591764211655 -0.12885190546512604 
v -0.5219635367393494 -0.000009643200428399723 -0.12376917153596878 
v -0.500447690486908 -0.000009643200428399723 -0.12885190546512604 
v -0.5194463729858398 0.051172882318496704 -0.12376917153596878 
v -0.49805039167404175 0.04907523840665817 -0.12885190546512604 
v -0.5119547843933105 0.10181601345539093 -0.12376917153596878 
v -0.4908584654331207 0.09762072563171387 -0.12885190546512604 
v -0.4994887709617615 0.15150022506713867 -0.12376917153596878 
v -0.4788719117641449 0.14526721835136414 -0.12885190546512604 
v -0.48222815990448 0.1997460424900055 -0.12376917153596878 
v -0.46233049035072327 0.19153526425361633 -0.12885190546512604 
v -0.46035271883010864 0.24607402086257935 -0.12376917153596878 
v -0.44135403633117676 0.23588547110557556 -0.12885190546512604 
v -0.43398231267929077 0.290004700422287 -0.12376917153596878 
v -0.4161223769187927 0.27801814675331116 -0.12885190546512604 
v -0.4034765660762787 0.33111852407455444 -0.12376917153596878 
v -0.3868752121925354 0.31745386123657227 -0.12885190546512604 
v -0.369075208902359 0.36905592679977417 -0.12376917153596878 
v -0.3538523018360138 0.3538929522037506 -0.12885190546512604 
v -0.3311378061771393 0.40345728397369385 -0.12376917153596878 
v -0.3174731433391571 0.38685593008995056 -0.12885190546512604 
v -0.28996405005455017 0.43396303057670593 -0.12376917153596878 
v -0.278037428855896 0.4161030948162079 -0.12885190546512604 
v -0.24603337049484253 0.4603334367275238 -0.12376917153596878 
v -0.2359047532081604 0.4413347542285919 -0.12885190546512604 
v -0.19976533949375153 0.48220884799957275 -0.12376917153596878 
v -0.19149461388587952 0.4623711407184601 -0.12885190546512604 
v -0.1515195071697235 0.49946948885917664 -0.12376917153596878 
v -0.14528651535511017 0.4789125621318817 -0.12885190546512604 
v -0.10183530300855637 0.5119354724884033 -0.12376917153596878 
v -0.0976400151848793 0.4908391833305359 -0.12885190546512604 
v -0.051132235676050186 0.5194270610809326 -0.12376917153596878 
v -0.049034591764211655 0.4980310797691345 -0.12885190546512604 
v -0.000009643200428399723 0.5219442248344421 -0.12376917153596878 
v -0.000009643200428399723 0.5004283785820007 -0.12885190546512604 
v 0.051172882318496704 0.5194270610809326 -0.12376917153596878 
v 0.04907523840665817 0.4980310797691345 -0.12885190546512604 
v 0.10181601345539093 0.5119354724884033 -0.12376917153596878 
v 0.09762072563171387 0.4908391833305359 -0.12885190546512604 
v 0.15150022506713867 0.49946948885917664 -0.12376917153596878 
v 0.14526721835136414 0.4789125621318817 -0.12885190546512604 
v 0.1997460424900055 0.48220884799957275 -0.12376917153596878 
v 0.19153526425361633 0.4623711407184601 -0.12885190546512604 
v 0.24607402086257935 0.4603334367275238 -0.12376917153596878 
v 0.23588547110557556 0.4413347542285919 -0.12885190546512604 
v 0.290004700422287 0.43396303057670593 -0.12376917153596878 
v 0.27801814675331116 0.4161030948162079 -0.12885190546512604 
v 0.33111852407455444 0.40345728397369385 -0.12376917153596878 
v 0.31745386123657227 0.38685593008995056 -0.12885190546512604 
v 0.36905592679977417 0.36905592679977417 -0.12376917153596878 
v 0.3538929522037506 0.3538929522037506 -0.12885190546512604 
v 0.40345728397369385 0.33111852407455444 -0.12376917153596878 
v 0.38685593008995056 0.31745386123657227 -0.12885190546512604 
v 0.43396303057670593 0.290004700422287 -0.12376917153596878 
v 0.4161030948162079 0.27801814675331116 -0.12885190546512604 
v 0.4603334367275238 0.24607402086257935 -0.12376917153596878 
v 0.4413347542285919 0.23588547110557556 -0.12885190546512604 
v 0.48220884799957275 0.1997460424900055 -0.12376917153596878 
v 0.4623711407184601 0.19153526425361633 -0.12885190546512604 
v 0.49946948885917664 0.15150022506713867 -0.12376917153596878 
v 0.4789125621318817 0.14526721835136414 -0.12885190546512604 
v 0.5119354724884033 0.10181601345539093 -0.12376917153596878 
v 0.4908391833305359 0.09762072563171387 -0.12885190546512604 
v 0.5194270610809326 0.051172882318496704 -0.12376917153596878 
v 0.4980310797691345 0.04907523840665817 -0.12885190546512604 
v 0.5004283785820007 -0.000009643200428399723 -0.12885190546512604 
v 0.5219442248344421 -0.000009643200428399723 -0.12376917153596878 
v 0.5477153062820435 0.05392978712916374 -0.11120133846998215 
v 0.5398041605949402 0.10738975554704666 -0.11120133846998215 
v 0.5266789197921753 0.1597709357738495 -0.11120133846998215 
v 0.5085192918777466 0.21059386432170868 -0.11120133846998215 
v 0.48538529872894287 0.25943902134895325 -0.11120133846998215 
v 0.45763644576072693 0.3057669997215271 -0.11120133846998215 
v 0.4254525899887085 0.34915825724601746 -0.11120133846998215 
v 0.3891932964324951 0.3891932964324951 -0.11120133846998215 
v 0.34915825724601746 0.4254525899887085 -0.11120133846998215 
v 0.3057669997215271 0.45763644576072693 -0.11120133846998215 
v 0.25943902134895325 0.48538529872894287 -0.11120133846998215 
v 0.21059386432170868 0.5085192918777466 -0.11120133846998215 
v 0.1597709357738495 0.5266789197921753 -0.11120133846998215 
v 0.10738975554704666 0.5398041605949402 -0.11120133846998215 
v 0.05392978712916374 0.5477153062820435 -0.11120133846998215 
v -0.000009643200428399723 0.5504122972488403 -0.11120133846998215 
v -0.05394907295703888 0.5477153062820435 -0.11120133846998215 
v -0.10734910517930984 0.5398041605949402 -0.11120133846998215 
v -0.15979021787643433 0.5266789197921753 -0.11120133846998215 
v -0.21061314642429352 0.5085192918777466 -0.11120133846998215 
v -0.2594583034515381 0.48538529872894287 -0.11120133846998215 
v -0.30578628182411194 0.45763644576072693 -0.11120133846998215 
v -0.3491775393486023 0.4254525899887085 -0.11120133846998215 
v -0.3891526758670807 0.3891932964324951 -0.11120133846998215 
v -0.42547187209129333 0.34915825724601746 -0.11120133846998215 
v -0.45765572786331177 0.3057669997215271 -0.11120133846998215 
v -0.4854045808315277 0.25943902134895325 -0.11120133846998215 
v -0.5084786415100098 0.21059386432170868 -0.11120133846998215 
v -0.5266982316970825 0.1597709357738495 -0.11120133846998215 
v -0.5398234724998474 0.10738975554704666 -0.11120133846998215 
v -0.5477346181869507 0.05392978712916374 -0.11120133846998215 
v -0.5503716468811035 -0.000009643200428399723 -0.11120133846998215 
v -0.5477346181869507 -0.05394907295703888 -0.11120133846998215 
v -0.5398234724998474 -0.10734910517930984 -0.11120133846998215 
v -0.5266982316970825 -0.15979021787643433 -0.11120133846998215 
v -0.5084786415100098 -0.21061314642429352 -0.11120133846998215 
v -0.4854045808315277 -0.2594583034515381 -0.11120133846998215 
v -0.45765572786331177 -0.30578628182411194 -0.11120133846998215 
v -0.42547187209129333 -0.3491775393486023 -0.11120133846998215 
v -0.3891526758670807 -0.3891526758670807 -0.11120133846998215 
v -0.3491775393486023 -0.42547187209129333 -0.11120133846998215 
v -0.30578628182411194 -0.45765572786331177 -0.11120133846998215 
v -0.2594583034515381 -0.4854045808315277 -0.11120133846998215 
v -0.21061314642429352 -0.5084786415100098 -0.11120133846998215 
v -0.15979021787643433 -0.5266982316970825 -0.11120133846998215 
v -0.10734910517930984 -0.5398234724998474 -0.11120133846998215 
v -0.05394907295703888 -0.5477346181869507 -0.11120133846998215 
v -0.000009643200428399723 -0.5503716468811035 -0.11120133846998215 
v 0.05392978712916374 -0.5477346181869507 -0.11120133846998215 
v 0.10738975554704666 -0.5398234724998474 -0.11120133846998215 
v 0.1597709357738495 -0.5266982316970825 -0.11120133846998215 
v 0.21059386432170868 -0.5084786415100098 -0.11120133846998215 
v 0.25943902134895325 -0.4854045808315277 -0.11120133846998215 
v 0.3057669997215271 -0.45765572786331177 -0.11120133846998215 
v 0.34915825724601746 -0.42547187209129333 -0.11120133846998215 
v 0.3891932964324951 -0.3891526758670807 -0.11120133846998215 
v 0.4254525899887085 -0.3491775393486023 -0.11120133846998215 
v 0.45763644576072693 -0.30578628182411194 -0.11120133846998215 
v 0.48538529872894287 -0.2594583034515381 -0.11120133846998215 
v 0.5085192918777466 -0.21061314642429352 -0.11120133846998215 
v 0.5266789197921753 -0.15979021787643433 -0.11120133846998215 
v 0.5398041605949402 -0.10734910517930984 -0.11120133846998215 
v 0.5194270610809326 -0.051132235676050186 -0.12376917153596878 
v 0.5477153062820435 -0.05394907295703888 -0.11120133846998215 
v 0.5504122972488403 -0.000009643200428399723 -0.11120133846998215 
v 0.5734264254570007 0.05644696205854416 -0.09615170210599899 
v 0.5650957822799683 0.1124241054058075 -0.09615170210599899 
v 0.5513712167739868 0.16726252436637878 -0.09615170210599899 
v 0.5323125720024109 0.22048276662826538 -0.09615170210599899 
v 0.5081596970558167 0.27160534262657166 -0.09615170210599899 
v 0.4790923595428467 0.3200909197330475 -0.09615170210599899 
v 0.44541019201278687 0.3655198812484741 -0.09615170210599899 
v 0.4074128568172455 0.4074128568172455 -0.09615170210599899 
v 0.3655198812484741 0.44541019201278687 -0.09615170210599899 
v 0.3200909197330475 0.4790923595428467 -0.09615170210599899 
v 0.27160534262657166 0.5081596970558167 -0.09615170210599899 
v 0.22048276662826538 0.5323125720024109 -0.09615170210599899 
v 0.16726252436637878 0.5513712167739868 -0.09615170210599899 
v 0.1124241054058075 0.5650957822799683 -0.09615170210599899 
v 0.05644696205854416 0.5734264254570007 -0.09615170210599899 
v -0.000009643200428399723 0.5761833190917969 -0.09615170210599899 
v -0.056466247886419296 0.5734264254570007 -0.09615170210599899 
v -0.11238345503807068 0.5650957822799683 -0.09615170210599899 
v -0.16728180646896362 0.5513712167739868 -0.09615170210599899 
v -0.22050204873085022 0.5323125720024109 -0.09615170210599899 
v -0.2716246247291565 0.5081596970558167 -0.09615170210599899 
v -0.3201102018356323 0.4790923595428467 -0.09615170210599899 
v -0.36553919315338135 0.44541019201278687 -0.09615170210599899 
v -0.4074321389198303 0.4074128568172455 -0.09615170210599899 
v -0.44536954164505005 0.3655198812484741 -0.09615170210599899 
v -0.47905170917510986 0.3200909197330475 -0.09615170210599899 
v -0.5081190466880798 0.27160534262657166 -0.09615170210599899 
v -0.5323318839073181 0.22048276662826538 -0.09615170210599899 
v -0.5513904690742493 0.16726252436637878 -0.09615170210599899 
v -0.5651150941848755 0.1124241054058075 -0.09615170210599899 
v -0.5733857750892639 0.05644696205854416 -0.09615170210599899 
v -0.5762026309967041 -0.000009643200428399723 -0.09615170210599899 
v -0.5733857750892639 -0.056466247886419296 -0.09615170210599899 
v -0.5651150941848755 -0.11238345503807068 -0.09615170210599899 
v -0.5513904690742493 -0.16728180646896362 -0.09615170210599899 
v -0.5323318839073181 -0.22050204873085022 -0.09615170210599899 
v -0.5081190466880798 -0.2716246247291565 -0.09615170210599899 
v -0.47905170917510986 -0.3201102018356323 -0.09615170210599899 
v -0.44536954164505005 -0.36553919315338135 -0.09615170210599899 
v -0.4074321389198303 -0.4074321389198303 -0.09615170210599899 
v -0.36553919315338135 -0.44536954164505005 -0.09615170210599899 
v -0.3201102018356323 -0.47905170917510986 -0.09615170210599899 
v -0.2716246247291565 -0.5081190466880798 -0.09615170210599899 
v -0.22050204873085022 -0.5323318839073181 -0.09615170210599899 
v -0.16728180646896362 -0.5513904690742493 -0.09615170210599899 
v -0.11238345503807068 -0.5651150941848755 -0.09615170210599899 
v -0.056466247886419296 -0.5733857750892639 -0.09615170210599899 
v -0.000009643200428399723 -0.5762026309967041 -0.09615170210599899 
v 0.05644696205854416 -0.5733857750892639 -0.09615170210599899 
v 0.1124241054058075 -0.5651150941848755 -0.09615170210599899 
v 0.16726252436637878 -0.5513904690742493 -0.09615170210599899 
v 0.22048276662826538 -0.5323318839073181 -0.09615170210599899 
v 0.27160534262657166 -0.5081190466880798 -0.09615170210599899 
v 0.3200909197330475 -0.47905170917510986 -0.09615170210599899 
v 0.3655198812484741 -0.44536954164505005 -0.09615170210599899 
v 0.4074128568172455 -0.4074321389198303 -0.09615170210599899 
v 0.44541019201278687 -0.36553919315338135 -0.09615170210599899 
v 0.4790923595428467 -0.3201102018356323 -0.09615170210599899 
v 0.5081596970558167 -0.2716246247291565 -0.09615170210599899 
v 0.5323125720024109 -0.22050204873085022 -0.09615170210599899 
v 0.5513712167739868 -0.16728180646896362 -0.09615170210599899 
v 0.5650957822799683 -0.11238345503807068 -0.09615170210599899 
v 0.5734264254570007 -0.056466247886419296 -0.09615170210599899 
v 0.5761833190917969 -0.000009643200428399723 -0.09615170210599899 
v 0.5897880792617798 -0.000009643200428399723 -0.08364342898130417 
v 0.5869712233543396 -0.05778476595878601 -0.08364342898130417 
v 0.5784607529640198 -0.11508042365312576 -0.08364342898130417 
v 0.5643765926361084 -0.17123736441135406 -0.08364342898130417 
v 0.5448984503746033 -0.22571618854999542 -0.08364342898130417 
v 0.5201462507247925 -0.278037428855896 -0.08364342898130417 
v 0.4904196262359619 -0.3276617228984833 -0.08364342898130417 
v 0.4558984041213989 -0.3741694986820221 -0.08364342898130417 
v 0.41706201434135437 -0.4170812964439392 -0.08364342898130417 
v 0.37415021657943726 -0.45591768622398376 -0.08364342898130417 
v 0.3277023732662201 -0.4903790056705475 -0.08364342898130417 
v 0.27801814675331116 -0.5201655626296997 -0.08364342898130417 
v 0.22569690644741058 -0.5449177622795105 -0.08364342898130417 
v 0.17121808230876923 -0.5643959045410156 -0.08364342898130417 
v 0.11506114155054092 -0.578480064868927 -0.08364342898130417 
v 0.05782541260123253 -0.5869305729866028 -0.08364342898130417 
v -0.000009643200428399723 -0.5898073315620422 -0.08364342898130417 
v -0.05778476595878601 -0.5869305729866028 -0.08364342898130417 
v -0.11508042365312576 -0.578480064868927 -0.08364342898130417 
v -0.17123736441135406 -0.5643959045410156 -0.08364342898130417 
v -0.22571618854999542 -0.5449177622795105 -0.08364342898130417 
v -0.278037428855896 -0.5201655626296997 -0.08364342898130417 
v -0.3276617228984833 -0.4903790056705475 -0.08364342898130417 
v -0.3741694986820221 -0.45591768622398376 -0.08364342898130417 
v -0.4170812964439392 -0.4170812964439392 -0.08364342898130417 
v -0.45591768622398376 -0.3741694986820221 -0.08364342898130417 
v -0.4903790056705475 -0.3276617228984833 -0.08364342898130417 
v -0.5201655626296997 -0.278037428855896 -0.08364342898130417 
v -0.5449177622795105 -0.22571618854999542 -0.08364342898130417 
v -0.5643959045410156 -0.17123736441135406 -0.08364342898130417 
v -0.578480064868927 -0.11508042365312576 -0.08364342898130417 
v -0.5869305729866028 -0.05778476595878601 -0.08364342898130417 
v -0.5898073315620422 -0.000009643200428399723 -0.08364342898130417 
v -0.5869305729866028 0.05782541260123253 -0.08364342898130417 
v -0.578480064868927 0.11506114155054092 -0.08364342898130417 
v -0.5643959045410156 0.17121808230876923 -0.08364342898130417 
v -0.5449177622795105 0.22569690644741058 -0.08364342898130417 
v -0.5201655626296997 0.27801814675331116 -0.08364342898130417 
v -0.4903790056705475 0.3277023732662201 -0.08364342898130417 
v -0.45591768622398376 0.37415021657943726 -0.08364342898130417 
v -0.4170812964439392 0.41706201434135437 -0.08364342898130417 
v -0.3741694986820221 0.4558984041213989 -0.08364342898130417 
v -0.3276617228984833 0.4904196262359619 -0.08364342898130417 
v -0.278037428855896 0.5201462507247925 -0.08364342898130417 
v -0.22571618854999542 0.5448984503746033 -0.08364342898130417 
v -0.17123736441135406 0.5643765926361084 -0.08364342898130417 
v -0.11508042365312576 0.5784607529640198 -0.08364342898130417 
v -0.05778476595878601 0.5869712233543396 -0.08364342898130417 
v -0.000009643200428399723 0.5897880792617798 -0.08364342898130417 
v 0.05782541260123253 0.5869712233543396 -0.08364342898130417 
v 0.11506114155054092 0.5784607529640198 -0.08364342898130417 
v 0.17121808230876923 0.5643765926361084 -0.08364342898130417 
v 0.22569690644741058 0.5448984503746033 -0.08364342898130417 
v 0.27801814675331116 0.5201462507247925 -0.08364342898130417 
v 0.3277023732662201 0.4904196262359619 -0.08364342898130417 
v 0.37415021657943726 0.4558984041213989 -0.08364342898130417 
v 0.41706201434135437 0.41706201434135437 -0.08364342898130417 
v 0.4558984041213989 0.37415021657943726 -0.08364342898130417 
v 0.4904196262359619 0.3277023732662201 -0.08364342898130417 
v 0.5201462507247925 0.27801814675331116 -0.08364342898130417 
v 0.5448984503746033 0.22569690644741058 -0.08364342898130417 
v 0.5643765926361084 0.17121808230876923 -0.08364342898130417 
v 0.5784607529640198 0.11506114155054092 -0.08364342898130417 
v 0.5869712233543396 0.05782541260123253 -0.08364342898130417 
v 0.5897880792617798 -0.000009643200428399723 -0.08364342898130417 
v 0.5869712233543396 -0.05778476595878601 -0.08364342898130417 
v 0.6397119760513306 -0.000009643200428399723 -0.07865997403860092 
v 0.6365954875946045 -0.06269925087690353 -0.07865997403860092 
v 0.5784607529640198 -0.11508042365312576 -0.08364342898130417 
v 0.6274257898330688 -0.1247895210981369 -0.07865997403860092 
v 0.5643765926361084 -0.17123736441135406 -0.08364342898130417 
v 0.6121429800987244 -0.18568114936351776 -0.07865997403860092 
v 0.5448984503746033 -0.22571618854999542 -0.08364342898130417 
v 0.5869712233543396 0.05782541260123253 -0.08364342898130417 
v 0.6365954875946045 0.0626799613237381 -0.07865997403860092 
v 0.6274257898330688 0.12477023899555206 -0.07865997403860092 
v 0.5784607529640198 0.11506114155054092 -0.08364342898130417 
v 0.6121429800987244 0.18572179973125458 -0.07865997403860092 
v 0.5643765926361084 0.17121808230876923 -0.08364342898130417 
v 0.5909867286682129 0.24481543898582458 -0.07865997403860092 
v 0.5448984503746033 0.22569690644741058 -0.08364342898130417 
v 0.564196765422821 0.30157169699668884 -0.07865997403860092 
v 0.5201462507247925 0.27801814675331116 -0.08364342898130417 
v 0.5318930745124817 0.355391263961792 -0.07865997403860092 
v 0.4904196262359619 0.3277023732662201 -0.08364342898130417 
v 0.49449506402015686 0.4057946801185608 -0.07865997403860092 
v 0.4558984041213989 0.37415021657943726 -0.08364342898130417 
v 0.45236238837242126 0.45236238837242126 -0.07865997403860092 
v 0.41706201434135437 0.41706201434135437 -0.08364342898130417 
v 0.4057946801185608 0.49449506402015686 -0.07865997403860092 
v 0.37415021657943726 0.4558984041213989 -0.08364342898130417 
v 0.355391263961792 0.5318930745124817 -0.07865997403860092 
v 0.3277023732662201 0.4904196262359619 -0.08364342898130417 
v 0.30157169699668884 0.564196765422821 -0.07865997403860092 
v 0.27801814675331116 0.5201462507247925 -0.08364342898130417 
v 0.24481543898582458 0.5909867286682129 -0.07865997403860092 
v 0.22569690644741058 0.5448984503746033 -0.08364342898130417 
v 0.18572179973125458 0.6121429800987244 -0.07865997403860092 
v 0.17121808230876923 0.5643765926361084 -0.08364342898130417 
v 0.12477023899555206 0.6274257898330688 -0.07865997403860092 
v 0.11506114155054092 0.5784607529640198 -0.08364342898130417 
v 0.0626799613237381 0.6365954875946045 -0.07865997403860092 
v 0.05782541260123253 0.5869712233543396 -0.08364342898130417 
v -0.000009643200428399723 0.6397119760513306 -0.07865997403860092 
v -0.000009643200428399723 0.5897880792617798 -0.08364342898130417 
v -0.06269925087690353 0.6365954875946045 -0.07865997403860092 
v -0.05778476595878601 0.5869712233543396 -0.08364342898130417 
v -0.1247895210981369 0.6274257898330688 -0.07865997403860092 
v -0.11508042365312576 0.5784607529640198 -0.08364342898130417 
v -0.18568114936351776 0.6121429800987244 -0.07865997403860092 
v -0.17123736441135406 0.5643765926361084 -0.08364342898130417 
v -0.24477478861808777 0.5909867286682129 -0.07865997403860092 
v -0.22571618854999542 0.5448984503746033 -0.08364342898130417 
v -0.301531046628952 0.564196765422821 -0.07865997403860092 
v -0.278037428855896 0.5201462507247925 -0.08364342898130417 
v -0.35541054606437683 0.5318930745124817 -0.07865997403860092 
v -0.3276617228984833 0.4904196262359619 -0.08364342898130417 
v -0.40581396222114563 0.49449506402015686 -0.07865997403860092 
v -0.3741694986820221 0.4558984041213989 -0.08364342898130417 
v -0.45232173800468445 0.45236238837242126 -0.07865997403860092 
v -0.4170812964439392 0.41706201434135437 -0.08364342898130417 
v -0.4945143461227417 0.4057946801185608 -0.07865997403860092 
v -0.45591768622398376 0.37415021657943726 -0.08364342898130417 
v -0.5319123268127441 0.355391263961792 -0.07865997403860092 
v -0.4903790056705475 0.3277023732662201 -0.08364342898130417 
v -0.564156174659729 0.30157169699668884 -0.07865997403860092 
v -0.5201655626296997 0.27801814675331116 -0.08364342898130417 
v -0.5910059809684753 0.24481543898582458 -0.07865997403860092 
v -0.5449177622795105 0.22569690644741058 -0.08364342898130417 
v -0.6121622323989868 0.18572179973125458 -0.07865997403860092 
v -0.5643959045410156 0.17121808230876923 -0.08364342898130417 
v -0.627385139465332 0.12477023899555206 -0.07865997403860092 
v -0.578480064868927 0.11506114155054092 -0.08364342898130417 
v -0.6366147994995117 0.0626799613237381 -0.07865997403860092 
v -0.5869305729866028 0.05782541260123253 -0.08364342898130417 
v -0.6397312879562378 -0.000009643200428399723 -0.07865997403860092 
v -0.5898073315620422 -0.000009643200428399723 -0.08364342898130417 
v -0.6366147994995117 -0.06269925087690353 -0.07865997403860092 
v -0.5869305729866028 -0.05778476595878601 -0.08364342898130417 
v -0.627385139465332 -0.1247895210981369 -0.07865997403860092 
v -0.578480064868927 -0.11508042365312576 -0.08364342898130417 
v -0.6121622323989868 -0.18568114936351776 -0.07865997403860092 
v -0.5643959045410156 -0.17123736441135406 -0.08364342898130417 
v -0.5910059809684753 -0.24477478861808777 -0.07865997403860092 
v -0.5449177622795105 -0.22571618854999542 -0.08364342898130417 
v -0.564156174659729 -0.301531046628952 -0.07865997403860092 
v -0.5201655626296997 -0.278037428855896 -0.08364342898130417 
v -0.5319123268127441 -0.35541054606437683 -0.07865997403860092 
v -0.4903790056705475 -0.3276617228984833 -0.08364342898130417 
v -0.4945143461227417 -0.40581396222114563 -0.07865997403860092 
v -0.45591768622398376 -0.3741694986820221 -0.08364342898130417 
v -0.45232173800468445 -0.45232173800468445 -0.07865997403860092 
v -0.4170812964439392 -0.4170812964439392 -0.08364342898130417 
v -0.40581396222114563 -0.4945143461227417 -0.07865997403860092 
v -0.3741694986820221 -0.45591768622398376 -0.08364342898130417 
v -0.35541054606437683 -0.5319123268127441 -0.07865997403860092 
v -0.3276617228984833 -0.4903790056705475 -0.08364342898130417 
v -0.301531046628952 -0.564156174659729 -0.07865997403860092 
v -0.278037428855896 -0.5201655626296997 -0.08364342898130417 
v -0.24477478861808777 -0.5910059809684753 -0.07865997403860092 
v -0.22571618854999542 -0.5449177622795105 -0.08364342898130417 
v -0.18568114936351776 -0.6121622323989868 -0.07865997403860092 
v -0.17123736441135406 -0.5643959045410156 -0.08364342898130417 
v -0.1247895210981369 -0.627385139465332 -0.07865997403860092 
v -0.11508042365312576 -0.578480064868927 -0.08364342898130417 
v -0.06269925087690353 -0.6366147994995117 -0.07865997403860092 
v -0.05778476595878601 -0.5869305729866028 -0.08364342898130417 
v -0.000009643200428399723 -0.6397312879562378 -0.07865997403860092 
v -0.000009643200428399723 -0.5898073315620422 -0.08364342898130417 
v 0.0626799613237381 -0.6366147994995117 -0.07865997403860092 
v 0.05782541260123253 -0.5869305729866028 -0.08364342898130417 
v 0.12477023899555206 -0.627385139465332 -0.07865997403860092 
v 0.11506114155054092 -0.578480064868927 -0.08364342898130417 
v 0.18572179973125458 -0.6121622323989868 -0.07865997403860092 
v 0.17121808230876923 -0.5643959045410156 -0.08364342898130417 
v 0.24481543898582458 -0.5910059809684753 -0.07865997403860092 
v 0.22569690644741058 -0.5449177622795105 -0.08364342898130417 
v 0.30157169699668884 -0.564156174659729 -0.07865997403860092 
v 0.27801814675331116 -0.5201655626296997 -0.08364342898130417 
v 0.355391263961792 -0.5319123268127441 -0.07865997403860092 
v 0.3277023732662201 -0.4903790056705475 -0.08364342898130417 
v 0.4057946801185608 -0.4945143461227417 -0.07865997403860092 
v 0.37415021657943726 -0.45591768622398376 -0.08364342898130417 
v 0.45236238837242126 -0.45232173800468445 -0.07865997403860092 
v 0.41706201434135437 -0.4170812964439392 -0.08364342898130417 
v 0.49449506402015686 -0.40581396222114563 -0.07865997403860092 
v 0.4558984041213989 -0.3741694986820221 -0.08364342898130417 
v 0.5318930745124817 -0.35541054606437683 -0.07865997403860092 
v 0.4904196262359619 -0.3276617228984833 -0.08364342898130417 
v 0.564196765422821 -0.301531046628952 -0.07865997403860092 
v 0.5201462507247925 -0.278037428855896 -0.08364342898130417 
v 0.5909867286682129 -0.24477478861808777 -0.07865997403860092 
v 0.6771100163459778 -0.20539900660514832 -0.06857394427061081 
v 0.6537362337112427 -0.2707855701446533 -0.06857394427061081 
v 0.6240695714950562 -0.3335351049900055 -0.06857394427061081 
v 0.5883496999740601 -0.39310821890830994 -0.06857394427061081 
v 0.5469961166381836 -0.4489055573940277 -0.06857394427061081 
v 0.5003684759140015 -0.5003278255462646 -0.06857394427061081 
v 0.44888627529144287 -0.5469554662704468 -0.06857394427061081 
v 0.39314886927604675 -0.5883689522743225 -0.06857394427061081 
v 0.3335757553577423 -0.6240289211273193 -0.06857394427061081 
v 0.2707662880420685 -0.6537555456161499 -0.06857394427061081 
v 0.20537972450256348 -0.6771292686462402 -0.06857394427061081 
v 0.13807529211044312 -0.6940302848815918 -0.06857394427061081 
v 0.06933248788118362 -0.704218864440918 -0.06857394427061081 
v -0.000009643200428399723 -0.7075750827789307 -0.06857394427061081 
v -0.06935177743434906 -0.704218864440918 -0.06857394427061081 
v -0.1380346566438675 -0.6940302848815918 -0.06857394427061081 
v -0.20539900660514832 -0.6771292686462402 -0.06857394427061081 
v -0.2707855701446533 -0.6537555456161499 -0.06857394427061081 
v -0.3335351049900055 -0.6240289211273193 -0.06857394427061081 
v -0.39310821890830994 -0.5883689522743225 -0.06857394427061081 
v -0.4489055573940277 -0.5469554662704468 -0.06857394427061081 
v -0.5003278255462646 -0.5003278255462646 -0.06857394427061081 
v -0.5469554662704468 -0.4489055573940277 -0.06857394427061081 
v -0.5883689522743225 -0.39310821890830994 -0.06857394427061081 
v -0.6240289211273193 -0.3335351049900055 -0.06857394427061081 
v -0.6537555456161499 -0.2707855701446533 -0.06857394427061081 
v -0.6771292686462402 -0.20539900660514832 -0.06857394427061081 
v -0.6940302848815918 -0.1380346566438675 -0.06857394427061081 
v -0.704218864440918 -0.06935177743434906 -0.06857394427061081 
v -0.7075750827789307 -0.000009643200428399723 -0.06857394427061081 
v -0.704218864440918 0.06933248788118362 -0.06857394427061081 
v -0.6940302848815918 0.13807529211044312 -0.06857394427061081 
v -0.6771292686462402 0.20537972450256348 -0.06857394427061081 
v -0.6537555456161499 0.2707662880420685 -0.06857394427061081 
v -0.6240289211273193 0.3335757553577423 -0.06857394427061081 
v -0.5883689522743225 0.39314886927604675 -0.06857394427061081 
v -0.5469554662704468 0.44888627529144287 -0.06857394427061081 
v -0.5003278255462646 0.5003684759140015 -0.06857394427061081 
v -0.4489055573940277 0.5469961166381836 -0.06857394427061081 
v -0.39310821890830994 0.5883496999740601 -0.06857394427061081 
v -0.3335351049900055 0.6240695714950562 -0.06857394427061081 
v -0.2707855701446533 0.6537362337112427 -0.06857394427061081 
v -0.20539900660514832 0.6771100163459778 -0.06857394427061081 
v -0.1380346566438675 0.6940110325813293 -0.06857394427061081 
v -0.06935177743434906 0.7041995525360107 -0.06857394427061081 
v -0.000009643200428399723 0.7076157331466675 -0.06857394427061081 
v 0.06933248788118362 0.7041995525360107 -0.06857394427061081 
v 0.13807529211044312 0.6940110325813293 -0.06857394427061081 
v 0.20537972450256348 0.6771100163459778 -0.06857394427061081 
v 0.2707662880420685 0.6537362337112427 -0.06857394427061081 
v 0.3335757553577423 0.6240695714950562 -0.06857394427061081 
v 0.39314886927604675 0.5883496999740601 -0.06857394427061081 
v 0.44888627529144287 0.5469961166381836 -0.06857394427061081 
v 0.5003684759140015 0.5003684759140015 -0.06857394427061081 
v 0.5469961166381836 0.44888627529144287 -0.06857394427061081 
v 0.5883496999740601 0.39314886927604675 -0.06857394427061081 
v 0.6240695714950562 0.3335757553577423 -0.06857394427061081 
v 0.6537362337112427 0.2707662880420685 -0.06857394427061081 
v 0.6771100163459778 0.20537972450256348 -0.06857394427061081 
v 0.6940110325813293 0.13807529211044312 -0.06857394427061081 
v 0.7517262101173401 0.22803428769111633 -0.054536882787942886 
v 0.7257153987884521 0.30061277747154236 -0.054536882787942886 
v 0.6927524209022522 0.37031450867652893 -0.054536882787942886 
v 0.6531369090080261 0.4364202916622162 -0.054536882787942886 
v 0.6072284579277039 0.4983307719230652 -0.054536882787942886 
v 0.5554466247558594 0.5554466247558594 -0.054536882787942886 
v 0.4983307719230652 0.6072284579277039 -0.054536882787942886 
v 0.4364202916622162 0.6531369090080261 -0.054536882787942886 
v 0.37031450867652893 0.6927524209022522 -0.054536882787942886 
v 0.30061277747154236 0.7257153987884521 -0.054536882787942886 
v 0.22803428769111633 0.7517262101173401 -0.054536882787942886 
v 0.15323826670646667 0.7704252004623413 -0.054536882787942886 
v 0.07700387388467789 0.7817524671554565 -0.054536882787942886 
v -0.000009643200428399723 0.7855282425880432 -0.054536882787942886 
v -0.07702316343784332 0.7817524671554565 -0.054536882787942886 
v -0.1532575637102127 0.7704252004623413 -0.054536882787942886 
v -0.22805356979370117 0.7517262101173401 -0.054536882787942886 
v -0.3006320595741272 0.7257153987884521 -0.054536882787942886 
v -0.3702738583087921 0.6927524209022522 -0.054536882787942886 
v -0.436439573764801 0.6531369090080261 -0.054536882787942886 
v -0.49835005402565 0.6072284579277039 -0.054536882787942886 
v -0.5554658770561218 0.5554466247558594 -0.054536882787942886 
v -0.6072477698326111 0.4983307719230652 -0.054536882787942886 
v -0.6531562209129333 0.4364202916622162 -0.054536882787942886 
v -0.6927717328071594 0.37031450867652893 -0.054536882787942886 
v -0.7257347106933594 0.30061277747154236 -0.054536882787942886 
v -0.7516855597496033 0.22803428769111633 -0.054536882787942886 
v -0.7704445123672485 0.15323826670646667 -0.054536882787942886 
v -0.7817717790603638 0.07700387388467789 -0.054536882787942886 
v -0.7855475544929504 -0.000009643200428399723 -0.054536882787942886 
v -0.7817717790603638 -0.07702316343784332 -0.054536882787942886 
v -0.7704445123672485 -0.1532575637102127 -0.054536882787942886 
v -0.7516855597496033 -0.22805356979370117 -0.054536882787942886 
v -0.7257347106933594 -0.3006320595741272 -0.054536882787942886 
v -0.6927717328071594 -0.3702738583087921 -0.054536882787942886 
v -0.6531562209129333 -0.436439573764801 -0.054536882787942886 
v -0.6072477698326111 -0.49835005402565 -0.054536882787942886 
v -0.5554658770561218 -0.5554658770561218 -0.054536882787942886 
v -0.49835005402565 -0.6072477698326111 -0.054536882787942886 
v -0.436439573764801 -0.6531562209129333 -0.054536882787942886 
v -0.3702738583087921 -0.6927717328071594 -0.054536882787942886 
v -0.3006320595741272 -0.7257347106933594 -0.054536882787942886 
v -0.22805356979370117 -0.7516855597496033 -0.054536882787942886 
v -0.1532575637102127 -0.7704445123672485 -0.054536882787942886 
v -0.07702316343784332 -0.7817717790603638 -0.054536882787942886 
v -0.000009643200428399723 -0.7855475544929504 -0.054536882787942886 
v 0.07700387388467789 -0.7817717790603638 -0.054536882787942886 
v 0.15323826670646667 -0.7704445123672485 -0.054536882787942886 
v 0.22803428769111633 -0.7516855597496033 -0.054536882787942886 
v 0.30061277747154236 -0.7257347106933594 -0.054536882787942886 
v 0.37031450867652893 -0.6927717328071594 -0.054536882787942886 
v 0.4364202916622162 -0.6531562209129333 -0.054536882787942886 
v 0.4983307719230652 -0.6072477698326111 -0.054536882787942886 
v 0.5554466247558594 -0.5554658770561218 -0.054536882787942886 
v 0.6072284579277039 -0.49835005402565 -0.054536882787942886 
v 0.6531369090080261 -0.436439573764801 -0.054536882787942886 
v 0.6927524209022522 -0.3702738583087921 -0.054536882787942886 
v 0.7257153987884521 -0.3006320595741272 -0.054536882787942886 
v 0.7517262101173401 -0.22805356979370117 -0.054536882787942886 
v 0.7704252004623413 -0.1532575637102127 -0.054536882787942886 
v 0.6940110325813293 -0.1380346566438675 -0.06857394427061081 
v 0.7817524671554565 -0.07702316343784332 -0.054536882787942886 
v 0.7041995525360107 -0.06935177743434906 -0.06857394427061081 
v 0.7855282425880432 -0.000009643200428399723 -0.054536882787942886 
v 0.7076157331466675 -0.000009643200428399723 -0.06857394427061081 
v 0.7041995525360107 0.06933248788118362 -0.06857394427061081 
v 0.7704252004623413 0.15323826670646667 -0.054536882787942886 
v 0.7817524671554565 0.07700387388467789 -0.054536882787942886 
v 0.8655384182929993 -0.000009643200428399723 -0.037660643458366394 
v 0.8614030480384827 -0.0848144143819809 -0.037660643458366394 
v 0.8489370346069336 -0.16884006559848785 -0.037660643458366394 
v 0.8282602429389954 -0.2512475252151489 -0.037660643458366394 
v 0.7996723651885986 -0.3312576711177826 -0.037660643458366394 
v 0.763353168964386 -0.4080314636230469 -0.037660643458366394 
v 0.7196621894836426 -0.4808496832847595 -0.037660643458366394 
v 0.6690790057182312 -0.5491130352020264 -0.037660643458366394 
v 0.612023115158081 -0.6120423674583435 -0.037660643458366394 
v 0.5490937829017639 -0.6690983176231384 -0.037660643458366394 
v 0.48089033365249634 -0.7196815013885498 -0.037660643458366394 
v 0.40801218152046204 -0.7633724212646484 -0.037660643458366394 
v 0.33123838901519775 -0.7996916770935059 -0.037660643458366394 
v 0.2512282431125641 -0.8282795548439026 -0.037660643458366394 
v 0.16888070106506348 -0.8488963842391968 -0.037660643458366394 
v 0.08485505729913712 -0.8613623976707458 -0.037660643458366394 
v -0.000009643200428399723 -0.8655576705932617 -0.037660643458366394 
v -0.0848144143819809 -0.8613623976707458 -0.037660643458366394 
v -0.16884006559848785 -0.8488963842391968 -0.037660643458366394 
v -0.2512475252151489 -0.8282795548439026 -0.037660643458366394 
v -0.3312576711177826 -0.7996916770935059 -0.037660643458366394 
v -0.4080314636230469 -0.7633724212646484 -0.037660643458366394 
v -0.4808496832847595 -0.7196815013885498 -0.037660643458366394 
v -0.5491130352020264 -0.6690983176231384 -0.037660643458366394 
v -0.6120423674583435 -0.6120423674583435 -0.037660643458366394 
v -0.6690983176231384 -0.5491130352020264 -0.037660643458366394 
v -0.7196815013885498 -0.4808496832847595 -0.037660643458366394 
v -0.7633724212646484 -0.4080314636230469 -0.037660643458366394 
v -0.7996916770935059 -0.3312576711177826 -0.037660643458366394 
v -0.8282795548439026 -0.2512475252151489 -0.037660643458366394 
v -0.8488963842391968 -0.16884006559848785 -0.037660643458366394 
v -0.8613623976707458 -0.0848144143819809 -0.037660643458366394 
v -0.8655576705932617 -0.000009643200428399723 -0.037660643458366394 
v -0.8613623976707458 0.08485505729913712 -0.037660643458366394 
v -0.8488963842391968 0.16888070106506348 -0.037660643458366394 
v -0.8282795548439026 0.2512282431125641 -0.037660643458366394 
v -0.7996916770935059 0.33123838901519775 -0.037660643458366394 
v -0.7633724212646484 0.40801218152046204 -0.037660643458366394 
v -0.7196815013885498 0.48089033365249634 -0.037660643458366394 
v -0.6690983176231384 0.5490937829017639 -0.037660643458366394 
v -0.6120423674583435 0.612023115158081 -0.037660643458366394 
v -0.5491130352020264 0.6690790057182312 -0.037660643458366394 
v -0.4808496832847595 0.7196621894836426 -0.037660643458366394 
v -0.4080314636230469 0.763353168964386 -0.037660643458366394 
v -0.3312576711177826 0.7996723651885986 -0.037660643458366394 
v -0.2512475252151489 0.8282602429389954 -0.037660643458366394 
v -0.16884006559848785 0.8489370346069336 -0.037660643458366394 
v -0.0848144143819809 0.8614030480384827 -0.037660643458366394 
v -0.000009643200428399723 0.8655384182929993 -0.037660643458366394 
v 0.08485505729913712 0.8614030480384827 -0.037660643458366394 
v 0.16888070106506348 0.8489370346069336 -0.037660643458366394 
v 0.2512282431125641 0.8282602429389954 -0.037660643458366394 
v 0.33123838901519775 0.7996723651885986 -0.037660643458366394 
v 0.40801218152046204 0.763353168964386 -0.037660643458366394 
v 0.48089033365249634 0.7196621894836426 -0.037660643458366394 
v 0.5490937829017639 0.6690790057182312 -0.037660643458366394 
v 0.612023115158081 0.612023115158081 -0.037660643458366394 
v 0.6690790057182312 0.5490937829017639 -0.037660643458366394 
v 0.7196621894836426 0.48089033365249634 -0.037660643458366394 
v 0.763353168964386 0.40801218152046204 -0.037660643458366394 
v 0.7996723651885986 0.33123838901519775 -0.037660643458366394 
v 0.8282602429389954 0.2512282431125641 -0.037660643458366394 
v 0.8489370346069336 0.16888070106506348 -0.037660643458366394 
v 0.8614030480384827 0.08485505729913712 -0.037660643458366394 
v 0.9396751523017883 -0.000009643200428399723 -0.019096776843070984 
v 0.9351801872253418 -0.09212620556354523 -0.019096776843070984 
v 0.9216353893280029 -0.183343768119812 -0.019096776843070984 
v 0.8992205858230591 -0.27276337146759033 -0.019096776843070984 
v 0.8681754469871521 -0.3596058487892151 -0.019096776843070984 
v 0.8287397027015686 -0.44297224283218384 -0.019096776843070984 
v 0.7813329696655273 -0.5220834016799927 -0.019096776843070984 
v 0.7263746857643127 -0.5961602330207825 -0.019096776843070984 
v 0.6644641757011414 -0.6644834876060486 -0.019096776843070984 
v 0.5961409211158752 -0.7263939380645752 -0.019096776843070984 
v 0.5220640897750854 -0.7813522815704346 -0.019096776843070984 
v 0.4429529309272766 -0.8287590146064758 -0.019096776843070984 
v 0.35958656668663025 -0.8681347966194153 -0.019096776843070984 
v 0.27280402183532715 -0.8992398977279663 -0.019096776843070984 
v 0.18332448601722717 -0.9216547012329102 -0.019096776843070984 
v 0.09210691601037979 -0.935139536857605 -0.019096776843070984 
v -0.000009643200428399723 -0.9396944642066956 -0.019096776843070984 
v -0.09212620556354523 -0.935139536857605 -0.019096776843070984 
v -0.183343768119812 -0.9216547012329102 -0.019096776843070984 
v -0.27276337146759033 -0.8992398977279663 -0.019096776843070984 
v -0.3596058487892151 -0.8681347966194153 -0.019096776843070984 
v -0.44297224283218384 -0.8287590146064758 -0.019096776843070984 
v -0.5220834016799927 -0.7813522815704346 -0.019096776843070984 
v -0.5961602330207825 -0.7263939380645752 -0.019096776843070984 
v -0.6644834876060486 -0.6644834876060486 -0.019096776843070984 
v -0.7263939380645752 -0.5961602330207825 -0.019096776843070984 
v -0.7813522815704346 -0.5220834016799927 -0.019096776843070984 
v -0.8287590146064758 -0.44297224283218384 -0.019096776843070984 
v -0.8681347966194153 -0.3596058487892151 -0.019096776843070984 
v -0.8992398977279663 -0.27276337146759033 -0.019096776843070984 
v -0.9216547012329102 -0.183343768119812 -0.019096776843070984 
v -0.935139536857605 -0.09212620556354523 -0.019096776843070984 
v -0.9396944642066956 -0.000009643200428399723 -0.019096776843070984 
v -0.935139536857605 0.09210691601037979 -0.019096776843070984 
v -0.9216547012329102 0.18332448601722717 -0.019096776843070984 
v -0.8992398977279663 0.27280402183532715 -0.019096776843070984 
v -0.8681347966194153 0.35958656668663025 -0.019096776843070984 
v -0.8287590146064758 0.4429529309272766 -0.019096776843070984 
v -0.7813522815704346 0.5220640897750854 -0.019096776843070984 
v -0.7263939380645752 0.5961409211158752 -0.019096776843070984 
v -0.6644834876060486 0.6644641757011414 -0.019096776843070984 
v -0.5961602330207825 0.7263746857643127 -0.019096776843070984 
v -0.5220834016799927 0.7813329696655273 -0.019096776843070984 
v -0.44297224283218384 0.8287397027015686 -0.019096776843070984 
v -0.3596058487892151 0.8681754469871521 -0.019096776843070984 
v -0.27276337146759033 0.8992205858230591 -0.019096776843070984 
v -0.183343768119812 0.9216353893280029 -0.019096776843070984 
v -0.09212620556354523 0.9351801872253418 -0.019096776843070984 
v -0.000009643200428399723 0.9396751523017883 -0.019096776843070984 
v 0.09210691601037979 0.9351801872253418 -0.019096776843070984 
v 0.18332448601722717 0.9216353893280029 -0.019096776843070984 
v 0.27280402183532715 0.8992205858230591 -0.019096776843070984 
v 0.35958656668663025 0.8681754469871521 -0.019096776843070984 
v 0.4429529309272766 0.8287397027015686 -0.019096776843070984 
v 0.5220640897750854 0.7813329696655273 -0.019096776843070984 
v 0.5961409211158752 0.7263746857643127 -0.019096776843070984 
v 0.6644641757011414 0.6644641757011414 -0.019096776843070984 
v 0.7263746857643127 0.5961409211158752 -0.019096776843070984 
v 0.7813329696655273 0.5220640897750854 -0.019096776843070984 
v 0.8287397027015686 0.4429529309272766 -0.019096776843070984 
v 0.8681754469871521 0.35958656668663025 -0.019096776843070984 
v 0.8992205858230591 0.27280402183532715 -0.019096776843070984 
v 0.9216353893280029 0.18332448601722717 -0.019096776843070984 
v 0.9351801872253418 0.09210691601037979 -0.019096776843070984 
v 0.9771930575370789 0.0962422713637352 -0.0057347663678228855 
v 0.9630489349365234 0.19153526425361633 -0.0057347663678228855 
v 0.9396152496337891 0.2850302755832672 -0.0057347663678228855 
v 0.9071916341781616 0.37576839327812195 -0.0057347663678228855 
v 0.8659579157829285 0.4628506004810333 -0.0057347663678228855 
v 0.8164535164833069 0.5454977750778198 -0.0057347663678228855 
v 0.7590380311012268 0.6229308247566223 -0.0057347663678228855 
v 0.6943106651306152 0.6943106651306152 -0.0057347663678228855 
v 0.6229308247566223 0.7590380311012268 -0.0057347663678228855 
v 0.5454977750778198 0.8164535164833069 -0.0057347663678228855 
v 0.4628506004810333 0.8659579157829285 -0.0057347663678228855 
v 0.37576839327812195 0.9071916341781616 -0.0057347663678228855 
v 0.2850302755832672 0.9396152496337891 -0.0057347663678228855 
v 0.19153526425361633 0.9630489349365234 -0.0057347663678228855 
v 0.0962422713637352 0.9771930575370789 -0.0057347663678228855 
v -0.000009643200428399723 0.9819276928901672 -0.0057347663678228855 
v -0.09626156091690063 0.9771930575370789 -0.0057347663678228855 
v -0.19155454635620117 0.9630489349365234 -0.0057347663678228855 
v -0.28504955768585205 0.9396152496337891 -0.0057347663678228855 
v -0.3757876753807068 0.9071916341781616 -0.0057347663678228855 
v -0.46286988258361816 0.8659579157829285 -0.0057347663678228855 
v -0.545517086982727 0.8164535164833069 -0.0057347663678228855 
v -0.6228901743888855 0.7590380311012268 -0.0057347663678228855 
v -0.6943299770355225 0.6943106651306152 -0.0057347663678228855 
v -0.75899738073349 0.6229308247566223 -0.0057347663678228855 
v -0.8164128661155701 0.5454977750778198 -0.0057347663678228855 
v -0.8659772276878357 0.4628506004810333 -0.0057347663678228855 
v -0.9071509838104248 0.37576839327812195 -0.0057347663678228855 
v -0.9396345019340515 0.2850302755832672 -0.0057347663678228855 
v -0.9630681872367859 0.19153526425361633 -0.0057347663678228855 
v -0.977152407169342 0.0962422713637352 -0.0057347663678228855 
v -0.9818870425224304 -0.000009643200428399723 -0.0057347663678228855 
v -0.977152407169342 -0.09626156091690063 -0.0057347663678228855 
v -0.9630681872367859 -0.19155454635620117 -0.0057347663678228855 
v -0.9396345019340515 -0.28504955768585205 -0.0057347663678228855 
v -0.9071509838104248 -0.3757876753807068 -0.0057347663678228855 
v -0.8659772276878357 -0.46286988258361816 -0.0057347663678228855 
v -0.8164128661155701 -0.545517086982727 -0.0057347663678228855 
v -0.75899738073349 -0.6228901743888855 -0.0057347663678228855 
v -0.6943299770355225 -0.6943299770355225 -0.0057347663678228855 
v -0.6228901743888855 -0.75899738073349 -0.0057347663678228855 
v -0.545517086982727 -0.8164128661155701 -0.0057347663678228855 
v -0.46286988258361816 -0.8659772276878357 -0.0057347663678228855 
v -0.3757876753807068 -0.9071509838104248 -0.0057347663678228855 
v -0.28504955768585205 -0.9396345019340515 -0.0057347663678228855 
v -0.19155454635620117 -0.9630681872367859 -0.0057347663678228855 
v -0.09626156091690063 -0.977152407169342 -0.0057347663678228855 
v -0.000009643200428399723 -0.9818870425224304 -0.0057347663678228855 
v 0.0962422713637352 -0.977152407169342 -0.0057347663678228855 
v 0.19153526425361633 -0.9630681872367859 -0.0057347663678228855 
v 0.2850302755832672 -0.9396345019340515 -0.0057347663678228855 
v 0.37576839327812195 -0.9071509838104248 -0.0057347663678228855 
v 0.4628506004810333 -0.8659772276878357 -0.0057347663678228855 
v 0.5454977750778198 -0.8164128661155701 -0.0057347663678228855 
v 0.6229308247566223 -0.75899738073349 -0.0057347663678228855 
v 0.6943106651306152 -0.6943299770355225 -0.0057347663678228855 
v 0.7590380311012268 -0.6228901743888855 -0.0057347663678228855 
v 0.8164535164833069 -0.545517086982727 -0.0057347663678228855 
v 0.8659579157829285 -0.46286988258361816 -0.0057347663678228855 
v 0.9071916341781616 -0.3757876753807068 -0.0057347663678228855 
v 0.9396152496337891 -0.28504955768585205 -0.0057347663678228855 
v 0.9630489349365234 -0.19155454635620117 -0.0057347663678228855 
v 0.9771930575370789 -0.09626156091690063 -0.0057347663678228855 
v 0.9819276928901672 -0.000009643200428399723 -0.0057347663678228855 
v 0.866976797580719 -0.35912638902664185 0.02819640375673771 
v 0.898021936416626 -0.2724037766456604 0.02819640375673771 
v 0.9392556548118591 -0.28492969274520874 0.00846112985163927 
v 0.9626893401145935 -0.19149461388587952 0.00846112985163927 
v 0.9068320393562317 -0.3756078779697418 0.00846112985163927 
v 0.8276010155677795 -0.4423728883266449 0.02819640375673771 
v 0.8656582832336426 -0.4626900851726532 0.00846112985163927 
v 0.7802541851997375 -0.5213642120361328 0.02819640375673771 
v 0.816093921661377 -0.5453372597694397 0.00846112985163927 
v 0.7254157662391663 -0.5953211784362793 0.02819640375673771 
v 0.7587383389472961 -0.6226504445075989 0.00846112985163927 
v 0.6635652184486389 -0.6635844707489014 0.02819640375673771 
v 0.6940709352493286 -0.6940302848815918 0.00846112985163927 
v 0.5953018665313721 -0.7254350185394287 0.02819640375673771 
v 0.6226910948753357 -0.7587576508522034 0.00846112985163927 
v 0.5213449001312256 -0.7802734375 0.02819640375673771 
v 0.5453180074691772 -0.8161132335662842 0.00846112985163927 
v 0.44235360622406006 -0.827620267868042 0.02819640375673771 
v 0.46267080307006836 -0.8656176328659058 0.00846112985163927 
v 0.359107106924057 -0.8669961094856262 0.02819640375673771 
v 0.375588595867157 -0.9067913889884949 0.00846112985163927 
v 0.2723844647407532 -0.8980412483215332 0.02819640375673771 
v 0.2849104106426239 -0.9392749071121216 0.00846112985163927 
v 0.18308475613594055 -0.920396089553833 0.02819640375673771 
v 0.19147533178329468 -0.9626486897468567 0.00846112985163927 
v 0.09198705106973648 -0.9338809847831726 0.02819640375673771 
v 0.09618233889341354 -0.9767928123474121 0.00846112985163927 
v -0.000009643200428399723 -0.9384358525276184 0.02819640375673771 
v -0.000009643200428399723 -0.9815274477005005 0.00846112985163927 
v -0.09200634062290192 -0.9338809847831726 0.02819640375673771 
v -0.09620162844657898 -0.9767928123474121 0.00846112985163927 
v -0.1831040382385254 -0.920396089553833 0.02819640375673771 
v -0.19149461388587952 -0.9626486897468567 0.00846112985163927 
v -0.2724037766456604 -0.8980412483215332 0.02819640375673771 
v -0.28492969274520874 -0.9392749071121216 0.00846112985163927 
v -0.35912638902664185 -0.8669961094856262 0.02819640375673771 
v -0.3756078779697418 -0.9067913889884949 0.00846112985163927 
v -0.4423728883266449 -0.827620267868042 0.02819640375673771 
v -0.4626900851726532 -0.8656176328659058 0.00846112985163927 
v -0.5213642120361328 -0.7802734375 0.02819640375673771 
v -0.5453372597694397 -0.8161132335662842 0.00846112985163927 
v -0.5953211784362793 -0.7254350185394287 0.02819640375673771 
v -0.6226504445075989 -0.7587576508522034 0.00846112985163927 
v -0.6635844707489014 -0.6635844707489014 0.02819640375673771 
v -0.6940302848815918 -0.6940302848815918 0.00846112985163927 
v -0.7254350185394287 -0.5953211784362793 0.02819640375673771 
v -0.7587576508522034 -0.6226504445075989 0.00846112985163927 
v -0.7802734375 -0.5213642120361328 0.02819640375673771 
v -0.8161132335662842 -0.5453372597694397 0.00846112985163927 
v -0.827620267868042 -0.4423728883266449 0.02819640375673771 
v -0.8656176328659058 -0.4626900851726532 0.00846112985163927 
v -0.8669961094856262 -0.35912638902664185 0.02819640375673771 
v -0.9067913889884949 -0.3756078779697418 0.00846112985163927 
v -0.8980412483215332 -0.2724037766456604 0.02819640375673771 
v -0.9392749071121216 -0.28492969274520874 0.00846112985163927 
v -0.920396089553833 -0.1831040382385254 0.02819640375673771 
v -0.9626486897468567 -0.19149461388587952 0.00846112985163927 
v -0.9338809847831726 -0.09200634062290192 0.02819640375673771 
v -0.9767928123474121 -0.09620162844657898 0.00846112985163927 
v -0.9384358525276184 -0.000009643200428399723 0.02819640375673771 
v -0.9815274477005005 -0.000009643200428399723 0.00846112985163927 
v -0.9338809847831726 0.09198705106973648 0.02819640375673771 
v -0.9767928123474121 0.09618233889341354 0.00846112985163927 
v -0.920396089553833 0.18308475613594055 0.02819640375673771 
v -0.9626486897468567 0.19147533178329468 0.00846112985163927 
v -0.8980412483215332 0.2723844647407532 0.02819640375673771 
v -0.9392749071121216 0.2849104106426239 0.00846112985163927 
v -0.8669961094856262 0.359107106924057 0.02819640375673771 
v -0.9067913889884949 0.375588595867157 0.00846112985163927 
v -0.827620267868042 0.44235360622406006 0.02819640375673771 
v -0.8656176328659058 0.46267080307006836 0.00846112985163927 
v -0.7802734375 0.5213449001312256 0.02819640375673771 
v -0.8161132335662842 0.5453180074691772 0.00846112985163927 
v -0.7254350185394287 0.5953018665313721 0.02819640375673771 
v -0.7587576508522034 0.6226910948753357 0.00846112985163927 
v -0.6635844707489014 0.6635652184486389 0.02819640375673771 
v -0.6940302848815918 0.6940709352493286 0.00846112985163927 
v -0.5953211784362793 0.7254157662391663 0.02819640375673771 
v -0.6226504445075989 0.7587383389472961 0.00846112985163927 
v -0.5213642120361328 0.7802541851997375 0.02819640375673771 
v -0.5453372597694397 0.816093921661377 0.00846112985163927 
v -0.4423728883266449 0.8276010155677795 0.02819640375673771 
v -0.4626900851726532 0.8656582832336426 0.00846112985163927 
v -0.35912638902664185 0.866976797580719 0.02819640375673771 
v -0.3756078779697418 0.9068320393562317 0.00846112985163927 
v -0.2724037766456604 0.898021936416626 0.02819640375673771 
v -0.28492969274520874 0.9392556548118591 0.00846112985163927 
v -0.1831040382385254 0.9203768372535706 0.02819640375673771 
v -0.19149461388587952 0.9626893401145935 0.00846112985163927 
v -0.09200634062290192 0.9339216351509094 0.02819640375673771 
v -0.09620162844657898 0.9767735004425049 0.00846112985163927 
v -0.000009643200428399723 0.938416600227356 0.02819640375673771 
v -0.000009643200428399723 0.981508195400238 0.00846112985163927 
v 0.09198705106973648 0.9339216351509094 0.02819640375673771 
v 0.09618233889341354 0.9767735004425049 0.00846112985163927 
v 0.18308475613594055 0.9203768372535706 0.02819640375673771 
v 0.19147533178329468 0.9626893401145935 0.00846112985163927 
v 0.2723844647407532 0.898021936416626 0.02819640375673771 
v 0.2849104106426239 0.9392556548118591 0.00846112985163927 
v 0.359107106924057 0.866976797580719 0.02819640375673771 
v 0.375588595867157 0.9068320393562317 0.00846112985163927 
v 0.44235360622406006 0.8276010155677795 0.02819640375673771 
v 0.46267080307006836 0.8656582832336426 0.00846112985163927 
v 0.5213449001312256 0.7802541851997375 0.02819640375673771 
v 0.5453180074691772 0.816093921661377 0.00846112985163927 
v 0.5953018665313721 0.7254157662391663 0.02819640375673771 
v 0.6226910948753357 0.7587383389472961 0.00846112985163927 
v 0.6635652184486389 0.6635652184486389 0.02819640375673771 
v 0.6940709352493286 0.6940709352493286 0.00846112985163927 
v 0.7254157662391663 0.5953018665313721 0.02819640375673771 
v 0.7587383389472961 0.6226910948753357 0.00846112985163927 
v 0.7802541851997375 0.5213449001312256 0.02819640375673771 
v 0.816093921661377 0.5453180074691772 0.00846112985163927 
v 0.8276010155677795 0.44235360622406006 0.02819640375673771 
v 0.8656582832336426 0.46267080307006836 0.00846112985163927 
v 0.866976797580719 0.359107106924057 0.02819640375673771 
v 0.9068320393562317 0.375588595867157 0.00846112985163927 
v 0.898021936416626 0.2723844647407532 0.02819640375673771 
v 0.9392556548118591 0.2849104106426239 0.00846112985163927 
v 0.9203768372535706 0.18308475613594055 0.02819640375673771 
v 0.9626893401145935 0.19147533178329468 0.00846112985163927 
v 0.9339216351509094 0.09198705106973648 0.02819640375673771 
v 0.9767735004425049 0.09618233889341354 0.00846112985163927 
v 0.981508195400238 -0.000009643200428399723 0.00846112985163927 
v 0.938416600227356 -0.000009643200428399723 0.02819640375673771 
v 0.9339216351509094 -0.09200634062290192 0.02819640375673771 
v 0.9767735004425049 -0.09620162844657898 0.00846112985163927 
v 0.9203768372535706 -0.1831040382385254 0.02819640375673771 
v 0.8193902373313904 -0.24855054914951324 0.05893101543188095 
v 0.839827299118042 -0.167042076587677 0.05893101543188095 
v 0.8521134853363037 -0.08391541987657547 0.05893101543188095 
v 0.8562488555908203 -0.000009643200428399723 0.05893101543188095 
v 0.8521134853363037 0.08395607024431229 0.05893101543188095 
v 0.839827299118042 0.16702279448509216 0.05893101543188095 
v 0.8193902373313904 0.2485312670469284 0.05893101543188095 
v 0.7911019921302795 0.3277023732662201 0.05893101543188095 
v 0.7551423907279968 0.4036370813846588 0.05893101543188095 
v 0.7119308710098267 0.475736141204834 0.05893101543188095 
v 0.6618871092796326 0.5432203412055969 0.05893101543188095 
v 0.6054904460906982 0.6054904460906982 0.05893101543188095 
v 0.5432203412055969 0.6618871092796326 0.05893101543188095 
v 0.475736141204834 0.7119308710098267 0.05893101543188095 
v 0.4036370813846588 0.7551423907279968 0.05893101543188095 
v 0.3277023732662201 0.7911019921302795 0.05893101543188095 
v 0.2485312670469284 0.8193902373313904 0.05893101543188095 
v 0.16702279448509216 0.839827299118042 0.05893101543188095 
v 0.08395607024431229 0.8521134853363037 0.05893101543188095 
v -0.000009643200428399723 0.8562488555908203 0.05893101543188095 
v -0.08391541987657547 0.8521134853363037 0.05893101543188095 
v -0.167042076587677 0.839827299118042 0.05893101543188095 
v -0.24855054914951324 0.8193902373313904 0.05893101543188095 
v -0.3276617228984833 0.7911019921302795 0.05893101543188095 
v -0.40365636348724365 0.7551423907279968 0.05893101543188095 
v -0.47569549083709717 0.7119308710098267 0.05893101543188095 
v -0.5431796908378601 0.6618871092796326 0.05893101543188095 
v -0.6054497957229614 0.6054904460906982 0.05893101543188095 
v -0.661906361579895 0.5432203412055969 0.05893101543188095 
v -0.7119501829147339 0.475736141204834 0.05893101543188095 
v -0.7551616430282593 0.4036370813846588 0.05893101543188095 
v -0.7910613417625427 0.3277023732662201 0.05893101543188095 
v -0.8194094896316528 0.2485312670469284 0.05893101543188095 
v -0.8397866487503052 0.16702279448509216 0.05893101543188095 
v -0.8521327972412109 0.08395607024431229 0.05893101543188095 
v -0.8562681078910828 -0.000009643200428399723 0.05893101543188095 
v -0.8521327972412109 -0.08391541987657547 0.05893101543188095 
v -0.8397866487503052 -0.167042076587677 0.05893101543188095 
v -0.8194094896316528 -0.24855054914951324 0.05893101543188095 
v -0.7910613417625427 -0.3276617228984833 0.05893101543188095 
v -0.7551616430282593 -0.40365636348724365 0.05893101543188095 
v -0.7119501829147339 -0.47569549083709717 0.05893101543188095 
v -0.661906361579895 -0.5431796908378601 0.05893101543188095 
v -0.6054497957229614 -0.6054497957229614 0.05893101543188095 
v -0.5431796908378601 -0.661906361579895 0.05893101543188095 
v -0.47569549083709717 -0.7119501829147339 0.05893101543188095 
v -0.40365636348724365 -0.7551616430282593 0.05893101543188095 
v -0.3276617228984833 -0.7910613417625427 0.05893101543188095 
v -0.24855054914951324 -0.8194094896316528 0.05893101543188095 
v -0.167042076587677 -0.8397866487503052 0.05893101543188095 
v -0.08391541987657547 -0.8521327972412109 0.05893101543188095 
v -0.000009643200428399723 -0.8562681078910828 0.05893101543188095 
v 0.08395607024431229 -0.8521327972412109 0.05893101543188095 
v 0.16702279448509216 -0.8397866487503052 0.05893101543188095 
v 0.2485312670469284 -0.8194094896316528 0.05893101543188095 
v 0.3277023732662201 -0.7910613417625427 0.05893101543188095 
v 0.4036370813846588 -0.7551616430282593 0.05893101543188095 
v 0.475736141204834 -0.7119501829147339 0.05893101543188095 
v 0.5432203412055969 -0.661906361579895 0.05893101543188095 
v 0.6054904460906982 -0.6054497957229614 0.05893101543188095 
v 0.6618871092796326 -0.5431796908378601 0.05893101543188095 
v 0.7119308710098267 -0.47569549083709717 0.05893101543188095 
v 0.7551423907279968 -0.40365636348724365 0.05893101543188095 
v 0.7911019921302795 -0.3276617228984833 0.05893101543188095 
v 0.7064170837402344 -0.292601078748703 0.08906999230384827 
v 0.7317087054252625 -0.22194042801856995 0.08906999230384827 
v 0.7499282360076904 -0.14918214082717896 0.08906999230384827 
v 0.7608959078788757 -0.07492551952600479 0.08906999230384827 
v 0.7646117210388184 -0.000009643200428399723 0.08906999230384827 
v 0.7608959078788757 0.07496616244316101 0.08906999230384827 
v 0.7499282360076904 0.14916284382343292 0.08906999230384827 
v 0.7317087054252625 0.22198107838630676 0.08906999230384827 
v 0.7064170837402344 0.29258179664611816 0.08906999230384827 
v 0.6742931604385376 0.3604256212711334 0.08906999230384827 
v 0.6357564330101013 0.4247933328151703 0.08906999230384827 
v 0.5910466313362122 0.4850856363773346 0.08906999230384827 
v 0.5406432151794434 0.5406432151794434 0.08906999230384827 
v 0.4850856363773346 0.5910466313362122 0.08906999230384827 
v 0.4247933328151703 0.6357564330101013 0.08906999230384827 
v 0.3604256212711334 0.6742931604385376 0.08906999230384827 
v 0.29258179664611816 0.7064170837402344 0.08906999230384827 
v 0.22198107838630676 0.7317087054252625 0.08906999230384827 
v 0.14916284382343292 0.7499282360076904 0.08906999230384827 
v 0.07496616244316101 0.7608959078788757 0.08906999230384827 
v -0.000009643200428399723 0.7646117210388184 0.08906999230384827 
v -0.07492551952600479 0.7608959078788757 0.08906999230384827 
v -0.14918214082717896 0.7499282360076904 0.08906999230384827 
v -0.22194042801856995 0.7317087054252625 0.08906999230384827 
v -0.292601078748703 0.7064170837402344 0.08906999230384827 
v -0.36044490337371826 0.6742931604385376 0.08906999230384827 
v -0.4248126149177551 0.6357564330101013 0.08906999230384827 
v -0.4850449860095978 0.5910466313362122 0.08906999230384827 
v -0.5406625270843506 0.5406432151794434 0.08906999230384827 
v -0.5910659432411194 0.4850856363773346 0.08906999230384827 
v -0.6357157826423645 0.4247933328151703 0.08906999230384827 
v -0.6743124723434448 0.3604256212711334 0.08906999230384827 
v -0.7063764333724976 0.29258179664611816 0.08906999230384827 
v -0.7316680550575256 0.22198107838630676 0.08906999230384827 
v -0.7498875856399536 0.14916284382343292 0.08906999230384827 
v -0.760915219783783 0.07496616244316101 0.08906999230384827 
v -0.7646310329437256 -0.000009643200428399723 0.08906999230384827 
v -0.760915219783783 -0.07492551952600479 0.08906999230384827 
v -0.7498875856399536 -0.14918214082717896 0.08906999230384827 
v -0.7316680550575256 -0.22194042801856995 0.08906999230384827 
v -0.7063764333724976 -0.292601078748703 0.08906999230384827 
v -0.6743124723434448 -0.36044490337371826 0.08906999230384827 
v -0.6357157826423645 -0.4248126149177551 0.08906999230384827 
v -0.5910659432411194 -0.4850449860095978 0.08906999230384827 
v -0.5406625270843506 -0.5406625270843506 0.08906999230384827 
v -0.4850449860095978 -0.5910659432411194 0.08906999230384827 
v -0.4248126149177551 -0.6357157826423645 0.08906999230384827 
v -0.36044490337371826 -0.6743124723434448 0.08906999230384827 
v -0.292601078748703 -0.7063764333724976 0.08906999230384827 
v -0.22194042801856995 -0.7316680550575256 0.08906999230384827 
v -0.14918214082717896 -0.7498875856399536 0.08906999230384827 
v -0.07492551952600479 -0.760915219783783 0.08906999230384827 
v -0.000009643200428399723 -0.7646310329437256 0.08906999230384827 
v 0.07496616244316101 -0.760915219783783 0.08906999230384827 
v 0.14916284382343292 -0.7498875856399536 0.08906999230384827 
v 0.22198107838630676 -0.7316680550575256 0.08906999230384827 
v 0.29258179664611816 -0.7063764333724976 0.08906999230384827 
v 0.3604256212711334 -0.6743124723434448 0.08906999230384827 
v 0.4247933328151703 -0.6357157826423645 0.08906999230384827 
v 0.4850856363773346 -0.5910659432411194 0.08906999230384827 
v 0.5406432151794434 -0.5406625270843506 0.08906999230384827 
v 0.5910466313362122 -0.4850449860095978 0.08906999230384827 
v 0.6357564330101013 -0.4248126149177551 0.08906999230384827 
v 0.6742931604385376 -0.36044490337371826 0.08906999230384827 
v 0.5948823094367981 -0.31795260310173035 0.1154962033033371 
v 0.6231705546379089 -0.25813978910446167 0.1154962033033371 
v 0.6454655528068542 -0.1958097666501999 0.1154962033033371 
v 0.6615275144577026 -0.131621852517128 0.1154962033033371 
v 0.6712965369224548 -0.06611540913581848 0.1154962033033371 
v 0.6745328903198242 -0.000009643200428399723 0.1154962033033371 
v 0.6712965369224548 0.06609612703323364 0.1154962033033371 
v 0.6615275144577026 0.13160257041454315 0.1154962033033371 
v 0.6454655528068542 0.19579048454761505 0.1154962033033371 
v 0.6231705546379089 0.25812050700187683 0.1154962033033371 
v 0.5948823094367981 0.31799325346946716 0.1154962033033371 
v 0.5608405470848083 0.3747495412826538 0.1154962033033371 
v 0.5214048624038696 0.42790982127189636 0.1154962033033371 
v 0.4769347906112671 0.4769347906112671 0.1154962033033371 
v 0.42790982127189636 0.5214048624038696 0.1154962033033371 
v 0.3747495412826538 0.5608405470848083 0.1154962033033371 
v 0.31799325346946716 0.5948823094367981 0.1154962033033371 
v 0.25812050700187683 0.6231705546379089 0.1154962033033371 
v 0.19579048454761505 0.6454655528068542 0.1154962033033371 
v 0.13160257041454315 0.6615275144577026 0.1154962033033371 
v 0.06609612703323364 0.6712965369224548 0.1154962033033371 
v -0.000009643200428399723 0.6745328903198242 0.1154962033033371 
v -0.06611540913581848 0.6712965369224548 0.1154962033033371 
v -0.13156192004680634 0.6615275144577026 0.1154962033033371 
v -0.1958097666501999 0.6454655528068542 0.1154962033033371 
v -0.25813978910446167 0.6231705546379089 0.1154962033033371 
v -0.31795260310173035 0.5948823094367981 0.1154962033033371 
v -0.37476882338523865 0.5608405470848083 0.1154962033033371 
v -0.4279291331768036 0.5214048624038696 0.1154962033033371 
v -0.47695407271385193 0.4769347906112671 0.1154962033033371 
v -0.5214241147041321 0.42790982127189636 0.1154962033033371 
v -0.5608598589897156 0.3747495412826538 0.1154962033033371 
v -0.594841718673706 0.31799325346946716 0.1154962033033371 
v -0.6231898665428162 0.25812050700187683 0.1154962033033371 
v -0.6454848051071167 0.19579048454761505 0.1154962033033371 
v -0.6615467667579651 0.13160257041454315 0.1154962033033371 
v -0.671255886554718 0.06609612703323364 0.1154962033033371 
v -0.6744922399520874 -0.000009643200428399723 0.1154962033033371 
v -0.671255886554718 -0.06611540913581848 0.1154962033033371 
v -0.6615467667579651 -0.13156192004680634 0.1154962033033371 
v -0.6454848051071167 -0.1958097666501999 0.1154962033033371 
v -0.6231898665428162 -0.25813978910446167 0.1154962033033371 
v -0.594841718673706 -0.31795260310173035 0.1154962033033371 
v -0.5608598589897156 -0.37476882338523865 0.1154962033033371 
v -0.5214241147041321 -0.4279291331768036 0.1154962033033371 
v -0.47695407271385193 -0.47695407271385193 0.1154962033033371 
v -0.4279291331768036 -0.5214241147041321 0.1154962033033371 
v -0.37476882338523865 -0.5608598589897156 0.1154962033033371 
v -0.31795260310173035 -0.594841718673706 0.1154962033033371 
v -0.25813978910446167 -0.6231898665428162 0.1154962033033371 
v -0.1958097666501999 -0.6454848051071167 0.1154962033033371 
v -0.131621852517128 -0.6615467667579651 0.1154962033033371 
v -0.06611540913581848 -0.671255886554718 0.1154962033033371 
v -0.000009643200428399723 -0.6744922399520874 0.1154962033033371 
v 0.06609612703323364 -0.671255886554718 0.1154962033033371 
v 0.13160257041454315 -0.6615467667579651 0.1154962033033371 
v 0.19579048454761505 -0.6454848051071167 0.1154962033033371 
v 0.25812050700187683 -0.6231898665428162 0.1154962033033371 
v 0.31799325346946716 -0.594841718673706 0.1154962033033371 
v 0.3747495412826538 -0.5608598589897156 0.1154962033033371 
v 0.42790982127189636 -0.5214241147041321 0.1154962033033371 
v 0.4769347906112671 -0.47695407271385193 0.1154962033033371 
v 0.5214048624038696 -0.4279291331768036 0.1154962033033371 
v 0.5608405470848083 -0.37476882338523865 0.1154962033033371 
v 0.4964728355407715 -0.33173713088035583 0.13511234521865845 
v 0.526559054851532 -0.28145360946655273 0.13511234521865845 
v 0.5516109466552734 -0.22847309708595276 0.13511234521865845 
v 0.5713887214660645 -0.1733350157737732 0.13511234521865845 
v 0.5855927467346191 -0.11645887792110443 0.13511234521865845 
v 0.5942230820655823 -0.05850395932793617 0.13511234521865845 
v 0.5970998406410217 -0.000009643200428399723 0.13511234521865845 
v 0.5942230820655823 0.05854460597038269 0.13511234521865845 
v 0.5855927467346191 0.11649952828884125 0.13511234521865845 
v 0.5713887214660645 0.17331571877002716 0.13511234521865845 
v 0.5516109466552734 0.22851374745368958 0.13511234521865845 
v 0.526559054851532 0.28149425983428955 0.13511234521865845 
v 0.4964728355407715 0.331717848777771 0.13511234521865845 
v 0.4615320861339569 0.3787650167942047 0.13511234521865845 
v 0.4222162365913391 0.4222162365913391 0.13511234521865845 
v 0.3787650167942047 0.4615320861339569 0.13511234521865845 
v 0.331717848777771 0.4964728355407715 0.13511234521865845 
v 0.28149425983428955 0.526559054851532 0.13511234521865845 
v 0.22851374745368958 0.5516109466552734 0.13511234521865845 
v 0.17331571877002716 0.5713887214660645 0.13511234521865845 
v 0.11649952828884125 0.5855927467346191 0.13511234521865845 
v 0.05854460597038269 0.5942230820655823 0.13511234521865845 
v -0.000009643200428399723 0.5970998406410217 0.13511234521865845 
v -0.05850395932793617 0.5942230820655823 0.13511234521865845 
v -0.11645887792110443 0.5855927467346191 0.13511234521865845 
v -0.1733350157737732 0.5713887214660645 0.13511234521865845 
v -0.22847309708595276 0.5516109466552734 0.13511234521865845 
v -0.28145360946655273 0.526559054851532 0.13511234521865845 
v -0.33173713088035583 0.4964728355407715 0.13511234521865845 
v -0.37878429889678955 0.4615320861339569 0.13511234521865845 
v -0.4221755862236023 0.4222162365913391 0.13511234521865845 
v -0.46155136823654175 0.3787650167942047 0.13511234521865845 
v -0.49643218517303467 0.331717848777771 0.13511234521865845 
v -0.5265783667564392 0.28149425983428955 0.13511234521865845 
v -0.5516301989555359 0.22851374745368958 0.13511234521865845 
v -0.5713480710983276 0.17331571877002716 0.13511234521865845 
v -0.5856120586395264 0.11649952828884125 0.13511234521865845 
v -0.5941824316978455 0.05854460597038269 0.13511234521865845 
v -0.5970591902732849 -0.000009643200428399723 0.13511234521865845 
v -0.5941824316978455 -0.05850395932793617 0.13511234521865845 
v -0.5856120586395264 -0.11645887792110443 0.13511234521865845 
v -0.5713480710983276 -0.1733350157737732 0.13511234521865845 
v -0.5516301989555359 -0.22847309708595276 0.13511234521865845 
v -0.5265783667564392 -0.28145360946655273 0.13511234521865845 
v -0.49643218517303467 -0.33173713088035583 0.13511234521865845 
v -0.46155136823654175 -0.37878429889678955 0.13511234521865845 
v -0.4221755862236023 -0.4221755862236023 0.13511234521865845 
v -0.37878429889678955 -0.46155136823654175 0.13511234521865845 
v -0.33173713088035583 -0.49643218517303467 0.13511234521865845 
v -0.28145360946655273 -0.5265783667564392 0.13511234521865845 
v -0.22847309708595276 -0.5516301989555359 0.13511234521865845 
v -0.1733350157737732 -0.5713480710983276 0.13511234521865845 
v -0.11645887792110443 -0.5856120586395264 0.13511234521865845 
v -0.05850395932793617 -0.5941824316978455 0.13511234521865845 
v -0.000009643200428399723 -0.5970591902732849 0.13511234521865845 
v 0.05854460597038269 -0.5941824316978455 0.13511234521865845 
v 0.11649952828884125 -0.5856120586395264 0.13511234521865845 
v 0.17331571877002716 -0.5713480710983276 0.13511234521865845 
v 0.22851374745368958 -0.5516301989555359 0.13511234521865845 
v 0.28149425983428955 -0.5265783667564392 0.13511234521865845 
v 0.331717848777771 -0.49643218517303467 0.13511234521865845 
v 0.3787650167942047 -0.46155136823654175 0.13511234521865845 
v 0.4222162365913391 -0.4221755862236023 0.13511234521865845 
v 0.4615320861339569 -0.37878429889678955 0.13511234521865845 
v 0.4366600215435028 -0.3583472669124603 0.1409098356962204 
v 0.4696829319000244 -0.31381726264953613 0.1409098356962204 
v 0.49815094470977783 -0.2662906348705292 0.1409098356962204 
v 0.5218843221664429 -0.21618689596652985 0.1409098356962204 
v 0.5405233502388 -0.1639855057001114 0.1409098356962204 
v 0.5540082454681396 -0.11022587865591049 0.1409098356962204 
v 0.5621590614318848 -0.0553874596953392 0.1409098356962204 
v 0.5648560523986816 -0.000009643200428399723 0.1409098356962204 
v 0.5621590614318848 0.05536817014217377 0.1409098356962204 
v 0.5540082454681396 0.11020658910274506 0.1409098356962204 
v 0.5405233502388 0.16396622359752655 0.1409098356962204 
v 0.5218843221664429 0.2161675989627838 0.1409098356962204 
v 0.49815094470977783 0.26627135276794434 0.1409098356962204 
v 0.4696829319000244 0.3137979805469513 0.1409098356962204 
v 0.4366600215435028 0.3583279848098755 0.1409098356962204 
v 0.39944180846214294 0.39944180846214294 0.1409098356962204 
v 0.3583279848098755 0.4366600215435028 0.1409098356962204 
v 0.3137979805469513 0.4696829319000244 0.1409098356962204 
v 0.26627135276794434 0.49815094470977783 0.1409098356962204 
v 0.2161675989627838 0.5218843221664429 0.1409098356962204 
v 0.16396622359752655 0.5405233502388 0.1409098356962204 
v 0.11020658910274506 0.5540082454681396 0.1409098356962204 
v 0.05536817014217377 0.5621590614318848 0.1409098356962204 
v -0.000009643200428399723 0.5648560523986816 0.1409098356962204 
v -0.0553874596953392 0.5621590614318848 0.1409098356962204 
v -0.11022587865591049 0.5540082454681396 0.1409098356962204 
v -0.1639855057001114 0.5405233502388 0.1409098356962204 
v -0.21618689596652985 0.5218843221664429 0.1409098356962204 
v -0.2662906348705292 0.49815094470977783 0.1409098356962204 
v -0.31381726264953613 0.4696829319000244 0.1409098356962204 
v -0.3583472669124603 0.4366600215435028 0.1409098356962204 
v -0.39940115809440613 0.39944180846214294 0.1409098356962204 
v -0.43667930364608765 0.3583279848098755 0.1409098356962204 
v -0.4696422815322876 0.3137979805469513 0.1409098356962204 
v -0.49817025661468506 0.26627135276794434 0.1409098356962204 
v -0.521843671798706 0.2161675989627838 0.1409098356962204 
v -0.5405426621437073 0.16396622359752655 0.1409098356962204 
v -0.5540274977684021 0.11020658910274506 0.1409098356962204 
v -0.562178373336792 0.05536817014217377 0.1409098356962204 
v -0.5648753643035889 -0.000009643200428399723 0.1409098356962204 
v -0.562178373336792 -0.0553874596953392 0.1409098356962204 
v -0.5540274977684021 -0.11022587865591049 0.1409098356962204 
v -0.5405426621437073 -0.1639855057001114 0.1409098356962204 
v -0.521843671798706 -0.21618689596652985 0.1409098356962204 
v -0.49817025661468506 -0.2662906348705292 0.1409098356962204 
v -0.4696422815322876 -0.31381726264953613 0.1409098356962204 
v -0.43667930364608765 -0.3583472669124603 0.1409098356962204 
v -0.39940115809440613 -0.39940115809440613 0.1409098356962204 
v -0.3583472669124603 -0.43667930364608765 0.1409098356962204 
v -0.31381726264953613 -0.4696422815322876 0.1409098356962204 
v -0.2662906348705292 -0.49817025661468506 0.1409098356962204 
v -0.21618689596652985 -0.521843671798706 0.1409098356962204 
v -0.1639855057001114 -0.5405426621437073 0.1409098356962204 
v -0.11022587865591049 -0.5540274977684021 0.1409098356962204 
v -0.0553874596953392 -0.562178373336792 0.1409098356962204 
v -0.000009643200428399723 -0.5648753643035889 0.1409098356962204 
v 0.05536817014217377 -0.562178373336792 0.1409098356962204 
v 0.11020658910274506 -0.5540274977684021 0.1409098356962204 
v 0.16396622359752655 -0.5405426621437073 0.1409098356962204 
v 0.2161675989627838 -0.521843671798706 0.1409098356962204 
v 0.26627135276794434 -0.49817025661468506 0.1409098356962204 
v 0.3137979805469513 -0.4696422815322876 0.1409098356962204 
v 0.3583279848098755 -0.43667930364608765 0.1409098356962204 
v 0.39944180846214294 -0.39940115809440613 0.1409098356962204 
v 0.48982030153274536 -0.1485828012228012 0.18460936844348907 
v 0.49035969376564026 -0.20312155783176422 0.16070467233657837 
v 0.4729192852973938 -0.19586971402168274 0.18460936844348907 
v 0.4681246876716614 -0.2502286732196808 0.16070467233657837 
v 0.50791996717453 -0.15409661829471588 0.16070467233657837 
v 0.5020465850830078 -0.09985752403736115 0.18460936844348907 
v 0.5205658078193665 -0.10357335209846497 0.16070467233657837 
v 0.5093583464622498 -0.0501733124256134 0.18460936844348907 
v 0.5282371640205383 -0.052031226456165314 0.16070467233657837 
v 0.511875569820404 -0.000009643200428399723 0.18460936844348907 
v 0.5307543277740479 -0.000009643200428399723 0.16070467233657837 
v 0.5282371640205383 0.052011940628290176 0.16070467233657837 
v 0.5093583464622498 0.050154026597738266 0.18460936844348907 
v 0.5019866228103638 0.09983823448419571 0.18460936844348907 
v 0.5205658078193665 0.10355406254529953 0.16070467233657837 
v 0.48982030153274536 0.14856351912021637 0.18460936844348907 
v 0.50791996717453 0.15407732129096985 0.16070467233657837 
v 0.47285935282707214 0.1958504170179367 0.18460936844348907 
v 0.49035969376564026 0.20310227572917938 0.16070467233657837 
v 0.4514034390449524 0.24127940833568573 0.18460936844348907 
v 0.4681246876716614 0.25020939111709595 0.16070467233657837 
v 0.4255724549293518 0.284371018409729 0.18460936844348907 
v 0.4413347542285919 0.29485923051834106 0.16070467233657837 
v 0.3956660330295563 0.32470571994781494 0.18460936844348907 
v 0.41028961539268494 0.33669227361679077 0.16070467233657837 
v 0.3619239330291748 0.3619239330291748 0.18460936844348907 
v 0.3752889335155487 0.3752889335155487 0.16070467233657837 
v 0.32470571994781494 0.3956660330295563 0.18460936844348907 
v 0.33669227361679077 0.41028961539268494 0.16070467233657837 
v 0.284371018409729 0.4255724549293518 0.18460936844348907 
v 0.29485923051834106 0.4413347542285919 0.16070467233657837 
v 0.24127940833568573 0.4514034390449524 0.18460936844348907 
v 0.25020939111709595 0.4681246876716614 0.16070467233657837 
v 0.1958504170179367 0.47285935282707214 0.18460936844348907 
v 0.20310227572917938 0.49035969376564026 0.16070467233657837 
v 0.14856351912021637 0.48982030153274536 0.18460936844348907 
v 0.15407732129096985 0.50791996717453 0.16070467233657837 
v 0.09983823448419571 0.5019866228103638 0.18460936844348907 
v 0.10355406254529953 0.5205658078193665 0.16070467233657837 
v 0.050154026597738266 0.5093583464622498 0.18460936844348907 
v 0.052011940628290176 0.5282371640205383 0.16070467233657837 
v -0.000009643200428399723 0.511875569820404 0.18460936844348907 
v -0.000009643200428399723 0.5307543277740479 0.16070467233657837 
v -0.0501733124256134 0.5093583464622498 0.18460936844348907 
v -0.052031226456165314 0.5282371640205383 0.16070467233657837 
v -0.09985752403736115 0.5019866228103638 0.18460936844348907 
v -0.10357335209846497 0.5205658078193665 0.16070467233657837 
v -0.1485828012228012 0.48982030153274536 0.18460936844348907 
v -0.15409661829471588 0.50791996717453 0.16070467233657837 
v -0.19586971402168274 0.47285935282707214 0.18460936844348907 
v -0.20312155783176422 0.49035969376564026 0.16070467233657837 
v -0.24129869043827057 0.4514034390449524 0.18460936844348907 
v -0.2502286732196808 0.4681246876716614 0.16070467233657837 
v -0.28439030051231384 0.4255724549293518 0.18460936844348907 
v -0.2948785126209259 0.4413347542285919 0.16070467233657837 
v -0.3247250020503998 0.3956660330295563 0.18460936844348907 
v -0.3367115557193756 0.41028961539268494 0.16070467233657837 
v -0.36194321513175964 0.3619239330291748 0.18460936844348907 
v -0.37530821561813354 0.3752889335155487 0.16070467233657837 
v -0.3956853151321411 0.32470571994781494 0.18460936844348907 
v -0.4103088974952698 0.33669227361679077 0.16070467233657837 
v -0.42559173703193665 0.284371018409729 0.18460936844348907 
v -0.4412941038608551 0.29485923051834106 0.16070467233657837 
v -0.4514227509498596 0.24127940833568573 0.18460936844348907 
v -0.46808403730392456 0.25020939111709595 0.16070467233657837 
v -0.472878634929657 0.1958504170179367 0.18460936844348907 
v -0.4903790056705475 0.20310227572917938 0.16070467233657837 
v -0.4898396134376526 0.14856351912021637 0.18460936844348907 
v -0.5079392790794373 0.15407732129096985 0.16070467233657837 
v -0.502005934715271 0.09983823448419571 0.18460936844348907 
v -0.5205850601196289 0.10355406254529953 0.16070467233657837 
v -0.509377658367157 0.050154026597738266 0.18460936844348907 
v -0.5281965136528015 0.052011940628290176 0.16070467233657837 
v -0.5118349194526672 -0.000009643200428399723 0.18460936844348907 
v -0.5307736396789551 -0.000009643200428399723 0.16070467233657837 
v -0.509377658367157 -0.0501733124256134 0.18460936844348907 
v -0.5281965136528015 -0.052031226456165314 0.16070467233657837 
v -0.502005934715271 -0.09985752403736115 0.18460936844348907 
v -0.5205850601196289 -0.10357335209846497 0.16070467233657837 
v -0.4898396134376526 -0.1485828012228012 0.18460936844348907 
v -0.5079392790794373 -0.15409661829471588 0.16070467233657837 
v -0.472878634929657 -0.19586971402168274 0.18460936844348907 
v -0.4903790056705475 -0.20312155783176422 0.16070467233657837 
v -0.4514227509498596 -0.24129869043827057 0.18460936844348907 
v -0.46808403730392456 -0.2502286732196808 0.16070467233657837 
v -0.42559173703193665 -0.28439030051231384 0.18460936844348907 
v -0.4412941038608551 -0.2948785126209259 0.16070467233657837 
v -0.3956853151321411 -0.3247250020503998 0.18460936844348907 
v -0.4103088974952698 -0.3367115557193756 0.16070467233657837 
v -0.36194321513175964 -0.36194321513175964 0.18460936844348907 
v -0.37530821561813354 -0.37530821561813354 0.16070467233657837 
v -0.3247250020503998 -0.3956853151321411 0.18460936844348907 
v -0.3367115557193756 -0.4103088974952698 0.16070467233657837 
v -0.28439030051231384 -0.42559173703193665 0.18460936844348907 
v -0.2948785126209259 -0.4412941038608551 0.16070467233657837 
v -0.24129869043827057 -0.4514227509498596 0.18460936844348907 
v -0.2502286732196808 -0.46808403730392456 0.16070467233657837 
v -0.19586971402168274 -0.472878634929657 0.18460936844348907 
v -0.20312155783176422 -0.4903790056705475 0.16070467233657837 
v -0.1485828012228012 -0.4898396134376526 0.18460936844348907 
v -0.15409661829471588 -0.5079392790794373 0.16070467233657837 
v -0.09985752403736115 -0.502005934715271 0.18460936844348907 
v -0.10357335209846497 -0.5205850601196289 0.16070467233657837 
v -0.0501733124256134 -0.509377658367157 0.18460936844348907 
v -0.052031226456165314 -0.5281965136528015 0.16070467233657837 
v -0.000009643200428399723 -0.5118349194526672 0.18460936844348907 
v -0.000009643200428399723 -0.5307736396789551 0.16070467233657837 
v 0.050154026597738266 -0.509377658367157 0.18460936844348907 
v 0.052011940628290176 -0.5281965136528015 0.16070467233657837 
v 0.09983823448419571 -0.502005934715271 0.18460936844348907 
v 0.10355406254529953 -0.5205850601196289 0.16070467233657837 
v 0.14856351912021637 -0.4898396134376526 0.18460936844348907 
v 0.15407732129096985 -0.5079392790794373 0.16070467233657837 
v 0.1958504170179367 -0.472878634929657 0.18460936844348907 
v 0.20310227572917938 -0.4903790056705475 0.16070467233657837 
v 0.24127940833568573 -0.4514227509498596 0.18460936844348907 
v 0.25020939111709595 -0.46808403730392456 0.16070467233657837 
v 0.284371018409729 -0.42559173703193665 0.18460936844348907 
v 0.29485923051834106 -0.4412941038608551 0.16070467233657837 
v 0.32470571994781494 -0.3956853151321411 0.18460936844348907 
v 0.33669227361679077 -0.4103088974952698 0.16070467233657837 
v 0.3619239330291748 -0.36194321513175964 0.18460936844348907 
v 0.3752889335155487 -0.37530821561813354 0.16070467233657837 
v 0.3956660330295563 -0.3247250020503998 0.18460936844348907 
v 0.41028961539268494 -0.3367115557193756 0.16070467233657837 
v 0.4255724549293518 -0.28439030051231384 0.18460936844348907 
v 0.4413347542285919 -0.2948785126209259 0.16070467233657837 
v 0.4514034390449524 -0.24129869043827057 0.18460936844348907 
v 0.4391172528266907 -0.18190538883209229 0.20966562628746033 
v 0.4191596508026123 -0.22403807938098907 0.20966562628746033 
v 0.39518657326698303 -0.26407313346862793 0.20966562628746033 
v 0.3674377501010895 -0.301531046628952 0.20966562628746033 
v 0.3360929489135742 -0.33611223101615906 0.20966562628746033 
v 0.3015117645263672 -0.36739709973335266 0.20966562628746033 
v 0.2640538215637207 -0.39520585536956787 0.20966562628746033 
v 0.2240787148475647 -0.41917893290519714 0.20966562628746033 
v 0.18188610672950745 -0.4391365349292755 0.20966562628746033 
v 0.1379554271697998 -0.45483890175819397 0.20966562628746033 
v 0.09270624071359634 -0.4661661982536316 0.20966562628746033 
v 0.04661799594759941 -0.4729984998703003 0.20966562628746033 
v -0.000009643200428399723 -0.47533589601516724 0.20966562628746033 
v -0.04657734930515289 -0.4729984998703003 0.20966562628746033 
v -0.09272553026676178 -0.4661661982536316 0.20966562628746033 
v -0.13797472417354584 -0.45483890175819397 0.20966562628746033 
v -0.18190538883209229 -0.4391365349292755 0.20966562628746033 
v -0.22403807938098907 -0.41917893290519714 0.20966562628746033 
v -0.26407313346862793 -0.39520585536956787 0.20966562628746033 
v -0.301531046628952 -0.36739709973335266 0.20966562628746033 
v -0.33611223101615906 -0.33611223101615906 0.20966562628746033 
v -0.36739709973335266 -0.301531046628952 0.20966562628746033 
v -0.39520585536956787 -0.26407313346862793 0.20966562628746033 
v -0.41917893290519714 -0.22403807938098907 0.20966562628746033 
v -0.4391365349292755 -0.18190538883209229 0.20966562628746033 
v -0.45483890175819397 -0.13797472417354584 0.20966562628746033 
v -0.4661661982536316 -0.09272553026676178 0.20966562628746033 
v -0.4729984998703003 -0.04657734930515289 0.20966562628746033 
v -0.47533589601516724 -0.000009643200428399723 0.20966562628746033 
v -0.4729984998703003 0.04661799594759941 0.20966562628746033 
v -0.4661661982536316 0.09270624071359634 0.20966562628746033 
v -0.45483890175819397 0.1379554271697998 0.20966562628746033 
v -0.4391365349292755 0.18188610672950745 0.20966562628746033 
v -0.41917893290519714 0.2240787148475647 0.20966562628746033 
v -0.39520585536956787 0.2640538215637207 0.20966562628746033 
v -0.36739709973335266 0.3015117645263672 0.20966562628746033 
v -0.33611223101615906 0.3360929489135742 0.20966562628746033 
v -0.301531046628952 0.3674377501010895 0.20966562628746033 
v -0.26407313346862793 0.39518657326698303 0.20966562628746033 
v -0.22403807938098907 0.4191596508026123 0.20966562628746033 
v -0.18190538883209229 0.4391172528266907 0.20966562628746033 
v -0.13797472417354584 0.45481961965560913 0.20966562628746033 
v -0.09272553026676178 0.46614688634872437 0.20966562628746033 
v -0.04657734930515289 0.4730391502380371 0.20966562628746033 
v -0.000009643200428399723 0.4753166139125824 0.20966562628746033 
v 0.04661799594759941 0.4730391502380371 0.20966562628746033 
v 0.09270624071359634 0.46614688634872437 0.20966562628746033 
v 0.1379554271697998 0.45481961965560913 0.20966562628746033 
v 0.18188610672950745 0.4391172528266907 0.20966562628746033 
v 0.2240787148475647 0.4191596508026123 0.20966562628746033 
v 0.2640538215637207 0.39518657326698303 0.20966562628746033 
v 0.3015117645263672 0.3674377501010895 0.20966562628746033 
v 0.3360929489135742 0.3360929489135742 0.20966562628746033 
v 0.3674377501010895 0.3015117645263672 0.20966562628746033 
v 0.39518657326698303 0.2640538215637207 0.20966562628746033 
v 0.4191596508026123 0.2240787148475647 0.20966562628746033 
v 0.4391172528266907 0.18188610672950745 0.20966562628746033 
v 0.45481961965560913 0.1379554271697998 0.20966562628746033 
v 0.46614688634872437 0.09270624071359634 0.20966562628746033 
v 0.4079522490501404 0.12375137954950333 0.2224717140197754 
v 0.3938680589199066 0.16312716901302338 0.2224717140197754 
v 0.37600812315940857 0.2009447067975998 0.2224717140197754 
v 0.35449227690696716 0.23684439063072205 0.2224717140197754 
v 0.3295602798461914 0.2704666256904602 0.2224717140197754 
v 0.30145183205604553 0.30145183205604553 0.2224717140197754 
v 0.2704666256904602 0.3295602798461914 0.2224717140197754 
v 0.23684439063072205 0.35449227690696716 0.2224717140197754 
v 0.2009447067975998 0.37600812315940857 0.2224717140197754 
v 0.16312716901302338 0.3938680589199066 0.2224717140197754 
v 0.12375137954950333 0.4079522490501404 0.2224717140197754 
v 0.08317694067955017 0.41814079880714417 0.2224717140197754 
v 0.04176344722509384 0.4242539405822754 0.2224717140197754 
v -0.000009643200428399723 0.4263515770435333 0.2224717140197754 
v -0.04178273677825928 0.4242539405822754 0.2224717140197754 
v -0.0831962302327156 0.41814079880714417 0.2224717140197754 
v -0.12377066910266876 0.4079522490501404 0.2224717140197754 
v -0.16314645111560822 0.3938680589199066 0.2224717140197754 
v -0.20096398890018463 0.37600812315940857 0.2224717140197754 
v -0.23686367273330688 0.35449227690696716 0.2224717140197754 
v -0.27048590779304504 0.3295602798461914 0.2224717140197754 
v -0.30147111415863037 0.30145183205604553 0.2224717140197754 
v -0.32957956194877625 0.2704666256904602 0.2224717140197754 
v -0.35445162653923035 0.23684439063072205 0.2224717140197754 
v -0.37596747279167175 0.2009447067975998 0.2224717140197754 
v -0.39388734102249146 0.16312716901302338 0.2224717140197754 
v -0.4079715311527252 0.12375137954950333 0.2224717140197754 
v -0.418160080909729 0.08317694067955017 0.2224717140197754 
v -0.42427322268486023 0.04176344722509384 0.2224717140197754 
v -0.4263109266757965 -0.000009643200428399723 0.2224717140197754 
v -0.42427322268486023 -0.04178273677825928 0.2224717140197754 
v -0.418160080909729 -0.0831962302327156 0.2224717140197754 
v -0.4079715311527252 -0.12377066910266876 0.2224717140197754 
v -0.39388734102249146 -0.16314645111560822 0.2224717140197754 
v -0.37596747279167175 -0.20096398890018463 0.2224717140197754 
v -0.35445162653923035 -0.23686367273330688 0.2224717140197754 
v -0.32957956194877625 -0.27048590779304504 0.2224717140197754 
v -0.30147111415863037 -0.30147111415863037 0.2224717140197754 
v -0.27048590779304504 -0.32957956194877625 0.2224717140197754 
v -0.23686367273330688 -0.35445162653923035 0.2224717140197754 
v -0.20096398890018463 -0.37596747279167175 0.2224717140197754 
v -0.16314645111560822 -0.39388734102249146 0.2224717140197754 
v -0.12377066910266876 -0.4079715311527252 0.2224717140197754 
v -0.0831962302327156 -0.418160080909729 0.2224717140197754 
v -0.04178273677825928 -0.42427322268486023 0.2224717140197754 
v -0.000009643200428399723 -0.4263109266757965 0.2224717140197754 
v 0.04176344722509384 -0.42427322268486023 0.2224717140197754 
v 0.08317694067955017 -0.418160080909729 0.2224717140197754 
v 0.12375137954950333 -0.4079715311527252 0.2224717140197754 
v 0.16312716901302338 -0.39388734102249146 0.2224717140197754 
v 0.2009447067975998 -0.37596747279167175 0.2224717140197754 
v 0.23684439063072205 -0.35445162653923035 0.2224717140197754 
v 0.2704666256904602 -0.32957956194877625 0.2224717140197754 
v 0.30145183205604553 -0.30147111415863037 0.2224717140197754 
v 0.3295602798461914 -0.27048590779304504 0.2224717140197754 
v 0.35449227690696716 -0.23686367273330688 0.2224717140197754 
v 0.37600812315940857 -0.20096398890018463 0.2224717140197754 
v 0.3938680589199066 -0.16314645111560822 0.2224717140197754 
v 0.3152962923049927 -0.16854038834571838 0.2255491465330124 
v 0.29725655913352966 -0.19862660765647888 0.2255491465330124 
v 0.2763400375843048 -0.22679497301578522 0.2255491465330124 
v 0.2527864873409271 -0.2527458369731903 0.2255491465330124 
v 0.22677569091320038 -0.27635931968688965 0.2255491465330124 
v 0.19860732555389404 -0.29721590876579285 0.2255491465330124 
v 0.16852110624313354 -0.31525564193725586 0.2255491465330124 
v 0.13681671023368835 -0.33023881912231445 0.2255491465330124 
v 0.10379379242658615 -0.342105507850647 0.2255491465330124 
v 0.06975202262401581 -0.3506159484386444 0.2255491465330124 
v 0.03505098447203636 -0.35577014088630676 0.2255491465330124 
v -0.000009643200428399723 -0.3574482798576355 0.2255491465330124 
v -0.03501034155488014 -0.35577014088630676 0.2255491465330124 
v -0.06971137225627899 -0.3506159484386444 0.2255491465330124 
v -0.10375314950942993 -0.342105507850647 0.2255491465330124 
v -0.13677605986595154 -0.33023881912231445 0.2255491465330124 
v -0.16854038834571838 -0.31525564193725586 0.2255491465330124 
v -0.19862660765647888 -0.29721590876579285 0.2255491465330124 
v -0.22679497301578522 -0.27635931968688965 0.2255491465330124 
v -0.2527458369731903 -0.2527458369731903 0.2255491465330124 
v -0.27635931968688965 -0.22679497301578522 0.2255491465330124 
v -0.29721590876579285 -0.19862660765647888 0.2255491465330124 
v -0.31525564193725586 -0.16854038834571838 0.2255491465330124 
v -0.33023881912231445 -0.13677605986595154 0.2255491465330124 
v -0.342105507850647 -0.10375314950942993 0.2255491465330124 
v -0.3506159484386444 -0.06971137225627899 0.2255491465330124 
v -0.35577014088630676 -0.03501034155488014 0.2255491465330124 
v -0.3574482798576355 -0.000009643200428399723 0.2255491465330124 
v -0.35577014088630676 0.03505098447203636 0.2255491465330124 
v -0.3506159484386444 0.06975202262401581 0.2255491465330124 
v -0.342105507850647 0.10379379242658615 0.2255491465330124 
v -0.33023881912231445 0.13681671023368835 0.2255491465330124 
v -0.31525564193725586 0.16852110624313354 0.2255491465330124 
v -0.29721590876579285 0.19860732555389404 0.2255491465330124 
v -0.27635931968688965 0.22677569091320038 0.2255491465330124 
v -0.2527458369731903 0.2527864873409271 0.2255491465330124 
v -0.22679497301578522 0.2763400375843048 0.2255491465330124 
v -0.19862660765647888 0.29725655913352966 0.2255491465330124 
v -0.16854038834571838 0.3152962923049927 0.2255491465330124 
v -0.13677605986595154 0.33027946949005127 0.2255491465330124 
v -0.10375314950942993 0.34208619594573975 0.2255491465330124 
v -0.06971137225627899 0.35059666633605957 0.2255491465330124 
v -0.03501034155488014 0.3557508587837219 0.2255491465330124 
v -0.000009643200428399723 0.3574889004230499 0.2255491465330124 
v 0.03505098447203636 0.3557508587837219 0.2255491465330124 
v 0.06975202262401581 0.35059666633605957 0.2255491465330124 
v 0.10379379242658615 0.34208619594573975 0.2255491465330124 
v 0.13681671023368835 0.33027946949005127 0.2255491465330124 
v 0.16852110624313354 0.3152962923049927 0.2255491465330124 
v 0.19860732555389404 0.29725655913352966 0.2255491465330124 
v 0.22677569091320038 0.2763400375843048 0.2255491465330124 
v 0.2527864873409271 0.2527864873409271 0.2255491465330124 
v 0.2763400375843048 0.22677569091320038 0.2255491465330124 
v 0.29725655913352966 0.19860732555389404 0.2255491465330124 
v 0.3152962923049927 0.16852110624313354 0.2255491465330124 
v 0.33027946949005127 0.13681671023368835 0.2255491465330124 
v 0.34208619594573975 0.10379379242658615 0.2255491465330124 
v 0.35059666633605957 0.06975202262401581 0.2255491465330124 
v 0.41814079880714417 0.08317694067955017 0.2224717140197754 
v 0.3557508587837219 0.03505098447203636 0.2255491465330124 
v 0.4242539405822754 0.04176344722509384 0.2224717140197754 
v 0.4263515770435333 -0.000009643200428399723 0.2224717140197754 
v 0.4730391502380371 0.046558063477277756 0.20966562628746033 
v 0.3574889004230499 -0.000009643200428399723 0.2255491465330124 
v 0.3557508587837219 -0.03501034155488014 0.2255491465330124 
v 0.4242539405822754 -0.04178273677825928 0.2224717140197754 
v 0.35059666633605957 -0.06971137225627899 0.2255491465330124 
v 0.41814079880714417 -0.0831962302327156 0.2224717140197754 
v 0.34208619594573975 -0.10375314950942993 0.2255491465330124 
v 0.4079522490501404 -0.12377066910266876 0.2224717140197754 
v 0.33027946949005127 -0.13677605986595154 0.2255491465330124 
v 0.45481961965560913 -0.13797472417354584 0.20966562628746033 
v 0.46614688634872437 -0.09272553026676178 0.20966562628746033 
v 0.4730391502380371 -0.04657734930515289 0.20966562628746033 
v 0.4753166139125824 -0.000009643200428399723 0.20966562628746033 
v 0.1806275099515915 -0.27036604285240173 -0.2570319175720215 
v 0.2062787115573883 -0.25136739015579224 -0.2570319175720215 
v 0.22989219427108765 -0.22991147637367249 -0.2570319175720215 
v -0.0634184405207634 -0.3189115524291992 -0.2570319175720215 
v -0.031893838196992874 -0.32358628511428833 -0.2570319175720215 
v -0.000009643200428399723 -0.32514452934265137 -0.2570319175720215 
v -0.27036604285240173 -0.18064680695533752 -0.2570319175720215 
v -0.25136739015579224 -0.20629799365997314 -0.2570319175720215 
v -0.22991147637367249 -0.22991147637367249 -0.2570319175720215 
v -0.3189115524291992 0.06345908343791962 -0.2570319175720215 
v -0.32358628511428833 0.03187455236911774 -0.2570319175720215 
v -0.32514452934265137 -0.000009643200428399723 -0.2570319175720215 
v -0.18064680695533752 0.2703467607498169 -0.2570319175720215 
v -0.20629799365997314 0.2513481080532074 -0.2570319175720215 
v -0.22991147637367249 0.22989219427108765 -0.2570319175720215 
v 0.06345908343791962 0.318892240524292 -0.2570319175720215 
v 0.03187455236911774 0.3235670030117035 -0.2570319175720215 
v -0.000009643200428399723 0.32512524724006653 -0.2570319175720215 
vn 0.290035 0.956116 -0.041497
vn 0.382354 0.923084 -0.041497
vn 0.382354 0.923084 -0.041497
vn 0.470991 0.881162 -0.041497
vn 0.470991 0.881162 -0.041497
vn 0.555092 0.830753 -0.041497
vn 0.555092 0.830753 -0.041497
vn 0.633847 0.772345 -0.041497
vn 0.633847 0.772345 -0.041497
vn 0.706498 0.706498 -0.041497
vn 0.706498 0.706498 -0.041497
vn 0.772345 0.633847 -0.041497
vn 0.772345 0.633847 -0.041497
vn 0.830753 0.555092 -0.041497
vn 0.830753 0.555092 -0.041497
vn 0.881162 0.470991 -0.041497
vn 0.881162 0.470991 -0.041497
vn 0.923084 0.382354 -0.041497
vn 0.923084 0.382354 -0.041497
vn 0.956116 0.290035 -0.041497
vn 0.956116 0.290035 -0.041497
vn 0.979941 0.194922 -0.041497
vn 0.979941 0.194922 -0.041497
vn 0.994328 0.097933 -0.041497
vn 0.994328 0.097933 -0.041497
vn 0.999139 0.000000 -0.041497
vn 0.999139 0.000000 -0.041497
vn 0.994328 -0.097933 -0.041497
vn 0.994328 -0.097933 -0.041497
vn 0.979941 -0.194922 -0.041497
vn 0.979941 -0.194922 -0.041497
vn 0.956116 -0.290035 -0.041497
vn 0.956116 -0.290035 -0.041497
vn 0.923084 -0.382354 -0.041497
vn 0.923084 -0.382354 -0.041497
vn 0.881162 -0.470991 -0.041497
vn 0.881162 -0.470991 -0.041497
vn 0.830753 -0.555092 -0.041497
vn 0.830753 -0.555092 -0.041497
vn 0.772345 -0.633847 -0.041497
vn 0.772345 -0.633847 -0.041497
vn 0.706498 -0.706498 -0.041497
vn 0.706498 -0.706498 -0.041497
vn 0.633847 -0.772345 -0.041497
vn 0.633847 -0.772345 -0.041497
vn 0.555092 -0.830753 -0.041497
vn 0.555092 -0.830753 -0.041497
vn 0.470991 -0.881162 -0.041497
vn 0.470991 -0.881162 -0.041497
vn 0.382354 -0.923084 -0.041497
vn 0.382354 -0.923084 -0.041497
vn 0.290035 -0.956116 -0.041497
vn 0.290035 -0.956116 -0.041497
vn 0.194922 -0.979941 -0.041497
vn 0.194922 -0.979941 -0.041497
vn 0.097933 -0.994328 -0.041497
vn 0.097933 -0.994328 -0.041497
vn 0.000000 -0.999139 -0.041497
vn 0.000000 -0.999139 -0.041497
vn -0.097933 -0.994328 -0.041497
vn -0.097933 -0.994328 -0.041497
vn -0.194922 -0.979941 -0.041497
vn -0.194922 -0.979941 -0.041497
vn -0.290035 -0.956116 -0.041497
vn -0.290035 -0.956116 -0.041497
vn -0.382354 -0.923084 -0.041497
vn -0.382354 -0.923084 -0.041497
vn -0.470991 -0.881162 -0.041497
vn -0.470991 -0.881162 -0.041497
vn -0.555092 -0.830753 -0.041497
vn -0.555092 -0.830753 -0.041497
vn -0.633847 -0.772345 -0.041497
vn -0.633847 -0.772345 -0.041497
vn -0.706498 -0.706498 -0.041497
vn -0.706498 -0.706498 -0.041497
vn -0.772345 -0.633847 -0.041497
vn -0.772345 -0.633847 -0.041497
vn -0.830753 -0.555092 -0.041497
vn -0.830753 -0.555092 -0.041497
vn -0.881162 -0.470991 -0.041497
vn -0.881162 -0.470991 -0.041497
vn -0.923084 -0.382354 -0.041497
vn -0.923084 -0.382354 -0.041497
vn -0.956116 -0.290035 -0.041497
vn -0.956116 -0.290035 -0.041497
vn -0.979941 -0.194922 -0.041497
vn -0.979941 -0.194922 -0.041497
vn -0.994328 -0.097933 -0.041497
vn -0.994328 -0.097933 -0.041497
vn -0.999139 0.000000 -0.041497
vn -0.999139 0.000000 -0.041497
vn -0.994328 0.097933 -0.041497
vn -0.994328 0.097933 -0.041497
vn -0.979941 0.194922 -0.041497
vn -0.979941 0.194922 -0.041497
vn -0.956116 0.290035 -0.041497
vn -0.956116 0.290035 -0.041497
vn -0.923084 0.382354 -0.041497
vn -0.923084 0.382354 -0.041497
vn -0.881162 0.470991 -0.041497
vn -0.881162 0.470991 -0.041497
vn -0.830753 0.555092 -0.041497
vn -0.830753 0.555092 -0.041497
vn -0.772345 0.633847 -0.041497
vn -0.772345 0.633847 -0.041497
vn -0.706498 0.706498 -0.041497
vn -0.706498 0.706498 -0.041497
vn -0.633847 0.772345 -0.041497
vn -0.633847 0.772345 -0.041497
vn -0.555092 0.830753 -0.041497
vn -0.555092 0.830753 -0.041497
vn -0.470991 0.881162 -0.041497
vn -0.470991 0.881162 -0.041497
vn -0.382354 0.923084 -0.041497
vn -0.382354 0.923084 -0.041497
vn -0.290035 0.956116 -0.041497
vn -0.290035 0.956116 -0.041497
vn -0.194922 0.979941 -0.041497
vn -0.194922 0.979941 -0.041497
vn -0.097933 0.994328 -0.041497
vn -0.097933 0.994328 -0.041497
vn 0.000000 0.999139 -0.041497
vn 0.000000 0.999139 -0.041497
vn 0.097933 0.994328 -0.041497
vn 0.097933 0.994328 -0.041497
vn 0.194922 0.979941 -0.041497
vn 0.194922 0.979941 -0.041497
vn 0.290035 0.956116 -0.041497
vn 0.007585 0.043016 -0.999046
vn 0.003889 0.017039 -0.999847
vn 0.014939 0.041046 -0.999046
vn 0.003889 0.017039 -0.999847
vn 0.003889 0.017039 -0.999847
vn 0.007585 0.043016 -0.999046
vn 0.003889 0.017039 -0.999847
vn 0.000000 0.043680 -0.999046
vn -0.003889 0.017039 -0.999847
vn -0.007585 0.043016 -0.999046
vn -0.003889 0.017039 -0.999847
vn -0.007585 0.043016 -0.999046
vn -0.003889 0.017039 -0.999847
vn -0.014939 0.041046 -0.999046
vn -0.003889 0.017039 -0.999847
vn -0.014939 0.041046 -0.999046
vn -0.003889 0.017039 -0.999847
vn -0.021840 0.037828 -0.999046
vn -0.010897 0.013664 -0.999847
vn -0.021840 0.037828 -0.999046
vn -0.010897 0.013664 -0.999847
vn -0.028077 0.033461 -0.999046
vn -0.010897 0.013664 -0.999847
vn -0.033461 0.028077 -0.999046
vn -0.010897 0.013664 -0.999847
vn -0.033461 0.028077 -0.999046
vn -0.010897 0.013664 -0.999847
vn -0.037828 0.021840 -0.999046
vn -0.015746 0.007583 -0.999847
vn -0.037828 0.021840 -0.999046
vn -0.015746 0.007583 -0.999847
vn -0.041046 0.014939 -0.999046
vn -0.015746 0.007583 -0.999847
vn -0.041046 0.014939 -0.999046
vn -0.015746 0.007583 -0.999847
vn -0.043016 0.007585 -0.999046
vn -0.017477 0.000000 -0.999847
vn -0.043016 0.007585 -0.999046
vn -0.017477 0.000000 -0.999847
vn -0.043680 0.000000 -0.999046
vn -0.017477 0.000000 -0.999847
vn -0.043016 -0.007585 -0.999046
vn -0.017477 0.000000 -0.999847
vn -0.043016 -0.007585 -0.999046
vn -0.017477 0.000000 -0.999847
vn -0.041046 -0.014939 -0.999046
vn -0.015746 -0.007583 -0.999847
vn -0.041046 -0.014939 -0.999046
vn -0.015746 -0.007583 -0.999847
vn -0.037828 -0.021840 -0.999046
vn -0.015746 -0.007583 -0.999847
vn -0.037828 -0.021840 -0.999046
vn -0.015746 -0.007583 -0.999847
vn -0.033461 -0.028077 -0.999046
vn -0.010897 -0.013664 -0.999847
vn -0.033461 -0.028077 -0.999046
vn -0.010897 -0.013664 -0.999847
vn -0.028077 -0.033461 -0.999046
vn -0.010897 -0.013664 -0.999847
vn -0.021840 -0.037828 -0.999046
vn -0.010897 -0.013664 -0.999847
vn -0.021840 -0.037828 -0.999046
vn -0.010897 -0.013664 -0.999847
vn -0.014939 -0.041046 -0.999046
vn -0.003889 -0.017039 -0.999847
vn -0.014939 -0.041046 -0.999046
vn -0.003889 -0.017039 -0.999847
vn -0.007585 -0.043016 -0.999046
vn -0.003889 -0.017039 -0.999847
vn -0.007585 -0.043016 -0.999046
vn -0.003889 -0.017039 -0.999847
vn 0.000000 -0.043680 -0.999046
vn 0.003889 -0.017039 -0.999847
vn 0.007585 -0.043016 -0.999046
vn 0.003889 -0.017039 -0.999847
vn 0.007585 -0.043016 -0.999046
vn 0.003889 -0.017039 -0.999847
vn 0.014939 -0.041046 -0.999046
vn 0.003889 -0.017039 -0.999847
vn 0.014939 -0.041046 -0.999046
vn 0.003889 -0.017039 -0.999847
vn 0.021840 -0.037828 -0.999046
vn 0.010897 -0.013664 -0.999847
vn 0.021840 -0.037828 -0.999046
vn 0.010897 -0.013664 -0.999847
vn 0.028077 -0.033461 -0.999046
vn 0.010897 -0.013664 -0.999847
vn 0.033461 -0.028077 -0.999046
vn 0.010897 -0.013664 -0.999847
vn 0.033461 -0.028077 -0.999046
vn 0.010897 -0.013664 -0.999847
vn 0.037828 -0.021840 -0.999046
vn 0.015746 -0.007583 -0.999847
vn 0.037828 -0.021840 -0.999046
vn 0.015746 -0.007583 -0.999847
vn 0.041046 -0.014939 -0.999046
vn 0.015746 -0.007583 -0.999847
vn 0.041046 -0.014939 -0.999046
vn 0.015746 -0.007583 -0.999847
vn 0.043016 -0.007585 -0.999046
vn 0.017477 0.000000 -0.999847
vn 0.043016 -0.007585 -0.999046
vn 0.017477 0.000000 -0.999847
vn 0.043680 0.000000 -0.999046
vn 0.017477 0.000000 -0.999847
vn 0.017477 0.000000 -0.999847
vn 0.043016 0.007585 -0.999046
vn 0.135037 0.000000 -0.990841
vn 0.134188 -0.015119 -0.990841
vn 0.131652 -0.030049 -0.990841
vn 0.129760 -0.037383 -0.990841
vn 0.124758 -0.051677 -0.990841
vn 0.118188 -0.065320 -0.990841
vn 0.114339 -0.071844 -0.990841
vn 0.105576 -0.084194 -0.990841
vn 0.095486 -0.095486 -0.990841
vn 0.084194 -0.105576 -0.990841
vn 0.078142 -0.110131 -0.990841
vn 0.065320 -0.118188 -0.990841
vn 0.051677 -0.124758 -0.990841
vn 0.037383 -0.129760 -0.990841
vn 0.030049 -0.131652 -0.990841
vn 0.015119 -0.134188 -0.990841
vn 0.000000 -0.135037 -0.990841
vn -0.015119 -0.134188 -0.990841
vn -0.022620 -0.133129 -0.990841
vn -0.037383 -0.129760 -0.990841
vn -0.051677 -0.124758 -0.990841
vn -0.065320 -0.118188 -0.990841
vn -0.078142 -0.110131 -0.990841
vn -0.084194 -0.105576 -0.990841
vn -0.095486 -0.095486 -0.990841
vn -0.105576 -0.084194 -0.990841
vn -0.114339 -0.071844 -0.990841
vn -0.118188 -0.065320 -0.990841
vn -0.124758 -0.051677 -0.990841
vn -0.129760 -0.037383 -0.990841
vn -0.133129 -0.022620 -0.990841
vn -0.134188 -0.015119 -0.990841
vn -0.135037 0.000000 -0.990841
vn -0.134188 0.015119 -0.990841
vn -0.133129 0.022620 -0.990841
vn -0.129760 0.037383 -0.990841
vn -0.124758 0.051677 -0.990841
vn -0.118188 0.065320 -0.990841
vn -0.110131 0.078142 -0.990841
vn -0.105576 0.084194 -0.990841
vn -0.095486 0.095486 -0.990841
vn -0.084194 0.105576 -0.990841
vn -0.071844 0.114339 -0.990841
vn -0.065320 0.118188 -0.990841
vn -0.051677 0.124758 -0.990841
vn -0.037383 0.129760 -0.990841
vn -0.022620 0.133129 -0.990841
vn -0.015119 0.134188 -0.990841
vn 0.000000 0.135037 -0.990841
vn 0.015119 0.134188 -0.990841
vn 0.030049 0.131652 -0.990841
vn 0.028343 0.291391 -0.956184
vn -0.001892 0.292760 -0.956184
vn -0.032108 0.291000 -0.956184
vn -0.054561 0.287637 -0.956184
vn -0.083966 0.280467 -0.956184
vn -0.112474 0.270299 -0.956184
vn -0.139779 0.257243 -0.956184
vn -0.165591 0.241437 -0.956184
vn -0.183802 0.227879 -0.956184
vn -0.206347 0.207685 -0.956184
vn -0.226686 0.185271 -0.956184
vn -0.244603 0.160878 -0.956184
vn -0.259905 0.134765 -0.956184
vn -0.269567 0.114219 -0.956184
vn -0.279918 0.085778 -0.956184
vn -0.287279 0.056420 -0.956184
vn -0.291568 0.026459 -0.956184
vn -0.292742 -0.003785 -0.956184
vn -0.291568 -0.026459 -0.956184
vn -0.287279 -0.056420 -0.956184
vn -0.279918 -0.085778 -0.956184
vn -0.269567 -0.114219 -0.956184
vn -0.259905 -0.134765 -0.956184
vn -0.244603 -0.160878 -0.956184
vn -0.226686 -0.185271 -0.956184
vn -0.206347 -0.207685 -0.956184
vn -0.183802 -0.227879 -0.956184
vn -0.165591 -0.241437 -0.956184
vn -0.139779 -0.257243 -0.956184
vn -0.112474 -0.270299 -0.956184
vn -0.083966 -0.280467 -0.956184
vn -0.054561 -0.287637 -0.956184
vn -0.032108 -0.291000 -0.956184
vn -0.001892 -0.292760 -0.956184
vn 0.028343 -0.291391 -0.956184
vn 0.058275 -0.286908 -0.956184
vn 0.087585 -0.279358 -0.956184
vn 0.108970 -0.271731 -0.956184
vn 0.136442 -0.259028 -0.956184
vn 0.162456 -0.243558 -0.956184
vn 0.186733 -0.225484 -0.956184
vn 0.209015 -0.205000 -0.956184
vn 0.224272 -0.188187 -0.956184
vn 0.242502 -0.164027 -0.956184
vn 0.258141 -0.138113 -0.956184
vn 0.271021 -0.110724 -0.956184
vn 0.281004 -0.082152 -0.956184
vn 0.286525 -0.060129 -0.956184
vn 0.291202 -0.030226 -0.956184
vn 0.292766 0.000000 -0.956184
vn 0.134188 0.015119 -0.990841
vn 0.131652 0.030049 -0.990841
vn 0.043016 0.007585 -0.999046
vn 0.129760 0.037383 -0.990841
vn 0.041046 0.014939 -0.999046
vn 0.124758 0.051677 -0.990841
vn 0.041046 0.014939 -0.999046
vn 0.015746 0.007583 -0.999847
vn 0.015746 0.007583 -0.999847
vn 0.037828 0.021840 -0.999046
vn 0.015746 0.007583 -0.999847
vn 0.017477 0.000000 -0.999847
vn 0.118188 0.065320 -0.990841
vn 0.037828 0.021840 -0.999046
vn 0.114339 0.071844 -0.990841
vn 0.015746 0.007583 -0.999847
vn 0.033461 0.028077 -0.999046
vn 0.010897 0.013664 -0.999847
vn 0.033461 0.028077 -0.999046
vn 0.010897 0.013664 -0.999847
vn 0.028077 0.033461 -0.999046
vn 0.010897 0.013664 -0.999847
vn 0.105576 0.084194 -0.990841
vn 0.095486 0.095486 -0.990841
vn 0.084194 0.105576 -0.990841
vn 0.078142 0.110131 -0.990841
vn 0.021840 0.037828 -0.999046
vn 0.065320 0.118188 -0.990841
vn 0.021840 0.037828 -0.999046
vn 0.051677 0.124758 -0.990841
vn 0.014939 0.041046 -0.999046
vn 0.010897 0.013664 -0.999847
vn 0.037383 0.129760 -0.990841
vn 0.058275 0.286908 -0.956184
vn 0.010897 0.013664 -0.999847
vn 0.087585 0.279358 -0.956184
vn 0.108970 0.271731 -0.956184
vn 0.136442 0.259028 -0.956184
vn 0.162456 0.243558 -0.956184
vn 0.186733 0.225484 -0.956184
vn 0.209015 0.205000 -0.956184
vn 0.224272 0.188187 -0.956184
vn 0.242502 0.164027 -0.956184
vn 0.258141 0.138113 -0.956184
vn 0.271021 0.110724 -0.956184
vn 0.281004 0.082152 -0.956184
vn 0.286525 0.060129 -0.956184
vn 0.291202 0.030226 -0.956184
vn 0.500631 0.000000 -0.865661
vn 0.497835 -0.052831 -0.865661
vn 0.491011 -0.097668 -0.865661
vn 0.480157 -0.141703 -0.865661
vn 0.462522 -0.191583 -0.865661
vn 0.443286 -0.232655 -0.865661
vn 0.416259 -0.278135 -0.865661
vn 0.384583 -0.320510 -0.865661
vn 0.353999 -0.353999 -0.865661
vn 0.320510 -0.384583 -0.865661
vn 0.278135 -0.416259 -0.865661
vn 0.232655 -0.443286 -0.865661
vn 0.191583 -0.462522 -0.865661
vn 0.148939 -0.477962 -0.865661
vn 0.097668 -0.491011 -0.865661
vn 0.052831 -0.497835 -0.865661
vn 0.581977 -0.391991 -0.712493
vn 0.541279 -0.446509 -0.712493
vn 0.654922 -0.434766 -0.618107
vn 0.133412 -0.688880 -0.712493
vn 0.066072 -0.698562 -0.712493
vn 0.000000 -0.500631 -0.865661
vn -0.052831 -0.497835 -0.865661
vn -0.097668 -0.491011 -0.865661
vn -0.148939 -0.477962 -0.865661
vn -0.191583 -0.462522 -0.865661
vn -0.239323 -0.439722 -0.865661
vn -0.278135 -0.416259 -0.865661
vn -0.320510 -0.384583 -0.865661
vn -0.353999 -0.353999 -0.865661
vn -0.389380 -0.314665 -0.865661
vn -0.416259 -0.278135 -0.865661
vn -0.443286 -0.232655 -0.865661
vn -0.462522 -0.191583 -0.865661
vn -0.477962 -0.148939 -0.865661
vn -0.491011 -0.097668 -0.865661
vn -0.498576 -0.045307 -0.865661
vn 0.153822 -0.770897 -0.618107
vn -0.387274 -0.585126 -0.712493
vn -0.447966 -0.540074 -0.712493
vn -0.437907 -0.652826 -0.618107
vn -0.687779 -0.138976 -0.712493
vn -0.698005 -0.071716 -0.712493
vn -0.500631 0.000000 -0.865661
vn -0.497835 0.052831 -0.865661
vn -0.491011 0.097668 -0.865661
vn -0.477962 0.148939 -0.865661
vn -0.462522 0.191583 -0.865661
vn -0.443286 0.232655 -0.865661
vn -0.416259 0.278135 -0.865661
vn -0.384583 0.320510 -0.865661
vn -0.353999 0.353999 -0.865661
vn -0.314665 0.389380 -0.865661
vn -0.278135 0.416259 -0.865661
vn -0.232655 0.443286 -0.865661
vn -0.191583 0.462522 -0.865661
vn -0.148939 0.477962 -0.865661
vn -0.097668 0.491011 -0.865661
vn -0.045307 0.498576 -0.865661
vn -0.771627 -0.150117 -0.618107
vn -0.584081 0.388849 -0.712493
vn -0.543678 0.443586 -0.712493
vn -0.654922 0.434766 -0.618107
vn -0.137123 0.688151 -0.712493
vn -0.069835 0.698196 -0.712493
vn 0.000000 0.500631 -0.865661
vn 0.052831 0.497835 -0.865661
vn 0.097668 0.491011 -0.865661
vn 0.148939 0.477962 -0.865661
vn 0.191583 0.462522 -0.865661
vn 0.239323 0.439722 -0.865661
vn 0.278135 0.416259 -0.865661
vn 0.320510 0.384583 -0.865661
vn 0.353999 0.353999 -0.865661
vn 0.389380 0.314665 -0.865661
vn 0.416259 0.278135 -0.865661
vn 0.443286 0.232655 -0.865661
vn 0.462522 0.191583 -0.865661
vn 0.480157 0.141703 -0.865661
vn 0.491011 0.097668 -0.865661
vn 0.497835 0.052831 -0.865661
vn 0.701679 0.000000 -0.712493
vn -0.153822 0.770897 -0.618107
vn 0.390421 0.583031 -0.712493
vn 0.445049 0.542480 -0.712493
vn 0.437907 0.652826 -0.618107
vn 0.688518 0.135268 -0.712493
vn 0.698381 0.067953 -0.712493
vn 0.786094 0.000000 -0.618107
vn 0.698381 -0.067953 -0.712493
vn 0.688518 -0.135268 -0.712493
vn 0.782469 -0.075406 -0.618107
vn 0.771627 -0.150117 -0.618107
vn 0.771627 0.150117 -0.618107
vn 0.782469 0.075406 -0.618107
vn 0.786094 0.000000 -0.618107
vn 0.782469 -0.075406 -0.618107
vn 0.771627 -0.150117 -0.618107
vn 0.751487 -0.230674 -0.618107
vn 0.751487 -0.230674 -0.618107
vn 0.725894 -0.301697 -0.618107
vn 0.725894 -0.301697 -0.618107
vn 0.693607 -0.369938 -0.618107
vn 0.693607 -0.369938 -0.618107
vn 0.654922 -0.434766 -0.618107
vn 0.605407 -0.501424 -0.618107
vn 0.605407 -0.501424 -0.618107
vn 0.554516 -0.557186 -0.618107
vn 0.554516 -0.557186 -0.618107
vn 0.498510 -0.607809 -0.618107
vn 0.498510 -0.607809 -0.618107
vn 0.437907 -0.652826 -0.618107
vn 0.437907 -0.652826 -0.618107
vn 0.373265 -0.691822 -0.618107
vn 0.373265 -0.691822 -0.618107
vn 0.298207 -0.727335 -0.618107
vn 0.298207 -0.727335 -0.618107
vn 0.227062 -0.752587 -0.618107
vn 0.227062 -0.752587 -0.618107
vn 0.153822 -0.770897 -0.618107
vn 0.079164 -0.782098 -0.618107
vn 0.079164 -0.782098 -0.618107
vn -0.003776 -0.786085 -0.618107
vn -0.003776 -0.786085 -0.618107
vn -0.079164 -0.782098 -0.618107
vn -0.079164 -0.782098 -0.618107
vn -0.153822 -0.770897 -0.618107
vn -0.153822 -0.770897 -0.618107
vn -0.227062 -0.752587 -0.618107
vn -0.227062 -0.752587 -0.618107
vn -0.298207 -0.727335 -0.618107
vn -0.298207 -0.727335 -0.618107
vn -0.373265 -0.691822 -0.618107
vn -0.373265 -0.691822 -0.618107
vn -0.437907 -0.652826 -0.618107
vn -0.498510 -0.607809 -0.618107
vn -0.498510 -0.607809 -0.618107
vn -0.554516 -0.557186 -0.618107
vn -0.554516 -0.557186 -0.618107
vn -0.605407 -0.501424 -0.618107
vn -0.605407 -0.501424 -0.618107
vn -0.654922 -0.434766 -0.618107
vn -0.654922 -0.434766 -0.618107
vn -0.693607 -0.369938 -0.618107
vn -0.693607 -0.369938 -0.618107
vn -0.725894 -0.301697 -0.618107
vn -0.725894 -0.301697 -0.618107
vn -0.751487 -0.230674 -0.618107
vn -0.751487 -0.230674 -0.618107
vn -0.771627 -0.150117 -0.618107
vn -0.782469 -0.075406 -0.618107
vn -0.782469 -0.075406 -0.618107
vn -0.786094 0.000000 -0.618107
vn -0.786094 0.000000 -0.618107
vn -0.782469 0.075406 -0.618107
vn -0.782469 0.075406 -0.618107
vn -0.771627 0.150117 -0.618107
vn -0.771627 0.150117 -0.618107
vn -0.751487 0.230674 -0.618107
vn -0.751487 0.230674 -0.618107
vn -0.725894 0.301697 -0.618107
vn -0.725894 0.301697 -0.618107
vn -0.693607 0.369938 -0.618107
vn -0.693607 0.369938 -0.618107
vn -0.654922 0.434766 -0.618107
vn -0.605407 0.501424 -0.618107
vn -0.605407 0.501424 -0.618107
vn -0.554516 0.557186 -0.618107
vn -0.554516 0.557186 -0.618107
vn -0.498510 0.607809 -0.618107
vn -0.498510 0.607809 -0.618107
vn -0.437907 0.652826 -0.618107
vn -0.437907 0.652826 -0.618107
vn -0.373265 0.691822 -0.618107
vn -0.373265 0.691822 -0.618107
vn -0.298207 0.727335 -0.618107
vn -0.298207 0.727335 -0.618107
vn -0.227062 0.752587 -0.618107
vn -0.227062 0.752587 -0.618107
vn -0.153822 0.770897 -0.618107
vn -0.079164 0.782098 -0.618107
vn -0.079164 0.782098 -0.618107
vn 0.003776 0.786085 -0.618107
vn 0.003776 0.786085 -0.618107
vn 0.079164 0.782098 -0.618107
vn 0.079164 0.782098 -0.618107
vn 0.153822 0.770897 -0.618107
vn 0.153822 0.770897 -0.618107
vn 0.227062 0.752587 -0.618107
vn 0.227062 0.752587 -0.618107
vn 0.298207 0.727335 -0.618107
vn 0.298207 0.727335 -0.618107
vn 0.373265 0.691822 -0.618107
vn 0.373265 0.691822 -0.618107
vn 0.437907 0.652826 -0.618107
vn 0.498510 0.607809 -0.618107
vn 0.498510 0.607809 -0.618107
vn 0.554516 0.557186 -0.618107
vn 0.554516 0.557186 -0.618107
vn 0.605407 0.501424 -0.618107
vn 0.605407 0.501424 -0.618107
vn 0.654922 0.434766 -0.618107
vn 0.654922 0.434766 -0.618107
vn 0.693607 0.369938 -0.618107
vn 0.693607 0.369938 -0.618107
vn 0.725894 0.301697 -0.618107
vn 0.725894 0.301697 -0.618107
vn 0.751487 0.230674 -0.618107
vn 0.751487 0.230674 -0.618107
vn 0.771627 0.150117 -0.618107
vn 0.782469 0.075406 -0.618107
vn 0.581977 0.391991 -0.712493
vn 0.541279 0.446509 -0.712493
vn 0.495493 0.496830 -0.712493
vn 0.056772 0.000000 -0.998387
vn 0.173887 0.000000 -0.984766
vn 0.056265 -0.007567 -0.998387
vn 0.173226 -0.015155 -0.984766
vn 0.056265 -0.007567 -0.998387
vn 0.171246 -0.030195 -0.984766
vn 0.054754 -0.014999 -0.998387
vn 0.165839 -0.052289 -0.984766
vn 0.052267 -0.022163 -0.998387
vn 0.056265 0.007567 -0.998387
vn 0.173226 0.015155 -0.984766
vn 0.171246 0.030195 -0.984766
vn 0.056265 0.007567 -0.998387
vn 0.165839 0.052289 -0.984766
vn 0.054754 0.014999 -0.998387
vn 0.160651 0.066544 -0.984766
vn 0.052267 0.022163 -0.998387
vn 0.154240 0.080292 -0.984766
vn 0.048846 0.028932 -0.998387
vn 0.142440 0.099738 -0.984766
vn 0.048846 0.028932 -0.998387
vn 0.133205 0.111773 -0.984766
vn 0.044554 0.035184 -0.998387
vn 0.122957 0.122957 -0.984766
vn 0.039467 0.040809 -0.998387
vn 0.111773 0.133205 -0.984766
vn 0.033676 0.045705 -0.998387
vn 0.093430 0.146655 -0.984766
vn 0.033676 0.045705 -0.998387
vn 0.080292 0.154240 -0.984766
vn 0.027283 0.049786 -0.998387
vn 0.066544 0.160651 -0.984766
vn 0.020404 0.052978 -0.998387
vn 0.052289 0.165839 -0.984766
vn 0.013161 0.055225 -0.998387
vn 0.037636 0.169765 -0.984766
vn 0.013161 0.055225 -0.998387
vn 0.015155 0.173226 -0.984766
vn 0.005683 0.056486 -0.998387
vn 0.000000 0.173887 -0.984766
vn -0.001897 0.056740 -0.998387
vn -0.015155 0.173226 -0.984766
vn -0.001897 0.056740 -0.998387
vn -0.037636 0.169765 -0.984766
vn -0.009443 0.055981 -0.998387
vn -0.052289 0.165839 -0.984766
vn -0.016820 0.054223 -0.998387
vn -0.066544 0.160651 -0.984766
vn -0.023897 0.051497 -0.998387
vn -0.080292 0.154240 -0.984766
vn -0.023897 0.051497 -0.998387
vn -0.093430 0.146655 -0.984766
vn -0.030548 0.047852 -0.998387
vn -0.111773 0.133205 -0.984766
vn -0.036653 0.043354 -0.998387
vn -0.122957 0.122957 -0.984766
vn -0.042105 0.038081 -0.998387
vn -0.133205 0.111773 -0.984766
vn -0.042105 0.038081 -0.998387
vn -0.142440 0.099738 -0.984766
vn -0.046805 0.032130 -0.998387
vn -0.154240 0.080292 -0.984766
vn -0.050670 0.025605 -0.998387
vn -0.160651 0.066544 -0.984766
vn -0.053630 0.018622 -0.998387
vn -0.165839 0.052289 -0.984766
vn -0.053630 0.018622 -0.998387
vn -0.169765 0.037636 -0.984766
vn -0.055634 0.011308 -0.998387
vn -0.173226 0.015155 -0.984766
vn -0.056645 0.003792 -0.998387
vn -0.173887 0.000000 -0.984766
vn -0.056645 0.003792 -0.998387
vn -0.173226 -0.015155 -0.984766
vn -0.056645 -0.003792 -0.998387
vn -0.171246 -0.030195 -0.984766
vn -0.055634 -0.011308 -0.998387
vn -0.165839 -0.052289 -0.984766
vn -0.053630 -0.018622 -0.998387
vn -0.160651 -0.066544 -0.984766
vn -0.053630 -0.018622 -0.998387
vn -0.154240 -0.080292 -0.984766
vn -0.050670 -0.025605 -0.998387
vn -0.142440 -0.099738 -0.984766
vn -0.046805 -0.032130 -0.998387
vn -0.133205 -0.111773 -0.984766
vn -0.042105 -0.038081 -0.998387
vn -0.122957 -0.122957 -0.984766
vn -0.042105 -0.038081 -0.998387
vn -0.111773 -0.133205 -0.984766
vn -0.036653 -0.043354 -0.998387
vn -0.099738 -0.142440 -0.984766
vn -0.030548 -0.047852 -0.998387
vn -0.080292 -0.154240 -0.984766
vn -0.023897 -0.051497 -0.998387
vn -0.066544 -0.160651 -0.984766
vn -0.023897 -0.051497 -0.998387
vn -0.052289 -0.165839 -0.984766
vn -0.016820 -0.054223 -0.998387
vn -0.030195 -0.171246 -0.984766
vn -0.009443 -0.055981 -0.998387
vn -0.015155 -0.173226 -0.984766
vn -0.001897 -0.056740 -0.998387
vn 0.000000 -0.173887 -0.984766
vn -0.001897 -0.056740 -0.998387
vn 0.015155 -0.173226 -0.984766
vn 0.005683 -0.056486 -0.998387
vn 0.030195 -0.171246 -0.984766
vn 0.013161 -0.055225 -0.998387
vn 0.052289 -0.165839 -0.984766
vn 0.013161 -0.055225 -0.998387
vn 0.066544 -0.160651 -0.984766
vn 0.020404 -0.052978 -0.998387
vn 0.080292 -0.154240 -0.984766
vn 0.027283 -0.049786 -0.998387
vn 0.093430 -0.146655 -0.984766
vn 0.033676 -0.045705 -0.998387
vn 0.111773 -0.133205 -0.984766
vn 0.033676 -0.045705 -0.998387
vn 0.122957 -0.122957 -0.984766
vn 0.039467 -0.040809 -0.998387
vn 0.133205 -0.111773 -0.984766
vn 0.044554 -0.035184 -0.998387
vn 0.146655 -0.093430 -0.984766
vn 0.048846 -0.028932 -0.998387
vn 0.154240 -0.080292 -0.984766
vn 0.048846 -0.028932 -0.998387
vn 0.160651 -0.066544 -0.984766
vn 0.358117 -0.111594 -0.926984
vn 0.345086 -0.147027 -0.926984
vn 0.332136 -0.174318 -0.926984
vn 0.312931 -0.206823 -0.926984
vn 0.290556 -0.237231 -0.926984
vn 0.265237 -0.265237 -0.926984
vn 0.237231 -0.290556 -0.926984
vn 0.206823 -0.312931 -0.926984
vn 0.174318 -0.332136 -0.926984
vn 0.147027 -0.345086 -0.926984
vn 0.111594 -0.358117 -0.926984
vn 0.075030 -0.367521 -0.926984
vn 0.037706 -0.373202 -0.926984
vn 0.000000 -0.375102 -0.926984
vn -0.037706 -0.373202 -0.926984
vn -0.075030 -0.367521 -0.926984
vn -0.111594 -0.358117 -0.926984
vn -0.147027 -0.345086 -0.926984
vn -0.174318 -0.332136 -0.926984
vn -0.206823 -0.312931 -0.926984
vn -0.237231 -0.290556 -0.926984
vn -0.265237 -0.265237 -0.926984
vn -0.290556 -0.237231 -0.926984
vn -0.312931 -0.206823 -0.926984
vn -0.332136 -0.174318 -0.926984
vn -0.347977 -0.140049 -0.926984
vn -0.358117 -0.111594 -0.926984
vn -0.367521 -0.075030 -0.926984
vn -0.373202 -0.037706 -0.926984
vn -0.375102 0.000000 -0.926984
vn -0.373202 0.037706 -0.926984
vn -0.367521 0.075030 -0.926984
vn -0.358117 0.111594 -0.926984
vn -0.345086 0.147027 -0.926984
vn -0.332136 0.174318 -0.926984
vn -0.312931 0.206823 -0.926984
vn -0.290556 0.237231 -0.926984
vn -0.265237 0.265237 -0.926984
vn -0.237231 0.290556 -0.926984
vn -0.206823 0.312931 -0.926984
vn -0.174318 0.332136 -0.926984
vn -0.147027 0.345086 -0.926984
vn -0.111594 0.358117 -0.926984
vn -0.075030 0.367521 -0.926984
vn -0.037706 0.373202 -0.926984
vn 0.000000 0.375102 -0.926984
vn 0.037706 0.373202 -0.926984
vn 0.075030 0.367521 -0.926984
vn 0.111594 0.358117 -0.926984
vn 0.147027 0.345086 -0.926984
vn 0.174318 0.332136 -0.926984
vn 0.206823 0.312931 -0.926984
vn 0.237231 0.290556 -0.926984
vn 0.265237 0.265237 -0.926984
vn 0.290556 0.237231 -0.926984
vn 0.312931 0.206823 -0.926984
vn 0.332136 0.174318 -0.926984
vn 0.347977 0.140049 -0.926984
vn 0.358117 0.111594 -0.926984
vn 0.367521 0.075030 -0.926984
vn 0.601958 0.186056 -0.776550
vn 0.581370 0.242856 -0.776550
vn 0.555437 0.297423 -0.776550
vn 0.524396 0.349255 -0.776550
vn 0.488534 0.397875 -0.776550
vn 0.448180 0.442838 -0.776550
vn 0.397875 0.488534 -0.776550
vn 0.349255 0.524396 -0.776550
vn 0.297423 0.555437 -0.776550
vn 0.242856 0.581370 -0.776550
vn 0.186056 0.601958 -0.776550
vn 0.120138 0.618496 -0.776550
vn 0.060346 0.627159 -0.776550
vn 0.000000 0.630056 -0.776550
vn -0.060346 0.627159 -0.776550
vn -0.120138 0.618496 -0.776550
vn -0.186056 0.601958 -0.776550
vn -0.242856 0.581370 -0.776550
vn -0.297423 0.555437 -0.776550
vn -0.349255 0.524396 -0.776550
vn -0.397875 0.488534 -0.776550
vn -0.442838 0.448180 -0.776550
vn -0.488534 0.397875 -0.776550
vn -0.524396 0.349255 -0.776550
vn -0.555437 0.297423 -0.776550
vn -0.581370 0.242856 -0.776550
vn -0.601958 0.186056 -0.776550
vn -0.618496 0.120138 -0.776550
vn -0.627159 0.060346 -0.776550
vn -0.630056 0.000000 -0.776550
vn -0.627159 -0.060346 -0.776550
vn -0.618496 -0.120138 -0.776550
vn -0.601958 -0.186056 -0.776550
vn -0.581370 -0.242856 -0.776550
vn -0.555437 -0.297423 -0.776550
vn -0.524396 -0.349255 -0.776550
vn -0.488534 -0.397875 -0.776550
vn -0.448180 -0.442838 -0.776550
vn -0.397875 -0.488534 -0.776550
vn -0.349255 -0.524396 -0.776550
vn -0.297423 -0.555437 -0.776550
vn -0.242856 -0.581370 -0.776550
vn -0.186056 -0.601958 -0.776550
vn -0.120138 -0.618496 -0.776550
vn -0.060346 -0.627159 -0.776550
vn 0.000000 -0.630056 -0.776550
vn 0.060346 -0.627159 -0.776550
vn 0.120138 -0.618496 -0.776550
vn 0.186056 -0.601958 -0.776550
vn 0.242856 -0.581370 -0.776550
vn 0.297423 -0.555437 -0.776550
vn 0.349255 -0.524396 -0.776550
vn 0.397875 -0.488534 -0.776550
vn 0.442838 -0.448180 -0.776550
vn 0.488534 -0.397875 -0.776550
vn 0.524396 -0.349255 -0.776550
vn 0.555437 -0.297423 -0.776550
vn 0.581370 -0.242856 -0.776550
vn 0.601958 -0.186056 -0.776550
vn 0.730598 -0.223476 -0.645202
vn 0.704948 -0.294556 -0.645202
vn 0.672402 -0.362755 -0.645202
vn 0.633277 -0.427404 -0.645202
vn 0.592757 -0.482031 -0.645202
vn 0.542239 -0.538230 -0.645202
vn 0.486417 -0.589163 -0.645202
vn 0.425836 -0.634333 -0.645202
vn 0.361090 -0.673297 -0.645202
vn 0.292811 -0.705674 -0.645202
vn 0.221668 -0.731148 -0.645202
vn 0.148356 -0.749470 -0.645202
vn 0.073593 -0.760460 -0.645202
vn -0.001890 -0.764010 -0.645202
vn -0.077354 -0.760086 -0.645202
vn -0.152062 -0.748727 -0.645202
vn -0.225283 -0.730043 -0.645202
vn -0.289316 -0.707114 -0.645202
vn -0.357755 -0.675075 -0.645202
vn -0.422693 -0.636432 -0.645202
vn -0.483496 -0.591562 -0.645202
vn -0.539570 -0.540906 -0.645202
vn -0.590365 -0.484958 -0.645202
vn -0.635384 -0.424266 -0.645202
vn -0.674188 -0.359423 -0.645202
vn -0.706397 -0.291065 -0.645202
vn -0.731695 -0.219859 -0.645202
vn -0.749835 -0.146502 -0.645202
vn -0.760639 -0.071712 -0.645202
vn -0.764003 -0.003780 -0.645202
vn -0.760639 0.071712 -0.645202
vn -0.749835 0.146502 -0.645202
vn -0.731695 0.219859 -0.645202
vn -0.706397 0.291065 -0.645202
vn -0.674188 0.359423 -0.645202
vn -0.635384 0.424266 -0.645202
vn -0.590365 0.484958 -0.645202
vn -0.539570 0.540906 -0.645202
vn -0.483496 0.591562 -0.645202
vn -0.422693 0.636432 -0.645202
vn -0.357755 0.675075 -0.645202
vn -0.289316 0.707114 -0.645202
vn -0.225283 0.730043 -0.645202
vn -0.152062 0.748727 -0.645202
vn -0.077354 0.760086 -0.645202
vn -0.001890 0.764010 -0.645202
vn 0.073593 0.760460 -0.645202
vn 0.148356 0.749470 -0.645202
vn 0.221668 0.731148 -0.645202
vn 0.292811 0.705674 -0.645202
vn 0.361090 0.673297 -0.645202
vn 0.425836 0.634333 -0.645202
vn 0.486417 0.589163 -0.645202
vn 0.542239 0.538230 -0.645202
vn 0.592757 0.482031 -0.645202
vn 0.633277 0.427404 -0.645202
vn 0.672402 0.362755 -0.645202
vn 0.704948 0.294556 -0.645202
vn 0.730598 0.223476 -0.645202
vn 0.618496 0.120138 -0.776550
vn 0.749101 0.150210 -0.645202
vn 0.627159 0.060346 -0.776550
vn 0.760275 0.075474 -0.645202
vn 0.764012 0.000000 -0.645202
vn 0.630056 0.000000 -0.776550
vn 0.627159 -0.060346 -0.776550
vn 0.760275 -0.075474 -0.645202
vn 0.618496 -0.120138 -0.776550
vn 0.749101 -0.150210 -0.645202
vn 0.367521 -0.075030 -0.926984
vn 0.373202 -0.037706 -0.926984
vn 0.375102 0.000000 -0.926984
vn 0.373202 0.037706 -0.926984
vn 0.306926 -0.096939 -0.946784
vn 0.225057 -0.045007 -0.973306
vn 0.316183 -0.060238 -0.946784
vn 0.228397 -0.022614 -0.973306
vn 0.219528 -0.066963 -0.973306
vn 0.296456 -0.125358 -0.946784
vn 0.211862 -0.088267 -0.973306
vn 0.283361 -0.152667 -0.946784
vn 0.202134 -0.108712 -0.973306
vn 0.267757 -0.178625 -0.946784
vn 0.190439 -0.128099 -0.973306
vn 0.249782 -0.203001 -0.946784
vn 0.176891 -0.146239 -0.973306
vn 0.229596 -0.225580 -0.946784
vn 0.161622 -0.162957 -0.973306
vn 0.201528 -0.250972 -0.946784
vn 0.144780 -0.178088 -0.973306
vn 0.177046 -0.268803 -0.946784
vn 0.126528 -0.191486 -0.973306
vn 0.150998 -0.284254 -0.946784
vn 0.107046 -0.203021 -0.973306
vn 0.123612 -0.297188 -0.946784
vn 0.086521 -0.212581 -0.973306
vn 0.095131 -0.307491 -0.946784
vn 0.065155 -0.220071 -0.973306
vn 0.065809 -0.315071 -0.946784
vn 0.043155 -0.225420 -0.973306
vn 0.028367 -0.320618 -0.946784
vn 0.020735 -0.228575 -0.973306
vn -0.001894 -0.321865 -0.946784
vn -0.001888 -0.229506 -0.973306
vn -0.032138 -0.320262 -0.946784
vn -0.024491 -0.228203 -0.973306
vn -0.062097 -0.315824 -0.946784
vn -0.046857 -0.224680 -0.973306
vn -0.091507 -0.308589 -0.946784
vn -0.068766 -0.218970 -0.973306
vn -0.120106 -0.298622 -0.946784
vn -0.090006 -0.211129 -0.973306
vn -0.154332 -0.282458 -0.946784
vn -0.110370 -0.201233 -0.973306
vn -0.180197 -0.266701 -0.946784
vn -0.129661 -0.189379 -0.973306
vn -0.204467 -0.248584 -0.946784
vn -0.147689 -0.175683 -0.973306
vn -0.226926 -0.228265 -0.946784
vn -0.164280 -0.160276 -0.973306
vn -0.247377 -0.205926 -0.946784
vn -0.179273 -0.143310 -0.973306
vn -0.265637 -0.181763 -0.946784
vn -0.192520 -0.124949 -0.973306
vn -0.285137 -0.149323 -0.946784
vn -0.203895 -0.105373 -0.973306
vn -0.297910 -0.121861 -0.946784
vn -0.213285 -0.084770 -0.973306
vn -0.308045 -0.093321 -0.946784
vn -0.220599 -0.063343 -0.973306
vn -0.315453 -0.063954 -0.946784
vn -0.225767 -0.041300 -0.973306
vn -0.320067 -0.034021 -0.946784
vn -0.228738 -0.018854 -0.973306
vn -0.321848 0.003787 -0.946784
vn -0.229482 -0.003775 -0.973306
vn -0.320067 0.034021 -0.946784
vn -0.228738 0.018854 -0.973306
vn -0.315453 0.063954 -0.946784
vn -0.225767 0.041300 -0.973306
vn -0.308045 0.093321 -0.946784
vn -0.220599 0.063343 -0.973306
vn -0.297910 0.121861 -0.946784
vn -0.213285 0.084770 -0.973306
vn -0.285137 0.149323 -0.946784
vn -0.203895 0.105373 -0.973306
vn -0.265637 0.181763 -0.946784
vn -0.192520 0.124949 -0.973306
vn -0.247377 0.205926 -0.946784
vn -0.179273 0.143310 -0.973306
vn -0.226926 0.228265 -0.946784
vn -0.164280 0.160276 -0.973306
vn -0.204467 0.248584 -0.946784
vn -0.147689 0.175683 -0.973306
vn -0.180197 0.266701 -0.946784
vn -0.129661 0.189379 -0.973306
vn -0.154332 0.282458 -0.946784
vn -0.110370 0.201233 -0.973306
vn -0.120106 0.298622 -0.946784
vn -0.090006 0.211129 -0.973306
vn -0.091507 0.308589 -0.946784
vn -0.068766 0.218970 -0.973306
vn -0.062097 0.315824 -0.946784
vn -0.046857 0.224680 -0.973306
vn -0.032138 0.320262 -0.946784
vn -0.024491 0.228203 -0.973306
vn -0.001894 0.321865 -0.946784
vn -0.001888 0.229506 -0.973306
vn 0.028367 0.320618 -0.946784
vn 0.020735 0.228575 -0.973306
vn 0.065809 0.315071 -0.946784
vn 0.043155 0.225420 -0.973306
vn 0.095131 0.307491 -0.946784
vn 0.065155 0.220071 -0.973306
vn 0.123612 0.297188 -0.946784
vn 0.086521 0.212581 -0.973306
vn 0.150998 0.284254 -0.946784
vn 0.107046 0.203021 -0.973306
vn 0.177046 0.268803 -0.946784
vn 0.126528 0.191486 -0.973306
vn 0.201528 0.250972 -0.946784
vn 0.144780 0.178088 -0.973306
vn 0.229596 0.225580 -0.946784
vn 0.161622 0.162957 -0.973306
vn 0.249782 0.203001 -0.946784
vn 0.176891 0.146239 -0.973306
vn 0.267757 0.178625 -0.946784
vn 0.190439 0.128099 -0.973306
vn 0.283361 0.152667 -0.946784
vn 0.202134 0.108712 -0.973306
vn 0.296456 0.125358 -0.946784
vn 0.211862 0.088267 -0.973306
vn 0.306926 0.096939 -0.946784
vn 0.219528 0.066963 -0.973306
vn 0.316183 0.060238 -0.946784
vn 0.225057 0.045007 -0.973306
vn 0.320446 0.030253 -0.946784
vn 0.228397 0.022614 -0.973306
vn 0.229514 0.000000 -0.973306
vn 0.321870 0.000000 -0.946784
vn 0.452316 0.045261 -0.890709
vn 0.445561 0.090072 -0.890709
vn 0.434379 0.133988 -0.890709
vn 0.418880 0.176573 -0.890709
vn 0.399217 0.217402 -0.890709
vn 0.379791 0.249793 -0.890709
vn 0.353033 0.286366 -0.890709
vn 0.322766 0.320094 -0.890709
vn 0.289291 0.350641 -0.890709
vn 0.252941 0.377702 -0.890709
vn 0.214077 0.401010 -0.890709
vn 0.173085 0.420333 -0.890709
vn 0.130373 0.435478 -0.890709
vn 0.086366 0.446295 -0.890709
vn 0.041500 0.452676 -0.890709
vn -0.003778 0.454559 -0.890709
vn -0.041500 0.452676 -0.890709
vn -0.086366 0.446295 -0.890709
vn -0.130373 0.435478 -0.890709
vn -0.173085 0.420333 -0.890709
vn -0.214077 0.401010 -0.890709
vn -0.252941 0.377702 -0.890709
vn -0.289291 0.350641 -0.890709
vn -0.322766 0.320094 -0.890709
vn -0.353033 0.286366 -0.890709
vn -0.379791 0.249793 -0.890709
vn -0.399217 0.217402 -0.890709
vn -0.418880 0.176573 -0.890709
vn -0.434379 0.133988 -0.890709
vn -0.445561 0.090072 -0.890709
vn -0.452316 0.045261 -0.890709
vn -0.454574 0.000000 -0.890709
vn -0.452316 -0.045261 -0.890709
vn -0.445561 -0.090072 -0.890709
vn -0.434379 -0.133988 -0.890709
vn -0.418880 -0.176573 -0.890709
vn -0.399217 -0.217402 -0.890709
vn -0.379791 -0.249793 -0.890709
vn -0.353033 -0.286366 -0.890709
vn -0.322766 -0.320094 -0.890709
vn -0.289291 -0.350641 -0.890709
vn -0.252941 -0.377702 -0.890709
vn -0.214077 -0.401010 -0.890709
vn -0.173085 -0.420333 -0.890709
vn -0.130373 -0.435478 -0.890709
vn -0.086366 -0.446295 -0.890709
vn -0.041500 -0.452676 -0.890709
vn -0.003778 -0.454559 -0.890709
vn 0.041500 -0.452676 -0.890709
vn 0.086366 -0.446295 -0.890709
vn 0.130373 -0.435478 -0.890709
vn 0.173085 -0.420333 -0.890709
vn 0.214077 -0.401010 -0.890709
vn 0.252941 -0.377702 -0.890709
vn 0.289291 -0.350641 -0.890709
vn 0.322766 -0.320094 -0.890709
vn 0.353033 -0.286366 -0.890709
vn 0.379791 -0.249793 -0.890709
vn 0.399217 -0.217402 -0.890709
vn 0.418880 -0.176573 -0.890709
vn 0.434379 -0.133988 -0.890709
vn 0.445561 -0.090072 -0.890709
vn 0.320446 -0.030253 -0.946784
vn 0.452316 -0.045261 -0.890709
vn 0.454574 0.000000 -0.890709
vn 0.592467 0.060371 -0.803330
vn 0.584773 0.112706 -0.803330
vn 0.570335 0.171405 -0.803330
vn 0.550021 0.228338 -0.803330
vn 0.524041 0.282918 -0.803330
vn 0.496869 0.328304 -0.803330
vn 0.461028 0.376981 -0.803330
vn 0.420438 0.421774 -0.803330
vn 0.375516 0.462222 -0.803330
vn 0.333019 0.493721 -0.803330
vn 0.281254 0.524936 -0.803330
vn 0.226591 0.550743 -0.803330
vn 0.169594 0.570876 -0.803330
vn 0.118268 0.583673 -0.803330
vn 0.058490 0.592656 -0.803330
vn -0.001890 0.595532 -0.803330
vn -0.054728 0.593015 -0.803330
vn -0.114561 0.584412 -0.803330
vn -0.173214 0.569788 -0.803330
vn -0.230082 0.549294 -0.803330
vn -0.277917 0.526711 -0.803330
vn -0.329879 0.495824 -0.803330
vn -0.378442 0.459830 -0.803330
vn -0.423106 0.419098 -0.803330
vn -0.458626 0.379899 -0.803330
vn -0.494775 0.331450 -0.803330
vn -0.525826 0.279587 -0.803330
vn -0.551460 0.224842 -0.803330
vn -0.569236 0.175021 -0.803330
vn -0.584046 0.116415 -0.803330
vn -0.592838 0.056609 -0.803330
vn -0.595523 0.003780 -0.803330
vn -0.592838 -0.056609 -0.803330
vn -0.584046 -0.116415 -0.803330
vn -0.569236 -0.175021 -0.803330
vn -0.551460 -0.224842 -0.803330
vn -0.525826 -0.279587 -0.803330
vn -0.494775 -0.331450 -0.803330
vn -0.458626 -0.379899 -0.803330
vn -0.423106 -0.419098 -0.803330
vn -0.378442 -0.459830 -0.803330
vn -0.329879 -0.495824 -0.803330
vn -0.277917 -0.526711 -0.803330
vn -0.230082 -0.549294 -0.803330
vn -0.173214 -0.569788 -0.803330
vn -0.114561 -0.584412 -0.803330
vn -0.054728 -0.593015 -0.803330
vn -0.001890 -0.595532 -0.803330
vn 0.058490 -0.592656 -0.803330
vn 0.118268 -0.583673 -0.803330
vn 0.169594 -0.570876 -0.803330
vn 0.226591 -0.550743 -0.803330
vn 0.281254 -0.524936 -0.803330
vn 0.333019 -0.493721 -0.803330
vn 0.375516 -0.462222 -0.803330
vn 0.420438 -0.421774 -0.803330
vn 0.461028 -0.376981 -0.803330
vn 0.496869 -0.328304 -0.803330
vn 0.524041 -0.282918 -0.803330
vn 0.550021 -0.228338 -0.803330
vn 0.570335 -0.171405 -0.803330
vn 0.584773 -0.112706 -0.803330
vn 0.592467 -0.060371 -0.803330
vn 0.595535 0.000000 -0.803330
vn 0.676351 0.000000 -0.736580
vn 0.672930 -0.067940 -0.736580
vn 0.662701 -0.135193 -0.736580
vn 0.647977 -0.193845 -0.736580
vn 0.625228 -0.257955 -0.736580
vn 0.596153 -0.319454 -0.736580
vn 0.561049 -0.377723 -0.736580
vn 0.525067 -0.426326 -0.736580
vn 0.479587 -0.476913 -0.736580
vn 0.429255 -0.522676 -0.736580
vn 0.374581 -0.563151 -0.736580
vn 0.316117 -0.597930 -0.736580
vn 0.261446 -0.623776 -0.736580
vn 0.197465 -0.646883 -0.736580
vn 0.131486 -0.663447 -0.736580
vn 0.064177 -0.673299 -0.736580
vn -0.003781 -0.676340 -0.736580
vn -0.064177 -0.673299 -0.736580
vn -0.131486 -0.663447 -0.736580
vn -0.197465 -0.646883 -0.736580
vn -0.261446 -0.623776 -0.736580
vn -0.316117 -0.597930 -0.736580
vn -0.374581 -0.563151 -0.736580
vn -0.429255 -0.522676 -0.736580
vn -0.479587 -0.476913 -0.736580
vn -0.525067 -0.426326 -0.736580
vn -0.561049 -0.377723 -0.736580
vn -0.596153 -0.319454 -0.736580
vn -0.625228 -0.257955 -0.736580
vn -0.647977 -0.193845 -0.736580
vn -0.662701 -0.135193 -0.736580
vn -0.672930 -0.067940 -0.736580
vn -0.676351 0.000000 -0.736580
vn -0.672930 0.067940 -0.736580
vn -0.662701 0.135193 -0.736580
vn -0.647977 0.193845 -0.736580
vn -0.625228 0.257955 -0.736580
vn -0.596153 0.319454 -0.736580
vn -0.561049 0.377723 -0.736580
vn -0.525067 0.426326 -0.736580
vn -0.479587 0.476913 -0.736580
vn -0.429255 0.522676 -0.736580
vn -0.374581 0.563151 -0.736580
vn -0.316117 0.597930 -0.736580
vn -0.261446 0.623776 -0.736580
vn -0.197465 0.646883 -0.736580
vn -0.131486 0.663447 -0.736580
vn -0.064177 0.673299 -0.736580
vn -0.003781 0.676340 -0.736580
vn 0.064177 0.673299 -0.736580
vn 0.131486 0.663447 -0.736580
vn 0.197465 0.646883 -0.736580
vn 0.261446 0.623776 -0.736580
vn 0.316117 0.597930 -0.736580
vn 0.374581 0.563151 -0.736580
vn 0.429255 0.522676 -0.736580
vn 0.479587 0.476913 -0.736580
vn 0.525067 0.426326 -0.736580
vn 0.561049 0.377723 -0.736580
vn 0.596153 0.319454 -0.736580
vn 0.625228 0.257955 -0.736580
vn 0.647977 0.193845 -0.736580
vn 0.662701 0.135193 -0.736580
vn 0.672930 0.067940 -0.736580
vn 0.100327 0.000000 -0.994955
vn 0.100040 -0.007588 -0.994955
vn 0.122038 0.000000 -0.992526
vn 0.121095 -0.015145 -0.992526
vn 0.097751 -0.022589 -0.994955
vn 0.119919 -0.022644 -0.992526
vn 0.095762 -0.029917 -0.994955
vn 0.116182 -0.037351 -0.992526
vn 0.093226 -0.037074 -0.994955
vn 0.100040 0.007588 -0.994955
vn 0.121095 0.015145 -0.992526
vn 0.119919 0.022644 -0.992526
vn 0.097751 0.022589 -0.994955
vn 0.116182 0.037351 -0.992526
vn 0.095762 0.029917 -0.994955
vn 0.113635 0.044501 -0.992526
vn 0.093226 0.037074 -0.994955
vn 0.107234 0.058259 -0.992526
vn 0.090155 0.044018 -0.994955
vn 0.103405 0.064813 -0.992526
vn 0.082484 0.057112 -0.994955
vn 0.094562 0.077145 -0.992526
vn 0.077929 0.063187 -0.994955
vn 0.084257 0.088283 -0.992526
vn 0.072927 0.068900 -0.994955
vn 0.078606 0.093351 -0.992526
vn 0.061701 0.079111 -0.994955
vn 0.066414 0.102384 -0.992526
vn 0.055541 0.083550 -0.994955
vn 0.059920 0.106315 -0.992526
vn 0.049063 0.087512 -0.994955
vn 0.046263 0.112929 -0.992526
vn 0.035303 0.093911 -0.994955
vn 0.031891 0.117797 -0.992526
vn 0.028100 0.096311 -0.994955
vn 0.024506 0.119552 -0.992526
vn 0.020735 0.098161 -0.994955
vn 0.009480 0.121669 -0.992526
vn 0.013252 0.099448 -0.994955
vn 0.001898 0.122023 -0.992526
vn -0.001899 0.100309 -0.994955
vn -0.013260 0.121316 -0.992526
vn -0.009479 0.099878 -0.994955
vn -0.020776 0.120257 -0.992526
vn -0.017006 0.098875 -0.994955
vn -0.035539 0.116749 -0.992526
vn -0.031724 0.095179 -0.994955
vn -0.049753 0.111436 -0.992526
vn -0.038832 0.092507 -0.994955
vn -0.056585 0.108127 -0.992526
vn -0.045717 0.089306 -0.994955
vn -0.069566 0.100269 -0.992526
vn -0.058663 0.081389 -0.994955
vn -0.075665 0.095750 -0.992526
vn -0.064650 0.076719 -0.994955
vn -0.086962 0.085620 -0.992526
vn -0.070267 0.071610 -0.994955
vn -0.092117 0.080048 -0.992526
vn -0.075482 0.066091 -0.994955
vn -0.101339 0.067998 -0.992526
vn -0.084587 0.053950 -0.994955
vn -0.108994 0.054896 -0.992526
vn -0.088424 0.047398 -0.994955
vn -0.112196 0.048014 -0.992526
vn -0.091756 0.040575 -0.994955
vn -0.117287 0.033719 -0.992526
vn -0.096826 0.026272 -0.994955
vn -0.119157 0.026362 -0.992526
vn -0.098536 0.018874 -0.994955
vn -0.121507 0.011371 -0.992526
vn -0.099681 0.011368 -0.994955
vn -0.121979 0.003795 -0.992526
vn -0.100255 -0.003797 -0.994955
vn -0.121507 -0.011371 -0.992526
vn -0.099681 -0.011368 -0.994955
vn -0.119157 -0.026362 -0.992526
vn -0.098536 -0.018874 -0.994955
vn -0.117287 -0.033719 -0.992526
vn -0.096826 -0.026272 -0.994955
vn -0.112196 -0.048014 -0.992526
vn -0.091756 -0.040575 -0.994955
vn -0.108994 -0.054896 -0.992526
vn -0.088424 -0.047398 -0.994955
vn -0.101339 -0.067998 -0.992526
vn -0.084587 -0.053950 -0.994955
vn -0.092117 -0.080048 -0.992526
vn -0.075482 -0.066091 -0.994955
vn -0.086962 -0.085620 -0.992526
vn -0.070267 -0.071610 -0.994955
vn -0.075665 -0.095750 -0.992526
vn -0.064650 -0.076719 -0.994955
vn -0.069566 -0.100269 -0.992526
vn -0.058663 -0.081389 -0.994955
vn -0.056585 -0.108127 -0.992526
vn -0.045717 -0.089306 -0.994955
vn -0.049753 -0.111436 -0.992526
vn -0.038832 -0.092507 -0.994955
vn -0.035539 -0.116749 -0.992526
vn -0.031724 -0.095179 -0.994955
vn -0.020776 -0.120257 -0.992526
vn -0.017006 -0.098875 -0.994955
vn -0.013260 -0.121316 -0.992526
vn -0.009479 -0.099878 -0.994955
vn 0.001898 -0.122023 -0.992526
vn -0.001899 -0.100309 -0.994955
vn 0.009480 -0.121669 -0.992526
vn 0.013252 -0.099448 -0.994955
vn 0.024506 -0.119552 -0.992526
vn 0.020735 -0.098161 -0.994955
vn 0.031891 -0.117797 -0.992526
vn 0.028100 -0.096311 -0.994955
vn 0.046263 -0.112929 -0.992526
vn 0.035303 -0.093911 -0.994955
vn 0.059920 -0.106315 -0.992526
vn 0.049063 -0.087512 -0.994955
vn 0.066414 -0.102384 -0.992526
vn 0.055541 -0.083550 -0.994955
vn 0.078606 -0.093351 -0.992526
vn 0.061701 -0.079111 -0.994955
vn 0.084257 -0.088283 -0.992526
vn 0.072927 -0.068900 -0.994955
vn 0.094562 -0.077145 -0.992526
vn 0.077929 -0.063187 -0.994955
vn 0.103405 -0.064813 -0.992526
vn 0.082484 -0.057112 -0.994955
vn 0.107234 -0.058259 -0.992526
vn 0.090155 -0.044018 -0.994955
vn 0.113635 -0.044501 -0.992526
vn 0.154541 -0.045017 -0.986960
vn 0.149605 -0.059396 -0.986960
vn 0.143334 -0.073246 -0.986960
vn 0.135784 -0.086441 -0.986960
vn 0.122213 -0.104755 -0.986960
vn 0.111785 -0.115817 -0.986960
vn 0.100360 -0.125847 -0.986960
vn 0.088039 -0.134754 -0.986960
vn 0.074933 -0.142459 -0.986960
vn 0.061159 -0.148893 -0.986960
vn 0.046839 -0.153999 -0.986960
vn 0.032101 -0.157731 -0.986960
vn 0.017077 -0.160056 -0.986960
vn 0.001901 -0.160953 -0.986960
vn -0.013292 -0.160414 -0.986960
vn -0.028367 -0.158445 -0.986960
vn -0.043189 -0.155062 -0.986960
vn -0.064659 -0.147407 -0.986960
vn -0.078277 -0.140649 -0.986960
vn -0.091197 -0.132637 -0.986960
vn -0.103304 -0.123441 -0.986960
vn -0.114489 -0.113145 -0.986960
vn -0.124653 -0.101839 -0.986960
vn -0.133705 -0.089624 -0.986960
vn -0.141564 -0.076610 -0.986960
vn -0.148160 -0.062913 -0.986960
vn -0.153435 -0.048655 -0.986960
vn -0.157341 -0.033962 -0.986960
vn -0.159843 -0.018967 -0.986960
vn -0.160919 0.003802 -0.986960
vn -0.159843 0.018967 -0.986960
vn -0.157341 0.033962 -0.986960
vn -0.153435 0.048655 -0.986960
vn -0.148160 0.062913 -0.986960
vn -0.141564 0.076610 -0.986960
vn -0.133705 0.089624 -0.986960
vn -0.124653 0.101839 -0.986960
vn -0.114489 0.113145 -0.986960
vn -0.103304 0.123441 -0.986960
vn -0.091197 0.132637 -0.986960
vn -0.078277 0.140649 -0.986960
vn -0.064659 0.147407 -0.986960
vn -0.043189 0.155062 -0.986960
vn -0.028367 0.158445 -0.986960
vn -0.013292 0.160414 -0.986960
vn 0.001901 0.160953 -0.986960
vn 0.017077 0.160056 -0.986960
vn 0.032101 0.157731 -0.986960
vn 0.046839 0.153999 -0.986960
vn 0.061159 0.148893 -0.986960
vn 0.074933 0.142459 -0.986960
vn 0.088039 0.134754 -0.986960
vn 0.100360 0.125847 -0.986960
vn 0.111785 0.115817 -0.986960
vn 0.122213 0.104755 -0.986960
vn 0.135784 0.086441 -0.986960
vn 0.143334 0.073246 -0.986960
vn 0.149605 0.059396 -0.986960
vn 0.154541 0.045017 -0.986960
vn 0.158099 0.030236 -0.986960
vn 0.183807 0.052182 -0.981576
vn 0.176346 0.073556 -0.981576
vn 0.169988 0.087249 -0.981576
vn 0.158476 0.106741 -0.981576
vn 0.149553 0.118920 -0.981576
vn 0.134439 0.135773 -0.981576
vn 0.123300 0.145964 -0.981576
vn 0.105171 0.159522 -0.981576
vn 0.092248 0.167328 -0.981576
vn 0.071810 0.177064 -0.981576
vn 0.057606 0.182180 -0.981576
vn 0.035655 0.187715 -0.981576
vn 0.020723 0.189944 -0.981576
vn -0.001888 0.191062 -0.981576
vn -0.016966 0.190316 -0.981576
vn -0.039357 0.186974 -0.981576
vn -0.053996 0.183283 -0.981576
vn -0.075294 0.175610 -0.981576
vn -0.088924 0.169118 -0.981576
vn -0.108302 0.157413 -0.981576
vn -0.120392 0.148371 -0.981576
vn -0.137095 0.133091 -0.981576
vn -0.147175 0.121852 -0.981576
vn -0.160553 0.103589 -0.981576
vn -0.168231 0.090590 -0.981576
vn -0.177764 0.070057 -0.981576
vn -0.182741 0.055804 -0.981576
vn -0.188058 0.033799 -0.981576
vn -0.190139 0.018846 -0.981576
vn -0.191034 -0.003775 -0.981576
vn -0.190139 -0.018846 -0.981576
vn -0.188058 -0.033799 -0.981576
vn -0.182741 -0.055804 -0.981576
vn -0.177764 -0.070057 -0.981576
vn -0.168231 -0.090590 -0.981576
vn -0.160553 -0.103589 -0.981576
vn -0.147175 -0.121852 -0.981576
vn -0.137095 -0.133091 -0.981576
vn -0.120392 -0.148371 -0.981576
vn -0.108302 -0.157413 -0.981576
vn -0.088924 -0.169118 -0.981576
vn -0.075294 -0.175610 -0.981576
vn -0.053996 -0.183283 -0.981576
vn -0.039357 -0.186974 -0.981576
vn -0.016966 -0.190316 -0.981576
vn -0.001888 -0.191062 -0.981576
vn 0.020723 -0.189944 -0.981576
vn 0.035655 -0.187715 -0.981576
vn 0.057606 -0.182180 -0.981576
vn 0.071810 -0.177064 -0.981576
vn 0.092248 -0.167328 -0.981576
vn 0.105171 -0.159522 -0.981576
vn 0.123300 -0.145964 -0.981576
vn 0.134439 -0.135773 -0.981576
vn 0.149553 -0.118920 -0.981576
vn 0.158476 -0.106741 -0.981576
vn 0.169988 -0.087249 -0.981576
vn 0.176346 -0.073556 -0.981576
vn 0.183807 -0.052182 -0.981576
vn 0.187354 -0.037508 -0.981576
vn 0.158099 -0.030236 -0.986960
vn 0.190475 -0.015085 -0.981576
vn 0.160246 -0.015186 -0.986960
vn 0.191071 0.000000 -0.981576
vn 0.160964 0.000000 -0.986960
vn 0.160246 0.015186 -0.986960
vn 0.187354 0.037508 -0.981576
vn 0.190475 0.015085 -0.981576
vn 0.225259 0.000000 -0.974299
vn 0.224115 -0.022668 -0.974299
vn 0.220697 -0.045105 -0.974299
vn 0.215037 -0.067085 -0.974299
vn 0.207195 -0.088383 -0.974299
vn 0.197250 -0.108784 -0.974299
vn 0.185301 -0.128081 -0.974299
vn 0.176283 -0.140235 -0.974299
vn 0.161276 -0.157262 -0.974299
vn 0.144632 -0.172693 -0.974299
vn 0.126520 -0.186371 -0.974299
vn 0.107124 -0.198156 -0.974299
vn 0.086640 -0.207930 -0.974299
vn 0.065276 -0.215593 -0.974299
vn 0.043250 -0.221068 -0.974299
vn 0.020784 -0.224298 -0.974299
vn -0.001892 -0.225251 -0.974299
vn -0.024549 -0.223917 -0.974299
vn -0.046957 -0.220310 -0.974299
vn -0.068889 -0.214466 -0.974299
vn -0.083134 -0.209356 -0.974299
vn -0.103780 -0.199928 -0.974299
vn -0.123371 -0.188470 -0.974299
vn -0.141711 -0.175098 -0.974299
vn -0.158611 -0.159949 -0.974299
vn -0.173902 -0.143177 -0.974299
vn -0.187427 -0.124950 -0.974299
vn -0.199049 -0.105455 -0.974299
vn -0.208651 -0.084890 -0.974299
vn -0.216134 -0.063463 -0.974299
vn -0.221423 -0.041391 -0.974299
vn -0.224464 -0.018899 -0.974299
vn -0.225227 -0.003784 -0.974299
vn -0.224464 0.018899 -0.974299
vn -0.221423 0.041391 -0.974299
vn -0.216134 0.063463 -0.974299
vn -0.208651 0.084890 -0.974299
vn -0.199049 0.105455 -0.974299
vn -0.187427 0.124950 -0.974299
vn -0.173902 0.143177 -0.974299
vn -0.158611 0.159949 -0.974299
vn -0.141711 0.175098 -0.974299
vn -0.123371 0.188470 -0.974299
vn -0.103780 0.199928 -0.974299
vn -0.083134 0.209356 -0.974299
vn -0.068889 0.214466 -0.974299
vn -0.046957 0.220310 -0.974299
vn -0.024549 0.223917 -0.974299
vn -0.001892 0.225251 -0.974299
vn 0.020784 0.224298 -0.974299
vn 0.043250 0.221068 -0.974299
vn 0.065276 0.215593 -0.974299
vn 0.086640 0.207930 -0.974299
vn 0.107124 0.198156 -0.974299
vn 0.126520 0.186371 -0.974299
vn 0.144632 0.172693 -0.974299
vn 0.161276 0.157262 -0.974299
vn 0.176283 0.140235 -0.974299
vn 0.185301 0.128081 -0.974299
vn 0.197250 0.108784 -0.974299
vn 0.207195 0.088383 -0.974299
vn 0.215037 0.067085 -0.974299
vn 0.220697 0.045105 -0.974299
vn 0.224115 0.022668 -0.974299
vn 0.271808 0.000000 -0.962351
vn 0.270129 -0.030165 -0.962351
vn 0.266677 -0.052564 -0.962351
vn 0.259197 -0.081834 -0.962351
vn 0.251478 -0.103143 -0.962351
vn 0.238478 -0.130415 -0.962351
vn 0.226785 -0.149829 -0.962351
vn 0.208756 -0.174071 -0.962351
vn 0.193529 -0.190857 -0.962351
vn 0.171152 -0.211156 -0.962351
vn 0.152966 -0.224680 -0.962351
vn 0.127087 -0.240268 -0.962351
vn 0.106629 -0.250020 -0.962351
vn 0.078224 -0.260309 -0.962351
vn 0.056266 -0.265921 -0.962351
vn 0.026407 -0.270523 -0.962351
vn -0.003778 -0.271782 -0.962351
vn -0.026407 -0.270523 -0.962351
vn -0.056266 -0.265921 -0.962351
vn -0.078224 -0.260309 -0.962351
vn -0.106629 -0.250020 -0.962351
vn -0.127087 -0.240268 -0.962351
vn -0.152966 -0.224680 -0.962351
vn -0.171152 -0.211156 -0.962351
vn -0.193529 -0.190857 -0.962351
vn -0.208756 -0.174071 -0.962351
vn -0.226785 -0.149829 -0.962351
vn -0.238478 -0.130415 -0.962351
vn -0.251478 -0.103143 -0.962351
vn -0.259197 -0.081834 -0.962351
vn -0.266677 -0.052564 -0.962351
vn -0.270129 -0.030165 -0.962351
vn -0.271808 0.000000 -0.962351
vn -0.270129 0.030165 -0.962351
vn -0.266677 0.052564 -0.962351
vn -0.259197 0.081834 -0.962351
vn -0.251478 0.103143 -0.962351
vn -0.238478 0.130415 -0.962351
vn -0.226785 0.149829 -0.962351
vn -0.208756 0.174071 -0.962351
vn -0.193529 0.190857 -0.962351
vn -0.171152 0.211156 -0.962351
vn -0.152966 0.224680 -0.962351
vn -0.127087 0.240268 -0.962351
vn -0.106629 0.250020 -0.962351
vn -0.078224 0.260309 -0.962351
vn -0.056266 0.265921 -0.962351
vn -0.026407 0.270523 -0.962351
vn 0.003778 0.271782 -0.962351
vn 0.026407 0.270523 -0.962351
vn 0.056266 0.265921 -0.962351
vn 0.078224 0.260309 -0.962351
vn 0.106629 0.250020 -0.962351
vn 0.127087 0.240268 -0.962351
vn 0.152966 0.224680 -0.962351
vn 0.171152 0.211156 -0.962351
vn 0.193529 0.190857 -0.962351
vn 0.208756 0.174071 -0.962351
vn 0.226785 0.149829 -0.962351
vn 0.238478 0.130415 -0.962351
vn 0.251478 0.103143 -0.962351
vn 0.259197 0.081834 -0.962351
vn 0.266677 0.052564 -0.962351
vn 0.270129 0.030165 -0.962351
vn 0.413514 0.037759 -0.909715
vn 0.406930 0.082630 -0.909715
vn 0.397730 0.119292 -0.909715
vn 0.382348 0.161955 -0.909715
vn 0.366037 0.196053 -0.909715
vn 0.346692 0.228526 -0.909715
vn 0.319702 0.264972 -0.909715
vn 0.294283 0.292946 -0.909715
vn 0.260580 0.323292 -0.909715
vn 0.230102 0.345648 -0.909715
vn 0.197717 0.365140 -0.909715
vn 0.156717 0.384525 -0.909715
vn 0.121101 0.397183 -0.909715
vn 0.084482 0.406549 -0.909715
vn 0.039642 0.413338 -0.909715
vn 0.001891 0.415230 -0.909715
vn -0.043404 0.412960 -0.909715
vn -0.080776 0.407302 -0.909715
vn -0.117480 0.398269 -0.909715
vn -0.160212 0.383082 -0.909715
vn -0.194384 0.366926 -0.909715
vn -0.233240 0.343539 -0.909715
vn -0.263513 0.320906 -0.909715
vn -0.291603 0.295613 -0.909715
vn -0.322102 0.262049 -0.909715
vn -0.344597 0.231673 -0.909715
vn -0.367807 0.192711 -0.909715
vn -0.383807 0.158467 -0.909715
vn -0.396627 0.122909 -0.909715
vn -0.407665 0.078921 -0.909715
vn -0.413153 0.041523 -0.909715
vn -0.415217 0.003781 -0.909715
vn -0.413153 -0.041523 -0.909715
vn -0.407665 -0.078921 -0.909715
vn -0.396627 -0.122909 -0.909715
vn -0.383807 -0.158467 -0.909715
vn -0.367807 -0.192711 -0.909715
vn -0.344597 -0.231673 -0.909715
vn -0.322102 -0.262049 -0.909715
vn -0.291603 -0.295613 -0.909715
vn -0.263513 -0.320906 -0.909715
vn -0.233240 -0.343539 -0.909715
vn -0.194384 -0.366926 -0.909715
vn -0.160212 -0.383082 -0.909715
vn -0.117480 -0.398269 -0.909715
vn -0.080776 -0.407302 -0.909715
vn -0.043404 -0.412960 -0.909715
vn 0.001891 -0.415230 -0.909715
vn 0.039642 -0.413338 -0.909715
vn 0.084482 -0.406549 -0.909715
vn 0.121101 -0.397183 -0.909715
vn 0.156717 -0.384525 -0.909715
vn 0.197717 -0.365140 -0.909715
vn 0.230102 -0.345648 -0.909715
vn 0.260580 -0.323292 -0.909715
vn 0.294283 -0.292946 -0.909715
vn 0.319702 -0.264972 -0.909715
vn 0.346692 -0.228526 -0.909715
vn 0.366037 -0.196053 -0.909715
vn 0.382348 -0.161955 -0.909715
vn 0.397730 -0.119292 -0.909715
vn 0.406930 -0.082630 -0.909715
vn 0.413514 -0.037759 -0.909715
vn 0.415234 0.000000 -0.909715
vn 0.354020 -0.146640 0.923670
vn 0.366688 -0.111234 0.923670
vn 0.486020 -0.148416 0.861253
vn 0.498776 -0.097293 0.861253
vn 0.468040 -0.197944 0.861253
vn 0.337942 -0.180634 0.923670
vn 0.448614 -0.238722 0.861253
vn 0.318609 -0.212888 0.923670
vn 0.421484 -0.283891 0.861253
vn 0.296208 -0.243092 0.923670
vn 0.394611 -0.320196 0.861253
vn 0.270955 -0.270955 0.923670
vn 0.359335 -0.359335 0.861253
vn 0.243092 -0.296208 0.923670
vn 0.320196 -0.394611 0.861253
vn 0.212888 -0.318609 0.923670
vn 0.283891 -0.421484 0.861253
vn 0.180634 -0.337942 0.923670
vn 0.238722 -0.448614 0.861253
vn 0.146640 -0.354020 0.923670
vn 0.190987 -0.470922 0.861253
vn 0.111234 -0.366688 0.923670
vn 0.148416 -0.486020 0.861253
vn 0.074756 -0.375825 0.923670
vn 0.097293 -0.498776 0.861253
vn 0.037559 -0.381343 0.923670
vn 0.052620 -0.505445 0.861253
vn 0.000000 -0.383188 0.923670
vn 0.000000 -0.508176 0.861253
vn -0.037559 -0.381343 0.923670
vn -0.052620 -0.505445 0.861253
vn -0.074756 -0.375825 0.923670
vn -0.097293 -0.498776 0.861253
vn -0.111234 -0.366688 0.923670
vn -0.148416 -0.486020 0.861253
vn -0.146640 -0.354020 0.923670
vn -0.197944 -0.468040 0.861253
vn -0.180634 -0.337942 0.923670
vn -0.238722 -0.448614 0.861253
vn -0.212888 -0.318609 0.923670
vn -0.283891 -0.421484 0.861253
vn -0.243092 -0.296208 0.923670
vn -0.320196 -0.394611 0.861253
vn -0.270955 -0.270955 0.923670
vn -0.359335 -0.359335 0.861253
vn -0.296208 -0.243092 0.923670
vn -0.394611 -0.320196 0.861253
vn -0.318609 -0.212888 0.923670
vn -0.421484 -0.283891 0.861253
vn -0.337942 -0.180634 0.923670
vn -0.448614 -0.238722 0.861253
vn -0.354020 -0.146640 0.923670
vn -0.470922 -0.190987 0.861253
vn -0.366688 -0.111234 0.923670
vn -0.486020 -0.148416 0.861253
vn -0.375825 -0.074756 0.923670
vn -0.498776 -0.097293 0.861253
vn -0.381343 -0.037559 0.923670
vn -0.505445 -0.052620 0.861253
vn -0.383188 0.000000 0.923670
vn -0.508176 0.000000 0.861253
vn -0.381343 0.037559 0.923670
vn -0.505445 0.052620 0.861253
vn -0.375825 0.074756 0.923670
vn -0.498776 0.097293 0.861253
vn -0.366688 0.111234 0.923670
vn -0.486020 0.148416 0.861253
vn -0.354020 0.146640 0.923670
vn -0.468040 0.197944 0.861253
vn -0.337942 0.180634 0.923670
vn -0.448614 0.238722 0.861253
vn -0.318609 0.212888 0.923670
vn -0.421484 0.283891 0.861253
vn -0.296208 0.243092 0.923670
vn -0.394611 0.320196 0.861253
vn -0.270955 0.270955 0.923670
vn -0.359335 0.359335 0.861253
vn -0.243092 0.296208 0.923670
vn -0.320196 0.394611 0.861253
vn -0.212888 0.318609 0.923670
vn -0.283891 0.421484 0.861253
vn -0.180634 0.337942 0.923670
vn -0.238722 0.448614 0.861253
vn -0.146640 0.354020 0.923670
vn -0.190987 0.470922 0.861253
vn -0.111234 0.366688 0.923670
vn -0.148416 0.486020 0.861253
vn -0.074756 0.375825 0.923670
vn -0.097293 0.498776 0.861253
vn -0.037559 0.381343 0.923670
vn -0.052620 0.505445 0.861253
vn 0.000000 0.383188 0.923670
vn 0.000000 0.508176 0.861253
vn 0.037559 0.381343 0.923670
vn 0.052620 0.505445 0.861253
vn 0.074756 0.375825 0.923670
vn 0.097293 0.498776 0.861253
vn 0.111234 0.366688 0.923670
vn 0.148416 0.486020 0.861253
vn 0.146640 0.354020 0.923670
vn 0.197944 0.468040 0.861253
vn 0.180634 0.337942 0.923670
vn 0.238722 0.448614 0.861253
vn 0.212888 0.318609 0.923670
vn 0.283891 0.421484 0.861253
vn 0.243092 0.296208 0.923670
vn 0.320196 0.394611 0.861253
vn 0.270955 0.270955 0.923670
vn 0.359335 0.359335 0.861253
vn 0.296208 0.243092 0.923670
vn 0.394611 0.320196 0.861253
vn 0.318609 0.212888 0.923670
vn 0.421484 0.283891 0.861253
vn 0.337942 0.180634 0.923670
vn 0.448614 0.238722 0.861253
vn 0.354020 0.146640 0.923670
vn 0.470922 0.190987 0.861253
vn 0.366688 0.111234 0.923670
vn 0.486020 0.148416 0.861253
vn 0.375825 0.074756 0.923670
vn 0.498776 0.097293 0.861253
vn 0.381343 0.037559 0.923670
vn 0.505445 0.052620 0.861253
vn 0.508176 0.000000 0.861253
vn 0.383188 0.000000 0.923670
vn 0.381343 -0.037559 0.923670
vn 0.505445 -0.052620 0.861253
vn 0.375825 -0.074756 0.923670
vn 0.315780 -0.096282 0.943935
vn 0.323227 -0.067167 0.943935
vn 0.328764 -0.030020 0.943935
vn 0.330132 0.000000 0.943935
vn 0.328764 0.030020 0.943935
vn 0.323227 0.067167 0.943935
vn 0.315780 0.096282 0.943935
vn 0.305716 0.124598 0.943935
vn 0.289586 0.158515 0.943935
vn 0.273972 0.184192 0.943935
vn 0.256087 0.208342 0.943935
vn 0.236080 0.230766 0.943935
vn 0.208342 0.256087 0.943935
vn 0.184192 0.273972 0.943935
vn 0.158515 0.289586 0.943935
vn 0.124598 0.305716 0.943935
vn 0.096282 0.315780 0.943935
vn 0.067167 0.323227 0.943935
vn 0.030020 0.328764 0.943935
vn 0.000000 0.330132 0.943935
vn -0.030020 0.328764 0.943935
vn -0.067167 0.323227 0.943935
vn -0.096282 0.315780 0.943935
vn -0.124598 0.305716 0.943935
vn -0.158515 0.289586 0.943935
vn -0.184192 0.273972 0.943935
vn -0.208342 0.256087 0.943935
vn -0.230766 0.236080 0.943935
vn -0.256087 0.208342 0.943935
vn -0.273972 0.184192 0.943935
vn -0.289586 0.158515 0.943935
vn -0.305716 0.124598 0.943935
vn -0.315780 0.096282 0.943935
vn -0.323227 0.067167 0.943935
vn -0.328764 0.030020 0.943935
vn -0.330132 0.000000 0.943935
vn -0.328764 -0.030020 0.943935
vn -0.323227 -0.067167 0.943935
vn -0.315780 -0.096282 0.943935
vn -0.305716 -0.124598 0.943935
vn -0.289586 -0.158515 0.943935
vn -0.273972 -0.184192 0.943935
vn -0.256087 -0.208342 0.943935
vn -0.236080 -0.230766 0.943935
vn -0.208342 -0.256087 0.943935
vn -0.184192 -0.273972 0.943935
vn -0.158515 -0.289586 0.943935
vn -0.124598 -0.305716 0.943935
vn -0.096282 -0.315780 0.943935
vn -0.067167 -0.323227 0.943935
vn -0.030020 -0.328764 0.943935
vn 0.000000 -0.330132 0.943935
vn 0.030020 -0.328764 0.943935
vn 0.067167 -0.323227 0.943935
vn 0.096282 -0.315780 0.943935
vn 0.124598 -0.305716 0.943935
vn 0.158515 -0.289586 0.943935
vn 0.184192 -0.273972 0.943935
vn 0.208342 -0.256087 0.943935
vn 0.230766 -0.236080 0.943935
vn 0.256087 -0.208342 0.943935
vn 0.273972 -0.184192 0.943935
vn 0.289586 -0.158515 0.943935
vn 0.305716 -0.124598 0.943935
vn 0.272877 -0.117101 0.954896
vn 0.283324 -0.088893 0.954896
vn 0.290863 -0.059774 0.954896
vn 0.295418 -0.030041 0.954896
vn 0.296942 0.000000 0.954896
vn 0.295418 0.030041 0.954896
vn 0.290863 0.059774 0.954896
vn 0.283324 0.088893 0.954896
vn 0.275756 0.110150 0.954896
vn 0.263197 0.137483 0.954896
vn 0.247938 0.163405 0.954896
vn 0.230134 0.187650 0.954896
vn 0.209969 0.209969 0.954896
vn 0.187650 0.230134 0.954896
vn 0.163405 0.247938 0.954896
vn 0.137483 0.263197 0.954896
vn 0.110150 0.275756 0.954896
vn 0.088893 0.283324 0.954896
vn 0.059774 0.290863 0.954896
vn 0.030041 0.295418 0.954896
vn 0.000000 0.296942 0.954896
vn -0.030041 0.295418 0.954896
vn -0.059774 0.290863 0.954896
vn -0.088893 0.283324 0.954896
vn -0.110150 0.275756 0.954896
vn -0.137483 0.263197 0.954896
vn -0.163405 0.247938 0.954896
vn -0.187650 0.230134 0.954896
vn -0.209969 0.209969 0.954896
vn -0.230134 0.187650 0.954896
vn -0.247938 0.163405 0.954896
vn -0.263197 0.137483 0.954896
vn -0.272877 0.117101 0.954896
vn -0.283324 0.088893 0.954896
vn -0.290863 0.059774 0.954896
vn -0.295418 0.030041 0.954896
vn -0.296942 0.000000 0.954896
vn -0.295418 -0.030041 0.954896
vn -0.290863 -0.059774 0.954896
vn -0.283324 -0.088893 0.954896
vn -0.275756 -0.110150 0.954896
vn -0.263197 -0.137483 0.954896
vn -0.247938 -0.163405 0.954896
vn -0.230134 -0.187650 0.954896
vn -0.209969 -0.209969 0.954896
vn -0.187650 -0.230134 0.954896
vn -0.163405 -0.247938 0.954896
vn -0.137483 -0.263197 0.954896
vn -0.110150 -0.275756 0.954896
vn -0.088893 -0.283324 0.954896
vn -0.059774 -0.290863 0.954896
vn -0.030041 -0.295418 0.954896
vn 0.000000 -0.296942 0.954896
vn 0.030041 -0.295418 0.954896
vn 0.059774 -0.290863 0.954896
vn 0.088893 -0.283324 0.954896
vn 0.117101 -0.272877 0.954896
vn 0.137483 -0.263197 0.954896
vn 0.163405 -0.247938 0.954896
vn 0.187650 -0.230134 0.954896
vn 0.209969 -0.209969 0.954896
vn 0.230134 -0.187650 0.954896
vn 0.247938 -0.163405 0.954896
vn 0.263197 -0.137483 0.954896
vn 0.232949 -0.122915 0.964690
vn 0.242613 -0.102529 0.964690
vn 0.252719 -0.074205 0.964690
vn 0.258142 -0.052306 0.964690
vn 0.262422 -0.022539 0.964690
vn 0.263388 0.000000 0.964690
vn 0.262422 0.022539 0.964690
vn 0.258142 0.052306 0.964690
vn 0.252719 0.074205 0.964690
vn 0.242613 0.102529 0.964690
vn 0.232949 0.122915 0.964690
vn 0.217420 0.148668 0.964690
vn 0.203900 0.166728 0.964690
vn 0.188884 0.183565 0.964690
vn 0.166728 0.203900 0.964690
vn 0.148668 0.217420 0.964690
vn 0.122915 0.232949 0.964690
vn 0.102529 0.242613 0.964690
vn 0.074205 0.252719 0.964690
vn 0.052306 0.258142 0.964690
vn 0.022539 0.262422 0.964690
vn 0.000000 0.263388 0.964690
vn -0.022539 0.262422 0.964690
vn -0.052306 0.258142 0.964690
vn -0.074205 0.252719 0.964690
vn -0.102529 0.242613 0.964690
vn -0.122915 0.232949 0.964690
vn -0.148668 0.217420 0.964690
vn -0.166728 0.203900 0.964690
vn -0.183565 0.188884 0.964690
vn -0.203900 0.166728 0.964690
vn -0.217420 0.148668 0.964690
vn -0.232949 0.122915 0.964690
vn -0.242613 0.102529 0.964690
vn -0.252719 0.074205 0.964690
vn -0.258142 0.052306 0.964690
vn -0.262422 0.022539 0.964690
vn -0.263388 0.000000 0.964690
vn -0.262422 -0.022539 0.964690
vn -0.258142 -0.052306 0.964690
vn -0.252719 -0.074205 0.964690
vn -0.242613 -0.102529 0.964690
vn -0.232949 -0.122915 0.964690
vn -0.217420 -0.148668 0.964690
vn -0.203900 -0.166728 0.964690
vn -0.188884 -0.183565 0.964690
vn -0.166728 -0.203900 0.964690
vn -0.148668 -0.217420 0.964690
vn -0.122915 -0.232949 0.964690
vn -0.102529 -0.242613 0.964690
vn -0.074205 -0.252719 0.964690
vn -0.052306 -0.258142 0.964690
vn -0.022539 -0.262422 0.964690
vn 0.000000 -0.263388 0.964690
vn 0.022539 -0.262422 0.964690
vn 0.052306 -0.258142 0.964690
vn 0.074205 -0.252719 0.964690
vn 0.102529 -0.242613 0.964690
vn 0.122915 -0.232949 0.964690
vn 0.148668 -0.217420 0.964690
vn 0.166728 -0.203900 0.964690
vn 0.183565 -0.188884 0.964690
vn 0.203900 -0.166728 0.964690
vn 0.217420 -0.148668 0.964690
vn 0.175348 -0.119983 0.977168
vn 0.187048 -0.100776 0.977168
vn 0.196652 -0.080441 0.977168
vn 0.204053 -0.059205 0.977168
vn 0.207721 -0.044664 0.977168
vn 0.211278 -0.022458 0.977168
vn 0.212468 0.000000 0.977168
vn 0.211278 0.022458 0.977168
vn 0.207721 0.044664 0.977168
vn 0.204053 0.059205 0.977168
vn 0.196652 0.080441 0.977168
vn 0.187048 0.100776 0.977168
vn 0.175348 0.119983 0.977168
vn 0.166448 0.132053 0.977168
vn 0.151558 0.148906 0.977168
vn 0.134970 0.164091 0.977168
vn 0.116869 0.177438 0.977168
vn 0.097460 0.188797 0.977168
vn 0.083899 0.195202 0.977168
vn 0.062797 0.202976 0.977168
vn 0.040991 0.208477 0.977168
vn 0.018725 0.211642 0.977168
vn 0.003750 0.212435 0.977168
vn -0.018725 0.211642 0.977168
vn -0.040991 0.208477 0.977168
vn -0.062797 0.202976 0.977168
vn -0.083899 0.195202 0.977168
vn -0.097460 0.188797 0.977168
vn -0.116869 0.177438 0.977168
vn -0.134970 0.164091 0.977168
vn -0.151558 0.148906 0.977168
vn -0.166448 0.132053 0.977168
vn -0.175348 0.119983 0.977168
vn -0.187048 0.100776 0.977168
vn -0.196652 0.080441 0.977168
vn -0.204053 0.059205 0.977168
vn -0.207721 0.044664 0.977168
vn -0.211278 0.022458 0.977168
vn -0.212468 0.000000 0.977168
vn -0.211278 -0.022458 0.977168
vn -0.207721 -0.044664 0.977168
vn -0.204053 -0.059205 0.977168
vn -0.196652 -0.080441 0.977168
vn -0.187048 -0.100776 0.977168
vn -0.175348 -0.119983 0.977168
vn -0.166448 -0.132053 0.977168
vn -0.151558 -0.148906 0.977168
vn -0.134970 -0.164091 0.977168
vn -0.116869 -0.177438 0.977168
vn -0.097460 -0.188797 0.977168
vn -0.083899 -0.195202 0.977168
vn -0.062797 -0.202976 0.977168
vn -0.040991 -0.208477 0.977168
vn -0.018725 -0.211642 0.977168
vn -0.003750 -0.212435 0.977168
vn 0.018725 -0.211642 0.977168
vn 0.040991 -0.208477 0.977168
vn 0.062797 -0.202976 0.977168
vn 0.083899 -0.195202 0.977168
vn 0.097460 -0.188797 0.977168
vn 0.116869 -0.177438 0.977168
vn 0.134970 -0.164091 0.977168
vn 0.151558 -0.148906 0.977168
vn 0.166448 -0.132053 0.977168
vn 0.139645 -0.110681 0.983996
vn 0.148417 -0.098608 0.983996
vn 0.156148 -0.085843 0.983996
vn 0.165675 -0.065596 0.983996
vn 0.170583 -0.051502 0.983996
vn 0.174295 -0.037047 0.983996
vn 0.177563 -0.014910 0.983996
vn 0.178188 0.000000 0.983996
vn 0.177563 0.014910 0.983996
vn 0.174295 0.037047 0.983996
vn 0.170583 0.051502 0.983996
vn 0.165675 0.065596 0.983996
vn 0.156148 0.085843 0.983996
vn 0.148417 0.098608 0.983996
vn 0.139645 0.110681 0.983996
vn 0.124672 0.127311 0.983996
vn 0.113582 0.137297 0.983996
vn 0.101695 0.146319 0.983996
vn 0.082554 0.157911 0.983996
vn 0.069051 0.164265 0.983996
vn 0.055063 0.169467 0.983996
vn 0.033389 0.175032 0.983996
vn 0.018626 0.177212 0.983996
vn 0.003732 0.178149 0.983996
vn -0.018626 0.177212 0.983996
vn -0.033389 0.175032 0.983996
vn -0.055063 0.169467 0.983996
vn -0.069051 0.164265 0.983996
vn -0.082554 0.157911 0.983996
vn -0.101695 0.146319 0.983996
vn -0.113582 0.137297 0.983996
vn -0.124672 0.127311 0.983996
vn -0.139645 0.110681 0.983996
vn -0.148417 0.098608 0.983996
vn -0.156148 0.085843 0.983996
vn -0.165675 0.065596 0.983996
vn -0.170583 0.051502 0.983996
vn -0.174295 0.037047 0.983996
vn -0.177563 0.014910 0.983996
vn -0.178188 0.000000 0.983996
vn -0.177563 -0.014910 0.983996
vn -0.174295 -0.037047 0.983996
vn -0.170583 -0.051502 0.983996
vn -0.165675 -0.065596 0.983996
vn -0.156148 -0.085843 0.983996
vn -0.148417 -0.098608 0.983996
vn -0.139645 -0.110681 0.983996
vn -0.124672 -0.127311 0.983996
vn -0.113582 -0.137297 0.983996
vn -0.101695 -0.146319 0.983996
vn -0.082554 -0.157911 0.983996
vn -0.069051 -0.164265 0.983996
vn -0.055063 -0.169467 0.983996
vn -0.033389 -0.175032 0.983996
vn -0.018626 -0.177212 0.983996
vn -0.003732 -0.178149 0.983996
vn 0.018626 -0.177212 0.983996
vn 0.033389 -0.175032 0.983996
vn 0.055063 -0.169467 0.983996
vn 0.069051 -0.164265 0.983996
vn 0.082554 -0.157911 0.983996
vn 0.101695 -0.146319 0.983996
vn 0.113582 -0.137297 0.983996
vn 0.124672 -0.127311 0.983996
vn 0.655999 -0.200472 0.727651
vn 0.723212 -0.301094 0.621536
vn 0.633009 -0.264240 0.727651
vn 0.690940 -0.369182 0.621536
vn 0.748793 -0.230221 0.621536
vn 0.672583 -0.134745 0.727651
vn 0.768925 -0.149827 0.621536
vn 0.682598 -0.067703 0.727651
vn 0.779762 -0.075261 0.621536
vn 0.685947 0.000000 0.727651
vn 0.783386 0.000000 0.621536
vn 0.779762 0.075261 0.621536
vn 0.682598 0.067703 0.727651
vn 0.672583 0.134745 0.727651
vn 0.768925 0.149827 0.621536
vn 0.655999 0.200472 0.727651
vn 0.748793 0.230221 0.621536
vn 0.633009 0.264240 0.727651
vn 0.723212 0.301094 0.621536
vn 0.603838 0.325428 0.727651
vn 0.690940 0.369182 0.621536
vn 0.568770 0.383438 0.727651
vn 0.652276 0.433854 0.621536
vn 0.528147 0.437704 0.727651
vn 0.607578 0.494512 0.621536
vn 0.487695 0.482367 0.727651
vn 0.551935 0.555933 0.621536
vn 0.437704 0.528147 0.727651
vn 0.495973 0.606386 0.621536
vn 0.383438 0.568770 0.727651
vn 0.435422 0.651231 0.621536
vn 0.325428 0.603838 0.727651
vn 0.370843 0.690050 0.621536
vn 0.264240 0.633009 0.727651
vn 0.302833 0.722486 0.621536
vn 0.200472 0.655999 0.727651
vn 0.224811 0.750435 0.621536
vn 0.134745 0.672583 0.727651
vn 0.151676 0.768562 0.621536
vn 0.067703 0.682598 0.727651
vn 0.077137 0.779579 0.621536
vn 0.000000 0.685947 0.727651
vn 0.001884 0.783384 0.621536
vn -0.067703 0.682598 0.727651
vn -0.073385 0.779941 0.621536
vn -0.134745 0.672583 0.727651
vn -0.155372 0.767824 0.621536
vn -0.200472 0.655999 0.727651
vn -0.228419 0.749345 0.621536
vn -0.264240 0.633009 0.727651
vn -0.299354 0.723934 0.621536
vn -0.325428 0.603838 0.727651
vn -0.367519 0.691826 0.621536
vn -0.383438 0.568770 0.727651
vn -0.432284 0.653318 0.621536
vn -0.437704 0.528147 0.727651
vn -0.498884 0.603993 0.621536
vn -0.482367 0.487695 0.727651
vn -0.554603 0.553271 0.621536
vn -0.528147 0.437704 0.727651
vn -0.605192 0.497430 0.621536
vn -0.568770 0.383438 0.727651
vn -0.650181 0.436987 0.621536
vn -0.603838 0.325428 0.727651
vn -0.689156 0.372502 0.621536
vn -0.633009 0.264240 0.727651
vn -0.724652 0.297611 0.621536
vn -0.655999 0.200472 0.727651
vn -0.749892 0.226616 0.621536
vn -0.672583 0.134745 0.727651
vn -0.768195 0.153524 0.621536
vn -0.682598 0.067703 0.727651
vn -0.779391 0.079012 0.621536
vn -0.685947 0.000000 0.727651
vn -0.783377 0.003769 0.621536
vn -0.682598 -0.067703 0.727651
vn -0.779391 -0.079012 0.621536
vn -0.672583 -0.134745 0.727651
vn -0.768195 -0.153524 0.621536
vn -0.655999 -0.200472 0.727651
vn -0.749892 -0.226616 0.621536
vn -0.633009 -0.264240 0.727651
vn -0.724652 -0.297611 0.621536
vn -0.603838 -0.325428 0.727651
vn -0.689156 -0.372502 0.621536
vn -0.568770 -0.383438 0.727651
vn -0.650181 -0.436987 0.621536
vn -0.528147 -0.437704 0.727651
vn -0.605192 -0.497430 0.621536
vn -0.487695 -0.482367 0.727651
vn -0.554603 -0.553271 0.621536
vn -0.437704 -0.528147 0.727651
vn -0.498884 -0.603993 0.621536
vn -0.383438 -0.568770 0.727651
vn -0.432284 -0.653318 0.621536
vn -0.325428 -0.603838 0.727651
vn -0.367519 -0.691826 0.621536
vn -0.264240 -0.633009 0.727651
vn -0.299354 -0.723934 0.621536
vn -0.200472 -0.655999 0.727651
vn -0.228419 -0.749345 0.621536
vn -0.134745 -0.672583 0.727651
vn -0.155372 -0.767824 0.621536
vn -0.067703 -0.682598 0.727651
vn -0.073385 -0.779941 0.621536
vn 0.000000 -0.685947 0.727651
vn 0.001884 -0.783384 0.621536
vn 0.067703 -0.682598 0.727651
vn 0.077137 -0.779579 0.621536
vn 0.134745 -0.672583 0.727651
vn 0.151676 -0.768562 0.621536
vn 0.200472 -0.655999 0.727651
vn 0.224811 -0.750435 0.621536
vn 0.264240 -0.633009 0.727651
vn 0.302833 -0.722486 0.621536
vn 0.325428 -0.603838 0.727651
vn 0.370843 -0.690050 0.621536
vn 0.383438 -0.568770 0.727651
vn 0.435422 -0.651231 0.621536
vn 0.437704 -0.528147 0.727651
vn 0.495973 -0.606386 0.621536
vn 0.482367 -0.487695 0.727651
vn 0.551935 -0.555933 0.621536
vn 0.528147 -0.437704 0.727651
vn 0.607578 -0.494512 0.621536
vn 0.568770 -0.383438 0.727651
vn 0.652276 -0.433854 0.621536
vn 0.603838 -0.325428 0.727651
vn 0.386934 -0.161292 0.907892
vn 0.370919 -0.195327 0.907892
vn 0.347771 -0.234070 0.907892
vn 0.325389 -0.264302 0.907892
vn 0.295090 -0.297750 0.907892
vn 0.267212 -0.323003 0.907892
vn 0.230939 -0.349858 0.907892
vn 0.198648 -0.369150 0.907892
vn 0.157812 -0.388366 0.907892
vn 0.122364 -0.400949 0.907892
vn 0.078551 -0.411780 0.907892
vn 0.041323 -0.417164 0.907892
vn 0.003763 -0.419188 0.907892
vn -0.041323 -0.417164 0.907892
vn -0.078551 -0.411780 0.907892
vn -0.122364 -0.400949 0.907892
vn -0.157812 -0.388366 0.907892
vn -0.198648 -0.369150 0.907892
vn -0.230939 -0.349858 0.907892
vn -0.267212 -0.323003 0.907892
vn -0.295090 -0.297750 0.907892
vn -0.325389 -0.264302 0.907892
vn -0.347771 -0.234070 0.907892
vn -0.370919 -0.195327 0.907892
vn -0.386934 -0.161292 0.907892
vn -0.402031 -0.118760 0.907892
vn -0.411058 -0.082244 0.907892
vn -0.417518 -0.037577 0.907892
vn -0.419205 0.000000 0.907892
vn -0.417518 0.037577 0.907892
vn -0.411058 0.082244 0.907892
vn -0.402031 0.118760 0.907892
vn -0.386934 0.161292 0.907892
vn -0.370919 0.195327 0.907892
vn -0.347771 0.234070 0.907892
vn -0.325389 0.264302 0.907892
vn -0.295090 0.297750 0.907892
vn -0.267212 0.323003 0.907892
vn -0.230939 0.349858 0.907892
vn -0.198648 0.369150 0.907892
vn -0.157812 0.388366 0.907892
vn -0.122364 0.400949 0.907892
vn -0.078551 0.411780 0.907892
vn -0.041323 0.417164 0.907892
vn 0.003763 0.419188 0.907892
vn 0.041323 0.417164 0.907892
vn 0.078551 0.411780 0.907892
vn 0.122364 0.400949 0.907892
vn 0.157812 0.388366 0.907892
vn 0.198648 0.369150 0.907892
vn 0.230939 0.349858 0.907892
vn 0.267212 0.323003 0.907892
vn 0.295090 0.297750 0.907892
vn 0.325389 0.264302 0.907892
vn 0.347771 0.234070 0.907892
vn 0.370919 0.195327 0.907892
vn 0.386934 0.161292 0.907892
vn 0.402031 0.118760 0.907892
vn 0.411058 0.082244 0.907892
vn 0.145774 0.044220 0.988329
vn 0.140738 0.058295 0.988329
vn 0.134346 0.071809 0.988329
vn 0.126661 0.084632 0.988329
vn 0.117755 0.096639 0.988329
vn 0.107716 0.107716 0.988329
vn 0.096639 0.117755 0.988329
vn 0.084632 0.126661 0.988329
vn 0.071809 0.134346 0.988329
vn 0.058295 0.140738 0.988329
vn 0.044220 0.145774 0.988329
vn 0.029719 0.149406 0.988329
vn 0.014931 0.151600 0.988329
vn 0.000000 0.152333 0.988329
vn -0.014931 0.151600 0.988329
vn -0.029719 0.149406 0.988329
vn -0.044220 0.145774 0.988329
vn -0.058295 0.140738 0.988329
vn -0.071809 0.134346 0.988329
vn -0.084632 0.126661 0.988329
vn -0.096639 0.117755 0.988329
vn -0.107716 0.107716 0.988329
vn -0.117755 0.096639 0.988329
vn -0.126661 0.084632 0.988329
vn -0.134346 0.071809 0.988329
vn -0.140738 0.058295 0.988329
vn -0.145774 0.044220 0.988329
vn -0.149406 0.029719 0.988329
vn -0.151600 0.014931 0.988329
vn -0.152333 0.000000 0.988329
vn -0.151600 -0.014931 0.988329
vn -0.149406 -0.029719 0.988329
vn -0.145774 -0.044220 0.988329
vn -0.140738 -0.058295 0.988329
vn -0.134346 -0.071809 0.988329
vn -0.126661 -0.084632 0.988329
vn -0.117755 -0.096639 0.988329
vn -0.107716 -0.107716 0.988329
vn -0.096639 -0.117755 0.988329
vn -0.084632 -0.126661 0.988329
vn -0.071809 -0.134346 0.988329
vn -0.058295 -0.140738 0.988329
vn -0.044220 -0.145774 0.988329
vn -0.029719 -0.149406 0.988329
vn -0.014931 -0.151600 0.988329
vn 0.000000 -0.152333 0.988329
vn 0.014931 -0.151600 0.988329
vn 0.029719 -0.149406 0.988329
vn 0.044220 -0.145774 0.988329
vn 0.058295 -0.140738 0.988329
vn 0.071809 -0.134346 0.988329
vn 0.084632 -0.126661 0.988329
vn 0.096639 -0.117755 0.988329
vn 0.107716 -0.107716 0.988329
vn 0.117755 -0.096639 0.988329
vn 0.126661 -0.084632 0.988329
vn 0.134346 -0.071809 0.988329
vn 0.140738 -0.058295 0.988329
vn 0.038415 -0.020789 0.999046
vn 0.034470 -0.026829 0.999046
vn 0.034470 -0.026829 0.999046
vn 0.029584 -0.032136 0.999046
vn 0.029584 -0.032136 0.999046
vn 0.023891 -0.036567 0.999046
vn 0.017546 -0.040001 0.999046
vn 0.017546 -0.040001 0.999046
vn 0.010723 -0.042343 0.999046
vn 0.010723 -0.042343 0.999046
vn 0.003607 -0.043531 0.999046
vn -0.003607 -0.043531 0.999046
vn -0.003607 -0.043531 0.999046
vn -0.010723 -0.042343 0.999046
vn -0.010723 -0.042343 0.999046
vn -0.017546 -0.040001 0.999046
vn -0.017546 -0.040001 0.999046
vn -0.023891 -0.036567 0.999046
vn -0.029584 -0.032136 0.999046
vn -0.029584 -0.032136 0.999046
vn -0.034470 -0.026829 0.999046
vn -0.034470 -0.026829 0.999046
vn -0.038415 -0.020789 0.999046
vn -0.041313 -0.014183 0.999046
vn -0.041313 -0.014183 0.999046
vn -0.043084 -0.007189 0.999046
vn -0.043084 -0.007189 0.999046
vn -0.043680 0.000000 0.999046
vn -0.043084 0.007189 0.999046
vn -0.043084 0.007189 0.999046
vn -0.041313 0.014183 0.999046
vn -0.041313 0.014183 0.999046
vn -0.038415 0.020789 0.999046
vn -0.034470 0.026829 0.999046
vn -0.034470 0.026829 0.999046
vn -0.029584 0.032136 0.999046
vn -0.029584 0.032136 0.999046
vn -0.023891 0.036567 0.999046
vn -0.017546 0.040001 0.999046
vn -0.017546 0.040001 0.999046
vn -0.010723 0.042343 0.999046
vn -0.010723 0.042343 0.999046
vn -0.003607 0.043531 0.999046
vn 0.003607 0.043531 0.999046
vn 0.003607 0.043531 0.999046
vn 0.010723 0.042343 0.999046
vn 0.010723 0.042343 0.999046
vn 0.017546 0.040001 0.999046
vn 0.017546 0.040001 0.999046
vn 0.023891 0.036567 0.999046
vn 0.029584 0.032136 0.999046
vn 0.029584 0.032136 0.999046
vn 0.034470 0.026829 0.999046
vn 0.034470 0.026829 0.999046
vn 0.038415 0.020789 0.999046
vn 0.041313 0.014183 0.999046
vn 0.041313 0.014183 0.999046
vn 0.043084 0.007189 0.999046
vn 0.149406 0.029719 0.988329
vn 0.043084 0.007189 0.999046
vn 0.151600 0.014931 0.988329
vn 0.152333 0.000000 0.988329
vn 0.417518 0.037577 0.907892
vn 0.043680 0.000000 0.999046
vn 0.043084 -0.007189 0.999046
vn 0.151600 -0.014931 0.988329
vn 0.043084 -0.007189 0.999046
vn 0.149406 -0.029719 0.988329
vn 0.041313 -0.014183 0.999046
vn 0.145774 -0.044220 0.988329
vn 0.041313 -0.014183 0.999046
vn 0.402031 -0.118760 0.907892
vn 0.411058 -0.082244 0.907892
vn 0.417518 -0.037577 0.907892
vn 0.419205 0.000000 0.907892
vn 0.390421 -0.583031 -0.712493
vn 0.445049 -0.542480 -0.712493
vn 0.495493 -0.496830 -0.712493
vn -0.137123 -0.688151 -0.712493
vn -0.069835 -0.698196 -0.712493
vn -0.001891 -0.701677 -0.712493
vn -0.584081 -0.388849 -0.712493
vn -0.543678 -0.443586 -0.712493
vn -0.498163 -0.494153 -0.712493
vn -0.687779 0.138976 -0.712493
vn -0.698005 0.071716 -0.712493
vn -0.701669 -0.003781 -0.712493
vn -0.387274 0.585126 -0.712493
vn -0.447966 0.540074 -0.712493
vn -0.498163 0.494153 -0.712493
vn 0.133412 0.688880 -0.712493
vn 0.066072 0.698562 -0.712493
vn -0.001891 0.701677 -0.712493
f 1/0/1 2/0/2 3/0/3
f 2/0/2 4/0/4 3/0/3
f 3/0/3 4/0/4 5/0/5
f 4/0/4 6/0/6 5/0/5
f 5/0/5 6/0/6 7/0/7
f 6/0/6 8/0/8 7/0/7
f 7/0/7 8/0/8 9/0/9
f 8/0/8 10/0/10 9/0/9
f 9/0/9 10/0/10 11/0/11
f 10/0/10 12/0/12 11/0/11
f 11/0/11 12/0/12 13/0/13
f 12/0/12 14/0/14 13/0/13
f 13/0/13 14/0/14 15/0/15
f 14/0/14 16/0/16 15/0/15
f 15/0/15 16/0/16 17/0/17
f 16/0/16 18/0/18 17/0/17
f 17/0/17 18/0/18 19/0/19
f 18/0/18 20/0/20 19/0/19
f 19/0/19 20/0/20 21/0/21
f 20/0/20 22/0/22 21/0/21
f 21/0/21 22/0/22 23/0/23
f 22/0/22 24/0/24 23/0/23
f 23/0/23 24/0/24 25/0/25
f 24/0/24 26/0/26 25/0/25
f 25/0/25 26/0/26 27/0/27
f 26/0/26 28/0/28 27/0/27
f 27/0/27 28/0/28 29/0/29
f 28/0/28 30/0/30 29/0/29
f 29/0/29 30/0/30 31/0/31
f 30/0/30 32/0/32 31/0/31
f 31/0/31 32/0/32 33/0/33
f 32/0/32 34/0/34 33/0/33
f 33/0/33 34/0/34 35/0/35
f 34/0/34 36/0/36 35/0/35
f 35/0/35 36/0/36 37/0/37
f 36/0/36 38/0/38 37/0/37
f 37/0/37 38/0/38 39/0/39
f 38/0/38 40/0/40 39/0/39
f 39/0/39 40/0/40 41/0/41
f 40/0/40 42/0/42 41/0/41
f 41/0/41 42/0/42 43/0/43
f 42/0/42 44/0/44 43/0/43
f 43/0/43 44/0/44 45/0/45
f 44/0/44 46/0/46 45/0/45
f 45/0/45 46/0/46 47/0/47
f 46/0/46 48/0/48 47/0/47
f 47/0/47 48/0/48 49/0/49
f 48/0/48 50/0/50 49/0/49
f 49/0/49 50/0/50 51/0/51
f 50/0/50 52/0/52 51/0/51
f 51/0/51 52/0/52 53/0/53
f 52/0/52 54/0/54 53/0/53
f 53/0/53 54/0/54 55/0/55
f 54/0/54 56/0/56 55/0/55
f 55/0/55 56/0/56 57/0/57
f 56/0/56 58/0/58 57/0/57
f 57/0/57 58/0/58 59/0/59
f 58/0/58 60/0/60 59/0/59
f 59/0/59 60/0/60 61/0/61
f 60/0/60 62/0/62 61/0/61
f 61/0/61 62/0/62 63/0/63
f 62/0/62 64/0/64 63/0/63
f 63/0/63 64/0/64 65/0/65
f 64/0/64 66/0/66 65/0/65
f 65/0/65 66/0/66 67/0/67
f 66/0/66 68/0/68 67/0/67
f 67/0/67 68/0/68 69/0/69
f 68/0/68 70/0/70 69/0/69
f 69/0/69 70/0/70 71/0/71
f 70/0/70 72/0/72 71/0/71
f 71/0/71 72/0/72 73/0/73
f 72/0/72 74/0/74 73/0/73
f 73/0/73 74/0/74 75/0/75
f 74/0/74 76/0/76 75/0/75
f 75/0/75 76/0/76 77/0/77
f 76/0/76 78/0/78 77/0/77
f 77/0/77 78/0/78 79/0/79
f 78/0/78 80/0/80 79/0/79
f 79/0/79 80/0/80 81/0/81
f 80/0/80 82/0/82 81/0/81
f 81/0/81 82/0/82 83/0/83
f 82/0/82 84/0/84 83/0/83
f 83/0/83 84/0/84 85/0/85
f 84/0/84 86/0/86 85/0/85
f 85/0/85 86/0/86 87/0/87
f 86/0/86 88/0/88 87/0/87
f 87/0/87 88/0/88 89/0/89
f 88/0/88 90/0/90 89/0/89
f 89/0/89 90/0/90 91/0/91
f 90/0/90 92/0/92 91/0/91
f 91/0/91 92/0/92 93/0/93
f 92/0/92 94/0/94 93/0/93
f 93/0/93 94/0/94 95/0/95
f 94/0/94 96/0/96 95/0/95
f 95/0/95 96/0/96 97/0/97
f 96/0/96 98/0/98 97/0/97
f 97/0/97 98/0/98 99/0/99
f 98/0/98 100/0/100 99/0/99
f 99/0/99 100/0/100 101/0/101
f 100/0/100 102/0/102 101/0/101
f 101/0/101 102/0/102 103/0/103
f 102/0/102 104/0/104 103/0/103
f 103/0/103 104/0/104 105/0/105
f 104/0/104 106/0/106 105/0/105
f 105/0/105 106/0/106 107/0/107
f 106/0/106 108/0/108 107/0/107
f 107/0/107 108/0/108 109/0/109
f 108/0/108 110/0/110 109/0/109
f 109/0/109 110/0/110 111/0/111
f 110/0/110 112/0/112 111/0/111
f 111/0/111 112/0/112 113/0/113
f 112/0/112 114/0/114 113/0/113
f 113/0/113 114/0/114 115/0/115
f 114/0/114 116/0/116 115/0/115
f 115/0/115 116/0/116 117/0/117
f 116/0/116 118/0/118 117/0/117
f 117/0/117 118/0/118 119/0/119
f 118/0/118 120/0/120 119/0/119
f 119/0/119 120/0/120 121/0/121
f 120/0/120 122/0/122 121/0/121
f 121/0/121 122/0/122 123/0/123
f 122/0/122 124/0/124 123/0/123
f 123/0/123 124/0/124 125/0/125
f 124/0/124 126/0/126 125/0/125
f 125/0/125 126/0/126 127/0/127
f 127/0/127 126/0/126 128/0/128
f 126/0/126 1/0/1 128/0/128
f 128/0/128 1/0/1 3/0/3
f 129/0/129 131/0/131 130/0/130
f 130/0/130 131/0/131 132/0/132
f 130/0/130 133/0/133 129/0/129
f 129/0/129 133/0/133 134/0/134
f 133/0/133 135/0/135 134/0/134
f 134/0/134 135/0/135 136/0/136
f 135/0/135 137/0/137 136/0/136
f 136/0/136 137/0/137 138/0/138
f 137/0/137 139/0/139 138/0/138
f 138/0/138 139/0/139 140/0/140
f 139/0/139 141/0/141 140/0/140
f 140/0/140 141/0/141 142/0/142
f 141/0/141 143/0/143 142/0/142
f 142/0/142 143/0/143 144/0/144
f 143/0/143 145/0/145 144/0/144
f 144/0/144 145/0/145 146/0/146
f 145/0/145 147/0/147 146/0/146
f 146/0/146 147/0/147 148/0/148
f 147/0/147 149/0/149 148/0/148
f 148/0/148 149/0/149 150/0/150
f 149/0/149 151/0/151 150/0/150
f 150/0/150 151/0/151 152/0/152
f 151/0/151 153/0/153 152/0/152
f 152/0/152 153/0/153 154/0/154
f 153/0/153 155/0/155 154/0/154
f 154/0/154 155/0/155 156/0/156
f 155/0/155 157/0/157 156/0/156
f 156/0/156 157/0/157 158/0/158
f 157/0/157 159/0/159 158/0/158
f 158/0/158 159/0/159 160/0/160
f 159/0/159 161/0/161 160/0/160
f 160/0/160 161/0/161 162/0/162
f 161/0/161 163/0/163 162/0/162
f 162/0/162 163/0/163 164/0/164
f 163/0/163 165/0/165 164/0/164
f 164/0/164 165/0/165 166/0/166
f 165/0/165 167/0/167 166/0/166
f 166/0/166 167/0/167 168/0/168
f 167/0/167 169/0/169 168/0/168
f 168/0/168 169/0/169 170/0/170
f 169/0/169 171/0/171 170/0/170
f 170/0/170 171/0/171 172/0/172
f 171/0/171 173/0/173 172/0/172
f 172/0/172 173/0/173 174/0/174
f 173/0/173 175/0/175 174/0/174
f 174/0/174 175/0/175 176/0/176
f 175/0/175 177/0/177 176/0/176
f 176/0/176 177/0/177 178/0/178
f 177/0/177 179/0/179 178/0/178
f 178/0/178 179/0/179 180/0/180
f 179/0/179 181/0/181 180/0/180
f 180/0/180 181/0/181 182/0/182
f 181/0/181 183/0/183 182/0/182
f 182/0/182 183/0/183 184/0/184
f 183/0/183 185/0/185 184/0/184
f 184/0/184 185/0/185 186/0/186
f 185/0/185 187/0/187 186/0/186
f 186/0/186 187/0/187 188/0/188
f 187/0/187 189/0/189 188/0/188
f 188/0/188 189/0/189 190/0/190
f 189/0/189 191/0/191 190/0/190
f 190/0/190 191/0/191 192/0/192
f 191/0/191 193/0/193 192/0/192
f 192/0/192 193/0/193 194/0/194
f 193/0/193 195/0/195 194/0/194
f 194/0/194 195/0/195 196/0/196
f 195/0/195 197/0/197 196/0/196
f 196/0/196 197/0/197 198/0/198
f 197/0/197 199/0/199 198/0/198
f 198/0/198 199/0/199 200/0/200
f 199/0/199 201/0/201 200/0/200
f 200/0/200 201/0/201 202/0/202
f 201/0/201 203/0/203 202/0/202
f 202/0/202 203/0/203 204/0/204
f 203/0/203 205/0/205 204/0/204
f 204/0/204 205/0/205 206/0/206
f 205/0/205 207/0/207 206/0/206
f 206/0/206 207/0/207 208/0/208
f 207/0/207 209/0/209 208/0/208
f 208/0/208 209/0/209 210/0/210
f 209/0/209 211/0/211 210/0/210
f 210/0/210 211/0/211 212/0/212
f 211/0/211 213/0/213 212/0/212
f 212/0/212 213/0/213 214/0/214
f 213/0/213 215/0/215 214/0/214
f 214/0/214 215/0/215 216/0/216
f 215/0/215 217/0/217 216/0/216
f 216/0/216 217/0/217 218/0/218
f 217/0/217 219/0/219 218/0/218
f 218/0/218 219/0/219 220/0/220
f 219/0/219 221/0/221 220/0/220
f 220/0/220 221/0/221 222/0/222
f 221/0/221 223/0/223 222/0/222
f 222/0/222 223/0/223 224/0/224
f 223/0/223 225/0/225 224/0/224
f 224/0/224 225/0/225 226/0/226
f 225/0/225 227/0/227 226/0/226
f 226/0/226 227/0/227 228/0/228
f 227/0/227 229/0/229 228/0/228
f 228/0/228 229/0/229 230/0/230
f 229/0/229 231/0/231 230/0/230
f 230/0/230 231/0/231 232/0/232
f 231/0/231 233/0/233 232/0/232
f 233/0/233 234/0/234 232/0/232
f 234/0/234 235/0/235 232/0/232
f 235/0/235 236/0/236 232/0/232
f 232/0/232 236/0/236 230/0/230
f 236/0/236 237/0/237 230/0/230
f 230/0/230 237/0/237 228/0/228
f 237/0/237 238/0/238 228/0/228
f 228/0/228 238/0/238 226/0/226
f 238/0/238 239/0/239 226/0/226
f 226/0/226 239/0/239 224/0/224
f 239/0/239 240/0/240 224/0/224
f 224/0/224 240/0/240 222/0/222
f 240/0/240 241/0/241 222/0/222
f 222/0/222 241/0/241 220/0/220
f 241/0/241 242/0/242 220/0/220
f 220/0/220 242/0/242 218/0/218
f 242/0/242 243/0/243 218/0/218
f 218/0/218 243/0/243 216/0/216
f 243/0/243 244/0/244 216/0/216
f 216/0/216 244/0/244 214/0/214
f 244/0/244 245/0/245 214/0/214
f 214/0/214 245/0/245 212/0/212
f 245/0/245 246/0/246 212/0/212
f 212/0/212 246/0/246 210/0/210
f 246/0/246 247/0/247 210/0/210
f 210/0/210 247/0/247 208/0/208
f 247/0/247 248/0/248 208/0/208
f 208/0/208 248/0/248 206/0/206
f 248/0/248 249/0/249 206/0/206
f 206/0/206 249/0/249 204/0/204
f 249/0/249 250/0/250 204/0/204
f 204/0/204 250/0/250 202/0/202
f 250/0/250 251/0/251 202/0/202
f 202/0/202 251/0/251 200/0/200
f 251/0/251 252/0/252 200/0/200
f 200/0/200 252/0/252 198/0/198
f 252/0/252 253/0/253 198/0/198
f 198/0/198 253/0/253 196/0/196
f 253/0/253 254/0/254 196/0/196
f 196/0/196 254/0/254 194/0/194
f 254/0/254 255/0/255 194/0/194
f 194/0/194 255/0/255 192/0/192
f 255/0/255 256/0/256 192/0/192
f 192/0/192 256/0/256 190/0/190
f 256/0/256 257/0/257 190/0/190
f 190/0/190 257/0/257 188/0/188
f 257/0/257 258/0/258 188/0/188
f 188/0/188 258/0/258 186/0/186
f 258/0/258 259/0/259 186/0/186
f 186/0/186 259/0/259 184/0/184
f 259/0/259 260/0/260 184/0/184
f 184/0/184 260/0/260 182/0/182
f 260/0/260 261/0/261 182/0/182
f 182/0/182 261/0/261 180/0/180
f 261/0/261 262/0/262 180/0/180
f 180/0/180 262/0/262 178/0/178
f 262/0/262 263/0/263 178/0/178
f 178/0/178 263/0/263 176/0/176
f 263/0/263 264/0/264 176/0/176
f 176/0/176 264/0/264 174/0/174
f 264/0/264 265/0/265 174/0/174
f 174/0/174 265/0/265 172/0/172
f 265/0/265 266/0/266 172/0/172
f 172/0/172 266/0/266 170/0/170
f 266/0/266 267/0/267 170/0/170
f 170/0/170 267/0/267 168/0/168
f 267/0/267 268/0/268 168/0/168
f 168/0/168 268/0/268 166/0/166
f 268/0/268 269/0/269 166/0/166
f 166/0/166 269/0/269 164/0/164
f 269/0/269 270/0/270 164/0/164
f 164/0/164 270/0/270 162/0/162
f 270/0/270 271/0/271 162/0/162
f 162/0/162 271/0/271 160/0/160
f 271/0/271 272/0/272 160/0/160
f 160/0/160 272/0/272 158/0/158
f 272/0/272 273/0/273 158/0/158
f 158/0/158 273/0/273 156/0/156
f 273/0/273 274/0/274 156/0/156
f 156/0/156 274/0/274 154/0/154
f 274/0/274 275/0/275 154/0/154
f 154/0/154 275/0/275 152/0/152
f 275/0/275 276/0/276 152/0/152
f 152/0/152 276/0/276 150/0/150
f 276/0/276 277/0/277 150/0/150
f 150/0/150 277/0/277 148/0/148
f 277/0/277 278/0/278 148/0/148
f 148/0/148 278/0/278 146/0/146
f 278/0/278 279/0/279 146/0/146
f 146/0/146 279/0/279 144/0/144
f 279/0/279 280/0/280 144/0/144
f 144/0/144 280/0/280 142/0/142
f 280/0/280 281/0/281 142/0/142
f 142/0/142 281/0/281 140/0/140
f 281/0/281 282/0/282 140/0/140
f 140/0/140 282/0/282 138/0/138
f 282/0/282 283/0/283 138/0/138
f 138/0/138 283/0/283 136/0/136
f 283/0/283 284/0/284 136/0/136
f 136/0/136 284/0/284 134/0/134
f 284/0/284 285/0/285 134/0/134
f 134/0/134 285/0/285 129/0/129
f 285/0/285 286/0/286 129/0/129
f 129/0/129 286/0/286 131/0/131
f 286/0/286 285/0/285 287/0/287
f 287/0/287 285/0/285 288/0/288
f 285/0/285 284/0/284 288/0/288
f 288/0/288 284/0/284 289/0/289
f 284/0/284 283/0/283 289/0/289
f 289/0/289 283/0/283 290/0/290
f 283/0/283 282/0/282 290/0/290
f 290/0/290 282/0/282 291/0/291
f 282/0/282 281/0/281 291/0/291
f 291/0/291 281/0/281 292/0/292
f 281/0/281 280/0/280 292/0/292
f 292/0/292 280/0/280 293/0/293
f 280/0/280 279/0/279 293/0/293
f 293/0/293 279/0/279 294/0/294
f 279/0/279 278/0/278 294/0/294
f 294/0/294 278/0/278 295/0/295
f 278/0/278 277/0/277 295/0/295
f 295/0/295 277/0/277 296/0/296
f 277/0/277 276/0/276 296/0/296
f 296/0/296 276/0/276 297/0/297
f 276/0/276 275/0/275 297/0/297
f 297/0/297 275/0/275 298/0/298
f 275/0/275 274/0/274 298/0/298
f 298/0/298 274/0/274 299/0/299
f 274/0/274 273/0/273 299/0/299
f 299/0/299 273/0/273 300/0/300
f 273/0/273 272/0/272 300/0/300
f 300/0/300 272/0/272 301/0/301
f 272/0/272 271/0/271 301/0/301
f 301/0/301 271/0/271 302/0/302
f 271/0/271 270/0/270 302/0/302
f 302/0/302 270/0/270 303/0/303
f 270/0/270 269/0/269 303/0/303
f 303/0/303 269/0/269 304/0/304
f 269/0/269 268/0/268 304/0/304
f 304/0/304 268/0/268 305/0/305
f 268/0/268 267/0/267 305/0/305
f 305/0/305 267/0/267 306/0/306
f 267/0/267 266/0/266 306/0/306
f 306/0/306 266/0/266 307/0/307
f 266/0/266 265/0/265 307/0/307
f 307/0/307 265/0/265 308/0/308
f 265/0/265 264/0/264 308/0/308
f 308/0/308 264/0/264 309/0/309
f 264/0/264 263/0/263 309/0/309
f 309/0/309 263/0/263 310/0/310
f 263/0/263 262/0/262 310/0/310
f 310/0/310 262/0/262 311/0/311
f 262/0/262 261/0/261 311/0/311
f 311/0/311 261/0/261 312/0/312
f 261/0/261 260/0/260 312/0/312
f 312/0/312 260/0/260 313/0/313
f 260/0/260 259/0/259 313/0/313
f 313/0/313 259/0/259 314/0/314
f 259/0/259 258/0/258 314/0/314
f 314/0/314 258/0/258 315/0/315
f 258/0/258 257/0/257 315/0/315
f 315/0/315 257/0/257 316/0/316
f 257/0/257 256/0/256 316/0/316
f 316/0/316 256/0/256 317/0/317
f 256/0/256 255/0/255 317/0/317
f 317/0/317 255/0/255 318/0/318
f 255/0/255 254/0/254 318/0/318
f 318/0/318 254/0/254 319/0/319
f 254/0/254 253/0/253 319/0/319
f 319/0/319 253/0/253 320/0/320
f 253/0/253 252/0/252 320/0/320
f 320/0/320 252/0/252 321/0/321
f 252/0/252 251/0/251 321/0/321
f 321/0/321 251/0/251 322/0/322
f 251/0/251 250/0/250 322/0/322
f 322/0/322 250/0/250 323/0/323
f 250/0/250 249/0/249 323/0/323
f 323/0/323 249/0/249 324/0/324
f 249/0/249 248/0/248 324/0/324
f 324/0/324 248/0/248 325/0/325
f 248/0/248 247/0/247 325/0/325
f 325/0/325 247/0/247 326/0/326
f 247/0/247 246/0/246 326/0/326
f 326/0/326 246/0/246 327/0/327
f 246/0/246 245/0/245 327/0/327
f 327/0/327 245/0/245 328/0/328
f 245/0/245 244/0/244 328/0/328
f 328/0/328 244/0/244 329/0/329
f 244/0/244 243/0/243 329/0/329
f 329/0/329 243/0/243 330/0/330
f 243/0/243 242/0/242 330/0/330
f 330/0/330 242/0/242 331/0/331
f 242/0/242 241/0/241 331/0/331
f 331/0/331 241/0/241 332/0/332
f 241/0/241 240/0/240 332/0/332
f 332/0/332 240/0/240 333/0/333
f 240/0/240 239/0/239 333/0/333
f 333/0/333 239/0/239 334/0/334
f 239/0/239 238/0/238 334/0/334
f 334/0/334 238/0/238 335/0/335
f 238/0/238 237/0/237 335/0/335
f 335/0/335 237/0/237 336/0/336
f 237/0/237 236/0/236 336/0/336
f 336/0/336 236/0/236 337/0/337
f 236/0/236 235/0/235 337/0/337
f 337/0/337 235/0/235 338/0/338
f 235/0/235 339/0/339 338/0/338
f 338/0/338 339/0/339 340/0/340
f 339/0/339 341/0/341 340/0/340
f 340/0/340 341/0/341 342/0/342
f 342/0/342 341/0/341 343/0/343
f 341/0/341 344/0/344 343/0/343
f 344/0/344 345/0/345 343/0/343
f 343/0/343 345/0/345 346/0/346
f 345/0/345 347/0/347 346/0/346
f 235/0/235 234/0/234 339/0/339
f 234/0/234 348/0/348 339/0/339
f 339/0/339 348/0/348 341/0/341
f 348/0/348 344/0/344 341/0/341
f 346/0/346 349/0/349 343/0/343
f 349/0/349 342/0/342 343/0/343
f 347/0/347 350/0/350 346/0/346
f 350/0/350 351/0/351 346/0/346
f 346/0/346 351/0/351 349/0/349
f 347/0/347 352/0/352 350/0/350
f 350/0/350 352/0/352 353/0/353
f 352/0/352 354/0/354 353/0/353
f 353/0/353 354/0/354 355/0/355
f 354/0/354 356/0/356 355/0/355
f 355/0/355 356/0/356 357/0/357
f 356/0/356 358/0/358 357/0/357
f 353/0/353 359/0/359 350/0/350
f 359/0/359 351/0/351 350/0/350
f 359/0/359 353/0/353 360/0/360
f 353/0/353 355/0/355 360/0/360
f 360/0/360 355/0/355 361/0/361
f 355/0/355 357/0/357 361/0/361
f 361/0/361 357/0/357 362/0/362
f 357/0/357 363/0/363 362/0/362
f 362/0/362 363/0/363 364/0/364
f 363/0/363 365/0/365 364/0/364
f 364/0/364 365/0/365 366/0/366
f 366/0/366 365/0/365 367/0/367
f 365/0/365 368/0/368 367/0/367
f 368/0/368 132/0/132 367/0/367
f 132/0/132 131/0/131 367/0/367
f 367/0/367 131/0/131 369/0/369
f 131/0/131 286/0/286 369/0/369
f 369/0/369 286/0/286 370/0/370
f 286/0/286 287/0/287 370/0/370
f 357/0/357 358/0/358 363/0/363
f 358/0/358 371/0/371 363/0/363
f 363/0/363 371/0/371 365/0/365
f 371/0/371 368/0/368 365/0/365
f 367/0/367 369/0/369 366/0/366
f 369/0/369 372/0/372 366/0/366
f 372/0/372 373/0/373 366/0/366
f 366/0/366 373/0/373 364/0/364
f 373/0/373 374/0/374 364/0/364
f 364/0/364 374/0/374 362/0/362
f 374/0/374 375/0/375 362/0/362
f 362/0/362 375/0/375 361/0/361
f 375/0/375 376/0/376 361/0/361
f 361/0/361 376/0/376 360/0/360
f 376/0/376 377/0/377 360/0/360
f 360/0/360 377/0/377 359/0/359
f 377/0/377 378/0/378 359/0/359
f 359/0/359 378/0/378 351/0/351
f 378/0/378 379/0/379 351/0/351
f 351/0/351 379/0/379 349/0/349
f 379/0/379 380/0/380 349/0/349
f 349/0/349 380/0/380 342/0/342
f 380/0/380 381/0/381 342/0/342
f 342/0/342 381/0/381 340/0/340
f 381/0/381 382/0/382 340/0/340
f 340/0/340 382/0/382 338/0/338
f 382/0/382 383/0/383 338/0/338
f 338/0/338 383/0/383 337/0/337
f 383/0/383 384/0/384 337/0/337
f 337/0/337 384/0/384 336/0/336
f 384/0/384 385/0/385 336/0/336
f 336/0/336 385/0/385 335/0/335
f 385/0/385 386/0/386 335/0/335
f 335/0/335 386/0/386 334/0/334
f 386/0/386 387/0/387 334/0/334
f 334/0/334 387/0/387 333/0/333
f 387/0/387 388/0/388 333/0/333
f 333/0/333 388/0/388 332/0/332
f 388/0/388 389/0/389 332/0/332
f 332/0/332 389/0/389 331/0/331
f 389/0/389 390/0/390 331/0/331
f 331/0/331 390/0/390 330/0/330
f 390/0/390 391/0/391 330/0/330
f 330/0/330 391/0/391 329/0/329
f 391/0/391 392/0/392 329/0/329
f 329/0/329 392/0/392 328/0/328
f 392/0/392 393/0/393 328/0/328
f 328/0/328 393/0/393 327/0/327
f 393/0/393 394/0/394 327/0/327
f 327/0/327 394/0/394 326/0/326
f 394/0/394 395/0/395 326/0/326
f 326/0/326 395/0/395 325/0/325
f 395/0/395 396/0/396 325/0/325
f 325/0/325 396/0/396 324/0/324
f 396/0/396 397/0/397 324/0/324
f 324/0/324 397/0/397 323/0/323
f 397/0/397 398/0/398 323/0/323
f 323/0/323 398/0/398 322/0/322
f 398/0/398 399/0/399 322/0/322
f 322/0/322 399/0/399 321/0/321
f 399/0/399 400/0/400 321/0/321
f 321/0/321 400/0/400 320/0/320
f 370/0/370 372/0/372 369/0/369
f 391/0/391 401/0/401 392/0/392
f 401/0/401 402/0/402 392/0/392
f 392/0/392 402/0/402 393/0/393
f 403/0/403 402/0/402 401/0/401
f 399/0/399 404/0/404 400/0/400
f 404/0/404 405/0/405 400/0/400
f 405/0/405 406/0/406 400/0/400
f 400/0/400 406/0/406 320/0/320
f 320/0/320 406/0/406 319/0/319
f 406/0/406 407/0/407 319/0/319
f 319/0/319 407/0/407 318/0/318
f 407/0/407 408/0/408 318/0/318
f 318/0/318 408/0/408 317/0/317
f 408/0/408 409/0/409 317/0/317
f 317/0/317 409/0/409 316/0/316
f 409/0/409 410/0/410 316/0/316
f 316/0/316 410/0/410 315/0/315
f 410/0/410 411/0/411 315/0/315
f 315/0/315 411/0/411 314/0/314
f 411/0/411 412/0/412 314/0/314
f 314/0/314 412/0/412 313/0/313
f 412/0/412 413/0/413 313/0/313
f 313/0/313 413/0/413 312/0/312
f 413/0/413 414/0/414 312/0/312
f 312/0/312 414/0/414 311/0/311
f 414/0/414 415/0/415 311/0/311
f 311/0/311 415/0/415 310/0/310
f 415/0/415 416/0/416 310/0/310
f 310/0/310 416/0/416 309/0/309
f 416/0/416 417/0/417 309/0/309
f 309/0/309 417/0/417 308/0/308
f 417/0/417 418/0/418 308/0/308
f 308/0/308 418/0/418 307/0/307
f 418/0/418 419/0/419 307/0/307
f 307/0/307 419/0/419 306/0/306
f 419/0/419 420/0/420 306/0/306
f 306/0/306 420/0/420 305/0/305
f 420/0/420 421/0/421 305/0/305
f 305/0/305 421/0/421 304/0/304
f 422/0/422 405/0/405 404/0/404
f 412/0/412 423/0/423 413/0/413
f 423/0/423 424/0/424 413/0/413
f 413/0/413 424/0/424 414/0/414
f 425/0/425 424/0/424 423/0/423
f 420/0/420 426/0/426 421/0/421
f 426/0/426 427/0/427 421/0/421
f 427/0/427 428/0/428 421/0/421
f 421/0/421 428/0/428 304/0/304
f 304/0/304 428/0/428 303/0/303
f 428/0/428 429/0/429 303/0/303
f 303/0/303 429/0/429 302/0/302
f 429/0/429 430/0/430 302/0/302
f 302/0/302 430/0/430 301/0/301
f 430/0/430 431/0/431 301/0/301
f 301/0/301 431/0/431 300/0/300
f 431/0/431 432/0/432 300/0/300
f 300/0/300 432/0/432 299/0/299
f 432/0/432 433/0/433 299/0/299
f 299/0/299 433/0/433 298/0/298
f 433/0/433 434/0/434 298/0/298
f 298/0/298 434/0/434 297/0/297
f 434/0/434 435/0/435 297/0/297
f 297/0/297 435/0/435 296/0/296
f 435/0/435 436/0/436 296/0/296
f 296/0/296 436/0/436 295/0/295
f 436/0/436 437/0/437 295/0/295
f 295/0/295 437/0/437 294/0/294
f 437/0/437 438/0/438 294/0/294
f 294/0/294 438/0/438 293/0/293
f 438/0/438 439/0/439 293/0/293
f 293/0/293 439/0/439 292/0/292
f 439/0/439 440/0/440 292/0/292
f 292/0/292 440/0/440 291/0/291
f 440/0/440 441/0/441 291/0/291
f 291/0/291 441/0/441 290/0/290
f 441/0/441 442/0/442 290/0/290
f 290/0/290 442/0/442 289/0/289
f 442/0/442 443/0/443 289/0/289
f 289/0/289 443/0/443 288/0/288
f 444/0/444 427/0/427 426/0/426
f 434/0/434 445/0/445 435/0/435
f 445/0/445 446/0/446 435/0/435
f 435/0/435 446/0/446 436/0/436
f 447/0/447 446/0/446 445/0/445
f 442/0/442 448/0/448 443/0/443
f 448/0/448 449/0/449 443/0/443
f 449/0/449 450/0/450 443/0/443
f 443/0/443 450/0/450 288/0/288
f 288/0/288 450/0/450 287/0/287
f 450/0/450 451/0/451 287/0/287
f 287/0/287 451/0/451 370/0/370
f 451/0/451 452/0/452 370/0/370
f 370/0/370 452/0/452 372/0/372
f 452/0/452 453/0/453 372/0/372
f 372/0/372 453/0/453 373/0/373
f 453/0/453 454/0/454 373/0/373
f 373/0/373 454/0/454 374/0/374
f 454/0/454 455/0/455 374/0/374
f 374/0/374 455/0/455 375/0/375
f 455/0/455 456/0/456 375/0/375
f 375/0/375 456/0/456 376/0/376
f 456/0/456 457/0/457 376/0/376
f 376/0/376 457/0/457 377/0/377
f 457/0/457 458/0/458 377/0/377
f 377/0/377 458/0/458 378/0/378
f 458/0/458 459/0/459 378/0/378
f 378/0/378 459/0/459 379/0/379
f 459/0/459 460/0/460 379/0/379
f 379/0/379 460/0/460 380/0/380
f 460/0/460 461/0/461 380/0/380
f 380/0/380 461/0/461 381/0/381
f 461/0/461 462/0/462 381/0/381
f 381/0/381 462/0/462 382/0/382
f 462/0/462 463/0/463 382/0/382
f 382/0/382 463/0/463 383/0/383
f 463/0/463 464/0/464 383/0/383
f 383/0/383 464/0/464 384/0/384
f 464/0/464 465/0/465 384/0/384
f 384/0/384 465/0/465 385/0/385
f 465/0/465 466/0/466 385/0/385
f 385/0/385 466/0/466 386/0/386
f 467/0/467 449/0/449 448/0/448
f 456/0/456 468/0/468 457/0/457
f 468/0/468 469/0/469 457/0/457
f 457/0/457 469/0/469 458/0/458
f 470/0/470 469/0/469 468/0/468
f 464/0/464 471/0/471 465/0/465
f 471/0/471 472/0/472 465/0/465
f 465/0/465 472/0/472 466/0/466
f 472/0/472 473/0/473 466/0/466
f 473/0/473 474/0/474 466/0/466
f 466/0/466 474/0/474 386/0/386
f 386/0/386 474/0/474 387/0/387
f 387/0/387 474/0/474 475/0/475
f 474/0/474 476/0/476 475/0/475
f 475/0/475 476/0/476 477/0/477
f 471/0/471 478/0/478 472/0/472
f 478/0/478 479/0/479 472/0/472
f 472/0/472 479/0/479 473/0/473
f 479/0/479 480/0/480 473/0/473
f 473/0/473 480/0/480 476/0/476
f 480/0/480 481/0/481 476/0/476
f 476/0/476 481/0/481 477/0/477
f 481/0/481 482/0/482 477/0/477
f 477/0/477 482/0/482 483/0/483
f 482/0/482 484/0/484 483/0/483
f 483/0/483 484/0/484 485/0/485
f 484/0/484 486/0/486 485/0/485
f 485/0/485 486/0/486 487/0/487
f 486/0/486 488/0/488 487/0/487
f 487/0/487 488/0/488 403/0/403
f 488/0/488 489/0/489 403/0/403
f 403/0/403 489/0/489 490/0/490
f 489/0/489 491/0/491 490/0/490
f 490/0/490 491/0/491 492/0/492
f 491/0/491 493/0/493 492/0/492
f 492/0/492 493/0/493 494/0/494
f 493/0/493 495/0/495 494/0/494
f 494/0/494 495/0/495 496/0/496
f 495/0/495 497/0/497 496/0/496
f 496/0/496 497/0/497 498/0/498
f 497/0/497 499/0/499 498/0/498
f 498/0/498 499/0/499 500/0/500
f 499/0/499 501/0/501 500/0/500
f 500/0/500 501/0/501 502/0/502
f 501/0/501 503/0/503 502/0/502
f 502/0/502 503/0/503 422/0/422
f 503/0/503 504/0/504 422/0/422
f 422/0/422 504/0/504 505/0/505
f 504/0/504 506/0/506 505/0/505
f 505/0/505 506/0/506 507/0/507
f 506/0/506 508/0/508 507/0/507
f 507/0/507 508/0/508 509/0/509
f 508/0/508 510/0/510 509/0/509
f 509/0/509 510/0/510 511/0/511
f 510/0/510 512/0/512 511/0/511
f 511/0/511 512/0/512 513/0/513
f 512/0/512 514/0/514 513/0/513
f 513/0/513 514/0/514 515/0/515
f 514/0/514 516/0/516 515/0/515
f 515/0/515 516/0/516 517/0/517
f 516/0/516 518/0/518 517/0/517
f 517/0/517 518/0/518 425/0/425
f 518/0/518 519/0/519 425/0/425
f 425/0/425 519/0/519 520/0/520
f 519/0/519 521/0/521 520/0/520
f 520/0/520 521/0/521 522/0/522
f 521/0/521 523/0/523 522/0/522
f 522/0/522 523/0/523 524/0/524
f 523/0/523 525/0/525 524/0/524
f 524/0/524 525/0/525 526/0/526
f 525/0/525 527/0/527 526/0/526
f 526/0/526 527/0/527 528/0/528
f 527/0/527 529/0/529 528/0/528
f 528/0/528 529/0/529 530/0/530
f 529/0/529 531/0/531 530/0/530
f 530/0/530 531/0/531 532/0/532
f 531/0/531 533/0/533 532/0/532
f 532/0/532 533/0/533 444/0/444
f 533/0/533 534/0/534 444/0/444
f 444/0/444 534/0/534 535/0/535
f 534/0/534 536/0/536 535/0/535
f 535/0/535 536/0/536 537/0/537
f 536/0/536 538/0/538 537/0/537
f 537/0/537 538/0/538 539/0/539
f 538/0/538 540/0/540 539/0/539
f 539/0/539 540/0/540 541/0/541
f 540/0/540 542/0/542 541/0/541
f 541/0/541 542/0/542 543/0/543
f 542/0/542 544/0/544 543/0/543
f 543/0/543 544/0/544 545/0/545
f 544/0/544 546/0/546 545/0/545
f 545/0/545 546/0/546 547/0/547
f 546/0/546 548/0/548 547/0/547
f 547/0/547 548/0/548 447/0/447
f 548/0/548 549/0/549 447/0/447
f 447/0/447 549/0/549 550/0/550
f 549/0/549 551/0/551 550/0/550
f 550/0/550 551/0/551 552/0/552
f 551/0/551 553/0/553 552/0/552
f 552/0/552 553/0/553 554/0/554
f 553/0/553 555/0/555 554/0/554
f 554/0/554 555/0/555 556/0/556
f 555/0/555 557/0/557 556/0/556
f 556/0/556 557/0/557 558/0/558
f 557/0/557 559/0/559 558/0/558
f 558/0/558 559/0/559 560/0/560
f 559/0/559 561/0/561 560/0/560
f 560/0/560 561/0/561 562/0/562
f 561/0/561 563/0/563 562/0/562
f 562/0/562 563/0/563 467/0/467
f 563/0/563 564/0/564 467/0/467
f 467/0/467 564/0/564 565/0/565
f 564/0/564 566/0/566 565/0/565
f 473/0/473 476/0/476 474/0/474
f 403/0/403 490/0/490 402/0/402
f 422/0/422 505/0/505 405/0/405
f 425/0/425 520/0/520 424/0/424
f 444/0/444 535/0/535 427/0/427
f 447/0/447 550/0/550 446/0/446
f 467/0/467 565/0/565 449/0/449
f 565/0/565 566/0/566 567/0/567
f 566/0/566 568/0/568 567/0/567
f 567/0/567 568/0/568 569/0/569
f 568/0/568 570/0/570 569/0/569
f 569/0/569 570/0/570 571/0/571
f 570/0/570 572/0/572 571/0/571
f 571/0/571 572/0/572 573/0/573
f 572/0/572 574/0/574 573/0/573
f 573/0/573 574/0/574 575/0/575
f 574/0/574 576/0/576 575/0/575
f 575/0/575 576/0/576 577/0/577
f 576/0/576 578/0/578 577/0/577
f 577/0/577 578/0/578 470/0/470
f 578/0/578 579/0/579 470/0/470
f 470/0/470 579/0/579 580/0/580
f 579/0/579 581/0/581 580/0/580
f 580/0/580 581/0/581 582/0/582
f 581/0/581 583/0/583 582/0/582
f 582/0/582 583/0/583 584/0/584
f 583/0/583 585/0/585 584/0/584
f 584/0/584 585/0/585 586/0/586
f 585/0/585 587/0/587 586/0/586
f 586/0/586 587/0/587 588/0/588
f 587/0/587 589/0/589 588/0/588
f 588/0/588 589/0/589 590/0/590
f 589/0/589 591/0/591 590/0/590
f 590/0/590 591/0/591 592/0/592
f 591/0/591 593/0/593 592/0/592
f 592/0/592 593/0/593 478/0/478
f 593/0/593 594/0/594 478/0/478
f 478/0/478 594/0/594 479/0/479
f 594/0/594 595/0/595 479/0/479
f 479/0/479 595/0/595 480/0/480
f 470/0/470 580/0/580 469/0/469
f 586/0/586 596/0/596 584/0/584
f 596/0/596 597/0/597 584/0/584
f 584/0/584 597/0/597 582/0/582
f 597/0/597 598/0/598 582/0/582
f 582/0/582 598/0/598 580/0/580
f 580/0/580 598/0/598 469/0/469
f 469/0/469 598/0/598 458/0/458
f 458/0/458 598/0/598 459/0/459
f 598/0/598 597/0/597 459/0/459
f 459/0/459 597/0/597 460/0/460
f 597/0/597 596/0/596 460/0/460
f 599/0/599 600/0/600 601/0/601
f 600/0/600 602/0/602 601/0/601
f 601/0/601 602/0/602 603/0/603
f 602/0/602 604/0/604 603/0/603
f 603/0/603 604/0/604 605/0/605
f 604/0/604 606/0/606 605/0/605
f 605/0/605 606/0/606 607/0/607
f 599/0/599 608/0/608 600/0/600
f 600/0/600 608/0/608 609/0/609
f 609/0/609 608/0/608 610/0/610
f 608/0/608 611/0/611 610/0/610
f 610/0/610 611/0/611 612/0/612
f 611/0/611 613/0/613 612/0/612
f 612/0/612 613/0/613 614/0/614
f 613/0/613 615/0/615 614/0/614
f 614/0/614 615/0/615 616/0/616
f 615/0/615 617/0/617 616/0/616
f 616/0/616 617/0/617 618/0/618
f 617/0/617 619/0/619 618/0/618
f 618/0/618 619/0/619 620/0/620
f 619/0/619 621/0/621 620/0/620
f 620/0/620 621/0/621 622/0/622
f 621/0/621 623/0/623 622/0/622
f 622/0/622 623/0/623 624/0/624
f 623/0/623 625/0/625 624/0/624
f 624/0/624 625/0/625 626/0/626
f 625/0/625 627/0/627 626/0/626
f 626/0/626 627/0/627 628/0/628
f 627/0/627 629/0/629 628/0/628
f 628/0/628 629/0/629 630/0/630
f 629/0/629 631/0/631 630/0/630
f 630/0/630 631/0/631 632/0/632
f 631/0/631 633/0/633 632/0/632
f 632/0/632 633/0/633 634/0/634
f 633/0/633 635/0/635 634/0/634
f 634/0/634 635/0/635 636/0/636
f 635/0/635 637/0/637 636/0/636
f 636/0/636 637/0/637 638/0/638
f 637/0/637 639/0/639 638/0/638
f 638/0/638 639/0/639 640/0/640
f 639/0/639 641/0/641 640/0/640
f 640/0/640 641/0/641 642/0/642
f 641/0/641 643/0/643 642/0/642
f 642/0/642 643/0/643 644/0/644
f 643/0/643 645/0/645 644/0/644
f 644/0/644 645/0/645 646/0/646
f 645/0/645 647/0/647 646/0/646
f 646/0/646 647/0/647 648/0/648
f 647/0/647 649/0/649 648/0/648
f 648/0/648 649/0/649 650/0/650
f 649/0/649 651/0/651 650/0/650
f 650/0/650 651/0/651 652/0/652
f 651/0/651 653/0/653 652/0/652
f 652/0/652 653/0/653 654/0/654
f 653/0/653 655/0/655 654/0/654
f 654/0/654 655/0/655 656/0/656
f 655/0/655 657/0/657 656/0/656
f 656/0/656 657/0/657 658/0/658
f 657/0/657 659/0/659 658/0/658
f 658/0/658 659/0/659 660/0/660
f 659/0/659 661/0/661 660/0/660
f 660/0/660 661/0/661 662/0/662
f 661/0/661 663/0/663 662/0/662
f 662/0/662 663/0/663 664/0/664
f 663/0/663 665/0/665 664/0/664
f 664/0/664 665/0/665 666/0/666
f 665/0/665 667/0/667 666/0/666
f 666/0/666 667/0/667 668/0/668
f 667/0/667 669/0/669 668/0/668
f 668/0/668 669/0/669 670/0/670
f 669/0/669 671/0/671 670/0/670
f 670/0/670 671/0/671 672/0/672
f 671/0/671 673/0/673 672/0/672
f 672/0/672 673/0/673 674/0/674
f 673/0/673 675/0/675 674/0/674
f 674/0/674 675/0/675 676/0/676
f 675/0/675 677/0/677 676/0/676
f 676/0/676 677/0/677 678/0/678
f 677/0/677 679/0/679 678/0/678
f 678/0/678 679/0/679 680/0/680
f 679/0/679 681/0/681 680/0/680
f 680/0/680 681/0/681 682/0/682
f 681/0/681 683/0/683 682/0/682
f 682/0/682 683/0/683 684/0/684
f 683/0/683 685/0/685 684/0/684
f 684/0/684 685/0/685 686/0/686
f 685/0/685 687/0/687 686/0/686
f 686/0/686 687/0/687 688/0/688
f 687/0/687 689/0/689 688/0/688
f 688/0/688 689/0/689 690/0/690
f 689/0/689 691/0/691 690/0/690
f 690/0/690 691/0/691 692/0/692
f 691/0/691 693/0/693 692/0/692
f 692/0/692 693/0/693 694/0/694
f 693/0/693 695/0/695 694/0/694
f 694/0/694 695/0/695 696/0/696
f 695/0/695 697/0/697 696/0/696
f 696/0/696 697/0/697 698/0/698
f 697/0/697 699/0/699 698/0/698
f 698/0/698 699/0/699 700/0/700
f 699/0/699 701/0/701 700/0/700
f 700/0/700 701/0/701 702/0/702
f 701/0/701 703/0/703 702/0/702
f 702/0/702 703/0/703 704/0/704
f 703/0/703 705/0/705 704/0/704
f 704/0/704 705/0/705 706/0/706
f 705/0/705 707/0/707 706/0/706
f 706/0/706 707/0/707 708/0/708
f 707/0/707 709/0/709 708/0/708
f 708/0/708 709/0/709 710/0/710
f 709/0/709 711/0/711 710/0/710
f 710/0/710 711/0/711 712/0/712
f 711/0/711 713/0/713 712/0/712
f 712/0/712 713/0/713 714/0/714
f 713/0/713 715/0/715 714/0/714
f 714/0/714 715/0/715 716/0/716
f 715/0/715 717/0/717 716/0/716
f 716/0/716 717/0/717 718/0/718
f 717/0/717 719/0/719 718/0/718
f 718/0/718 719/0/719 720/0/720
f 719/0/719 721/0/721 720/0/720
f 720/0/720 721/0/721 722/0/722
f 721/0/721 723/0/723 722/0/722
f 722/0/722 723/0/723 724/0/724
f 723/0/723 725/0/725 724/0/724
f 724/0/724 725/0/725 726/0/726
f 725/0/725 607/0/607 726/0/726
f 607/0/607 606/0/606 726/0/726
f 606/0/606 727/0/727 726/0/726
f 727/0/727 728/0/728 726/0/726
f 726/0/726 728/0/728 724/0/724
f 728/0/728 729/0/729 724/0/724
f 724/0/724 729/0/729 722/0/722
f 729/0/729 730/0/730 722/0/722
f 722/0/722 730/0/730 720/0/720
f 730/0/730 731/0/731 720/0/720
f 720/0/720 731/0/731 718/0/718
f 731/0/731 732/0/732 718/0/718
f 718/0/718 732/0/732 716/0/716
f 732/0/732 733/0/733 716/0/716
f 716/0/716 733/0/733 714/0/714
f 733/0/733 734/0/734 714/0/714
f 714/0/714 734/0/734 712/0/712
f 734/0/734 735/0/735 712/0/712
f 712/0/712 735/0/735 710/0/710
f 735/0/735 736/0/736 710/0/710
f 710/0/710 736/0/736 708/0/708
f 736/0/736 737/0/737 708/0/708
f 708/0/708 737/0/737 706/0/706
f 737/0/737 738/0/738 706/0/706
f 706/0/706 738/0/738 704/0/704
f 738/0/738 739/0/739 704/0/704
f 704/0/704 739/0/739 702/0/702
f 739/0/739 740/0/740 702/0/702
f 702/0/702 740/0/740 700/0/700
f 740/0/740 741/0/741 700/0/700
f 700/0/700 741/0/741 698/0/698
f 741/0/741 742/0/742 698/0/698
f 698/0/698 742/0/742 696/0/696
f 742/0/742 743/0/743 696/0/696
f 696/0/696 743/0/743 694/0/694
f 743/0/743 744/0/744 694/0/694
f 694/0/694 744/0/744 692/0/692
f 744/0/744 745/0/745 692/0/692
f 692/0/692 745/0/745 690/0/690
f 745/0/745 746/0/746 690/0/690
f 690/0/690 746/0/746 688/0/688
f 746/0/746 747/0/747 688/0/688
f 688/0/688 747/0/747 686/0/686
f 747/0/747 748/0/748 686/0/686
f 686/0/686 748/0/748 684/0/684
f 748/0/748 749/0/749 684/0/684
f 684/0/684 749/0/749 682/0/682
f 749/0/749 750/0/750 682/0/682
f 682/0/682 750/0/750 680/0/680
f 750/0/750 751/0/751 680/0/680
f 680/0/680 751/0/751 678/0/678
f 751/0/751 752/0/752 678/0/678
f 678/0/678 752/0/752 676/0/676
f 752/0/752 753/0/753 676/0/676
f 676/0/676 753/0/753 674/0/674
f 753/0/753 754/0/754 674/0/674
f 674/0/674 754/0/754 672/0/672
f 754/0/754 755/0/755 672/0/672
f 672/0/672 755/0/755 670/0/670
f 755/0/755 756/0/756 670/0/670
f 670/0/670 756/0/756 668/0/668
f 756/0/756 757/0/757 668/0/668
f 668/0/668 757/0/757 666/0/666
f 757/0/757 758/0/758 666/0/666
f 666/0/666 758/0/758 664/0/664
f 758/0/758 759/0/759 664/0/664
f 664/0/664 759/0/759 662/0/662
f 759/0/759 760/0/760 662/0/662
f 662/0/662 760/0/760 660/0/660
f 760/0/760 761/0/761 660/0/660
f 660/0/660 761/0/761 658/0/658
f 761/0/761 762/0/762 658/0/658
f 658/0/658 762/0/762 656/0/656
f 762/0/762 763/0/763 656/0/656
f 656/0/656 763/0/763 654/0/654
f 763/0/763 764/0/764 654/0/654
f 654/0/654 764/0/764 652/0/652
f 764/0/764 765/0/765 652/0/652
f 652/0/652 765/0/765 650/0/650
f 765/0/765 766/0/766 650/0/650
f 650/0/650 766/0/766 648/0/648
f 766/0/766 767/0/767 648/0/648
f 648/0/648 767/0/767 646/0/646
f 767/0/767 768/0/768 646/0/646
f 646/0/646 768/0/768 644/0/644
f 768/0/768 769/0/769 644/0/644
f 644/0/644 769/0/769 642/0/642
f 769/0/769 770/0/770 642/0/642
f 642/0/642 770/0/770 640/0/640
f 770/0/770 771/0/771 640/0/640
f 640/0/640 771/0/771 638/0/638
f 771/0/771 772/0/772 638/0/638
f 638/0/638 772/0/772 636/0/636
f 772/0/772 773/0/773 636/0/636
f 636/0/636 773/0/773 634/0/634
f 773/0/773 774/0/774 634/0/634
f 634/0/634 774/0/774 632/0/632
f 774/0/774 775/0/775 632/0/632
f 632/0/632 775/0/775 630/0/630
f 775/0/775 776/0/776 630/0/630
f 630/0/630 776/0/776 628/0/628
f 776/0/776 777/0/777 628/0/628
f 628/0/628 777/0/777 626/0/626
f 777/0/777 778/0/778 626/0/626
f 626/0/626 778/0/778 624/0/624
f 778/0/778 779/0/779 624/0/624
f 624/0/624 779/0/779 622/0/622
f 779/0/779 780/0/780 622/0/622
f 622/0/622 780/0/780 620/0/620
f 780/0/780 781/0/781 620/0/620
f 620/0/620 781/0/781 618/0/618
f 781/0/781 782/0/782 618/0/618
f 618/0/618 782/0/782 616/0/616
f 782/0/782 783/0/783 616/0/616
f 616/0/616 783/0/783 614/0/614
f 783/0/783 784/0/784 614/0/614
f 614/0/614 784/0/784 612/0/612
f 784/0/784 785/0/785 612/0/612
f 612/0/612 785/0/785 610/0/610
f 785/0/785 786/0/786 610/0/610
f 610/0/610 786/0/786 609/0/609
f 786/0/786 785/0/785 787/0/787
f 787/0/787 785/0/785 788/0/788
f 785/0/785 784/0/784 788/0/788
f 788/0/788 784/0/784 789/0/789
f 784/0/784 783/0/783 789/0/789
f 789/0/789 783/0/783 790/0/790
f 783/0/783 782/0/782 790/0/790
f 790/0/790 782/0/782 791/0/791
f 782/0/782 781/0/781 791/0/791
f 791/0/791 781/0/781 792/0/792
f 781/0/781 780/0/780 792/0/792
f 792/0/792 780/0/780 793/0/793
f 780/0/780 779/0/779 793/0/793
f 793/0/793 779/0/779 794/0/794
f 779/0/779 778/0/778 794/0/794
f 794/0/794 778/0/778 795/0/795
f 778/0/778 777/0/777 795/0/795
f 795/0/795 777/0/777 796/0/796
f 777/0/777 776/0/776 796/0/796
f 796/0/796 776/0/776 797/0/797
f 776/0/776 775/0/775 797/0/797
f 797/0/797 775/0/775 798/0/798
f 775/0/775 774/0/774 798/0/798
f 798/0/798 774/0/774 799/0/799
f 774/0/774 773/0/773 799/0/799
f 799/0/799 773/0/773 800/0/800
f 773/0/773 772/0/772 800/0/800
f 800/0/800 772/0/772 801/0/801
f 772/0/772 771/0/771 801/0/801
f 801/0/801 771/0/771 802/0/802
f 771/0/771 770/0/770 802/0/802
f 802/0/802 770/0/770 803/0/803
f 770/0/770 769/0/769 803/0/803
f 803/0/803 769/0/769 804/0/804
f 769/0/769 768/0/768 804/0/804
f 804/0/804 768/0/768 805/0/805
f 768/0/768 767/0/767 805/0/805
f 805/0/805 767/0/767 806/0/806
f 767/0/767 766/0/766 806/0/806
f 806/0/806 766/0/766 807/0/807
f 766/0/766 765/0/765 807/0/807
f 807/0/807 765/0/765 808/0/808
f 765/0/765 764/0/764 808/0/808
f 808/0/808 764/0/764 809/0/809
f 764/0/764 763/0/763 809/0/809
f 809/0/809 763/0/763 810/0/810
f 763/0/763 762/0/762 810/0/810
f 810/0/810 762/0/762 811/0/811
f 762/0/762 761/0/761 811/0/811
f 811/0/811 761/0/761 812/0/812
f 761/0/761 760/0/760 812/0/812
f 812/0/812 760/0/760 813/0/813
f 760/0/760 759/0/759 813/0/813
f 813/0/813 759/0/759 814/0/814
f 759/0/759 758/0/758 814/0/814
f 814/0/814 758/0/758 815/0/815
f 758/0/758 757/0/757 815/0/815
f 815/0/815 757/0/757 816/0/816
f 757/0/757 756/0/756 816/0/816
f 816/0/816 756/0/756 817/0/817
f 756/0/756 755/0/755 817/0/817
f 817/0/817 755/0/755 818/0/818
f 755/0/755 754/0/754 818/0/818
f 818/0/818 754/0/754 819/0/819
f 754/0/754 753/0/753 819/0/819
f 819/0/819 753/0/753 820/0/820
f 753/0/753 752/0/752 820/0/820
f 820/0/820 752/0/752 821/0/821
f 752/0/752 751/0/751 821/0/821
f 821/0/821 751/0/751 822/0/822
f 751/0/751 750/0/750 822/0/822
f 822/0/822 750/0/750 823/0/823
f 750/0/750 749/0/749 823/0/823
f 823/0/823 749/0/749 824/0/824
f 749/0/749 748/0/748 824/0/824
f 824/0/824 748/0/748 825/0/825
f 748/0/748 747/0/747 825/0/825
f 825/0/825 747/0/747 826/0/826
f 747/0/747 746/0/746 826/0/826
f 826/0/826 746/0/746 827/0/827
f 746/0/746 745/0/745 827/0/827
f 827/0/827 745/0/745 828/0/828
f 745/0/745 744/0/744 828/0/828
f 828/0/828 744/0/744 829/0/829
f 744/0/744 743/0/743 829/0/829
f 829/0/829 743/0/743 830/0/830
f 743/0/743 742/0/742 830/0/830
f 830/0/830 742/0/742 831/0/831
f 742/0/742 741/0/741 831/0/831
f 831/0/831 741/0/741 832/0/832
f 741/0/741 740/0/740 832/0/832
f 832/0/832 740/0/740 833/0/833
f 740/0/740 739/0/739 833/0/833
f 833/0/833 739/0/739 834/0/834
f 739/0/739 738/0/738 834/0/834
f 834/0/834 738/0/738 835/0/835
f 738/0/738 737/0/737 835/0/835
f 835/0/835 737/0/737 836/0/836
f 737/0/737 736/0/736 836/0/836
f 836/0/836 736/0/736 837/0/837
f 736/0/736 735/0/735 837/0/837
f 837/0/837 735/0/735 838/0/838
f 735/0/735 734/0/734 838/0/838
f 838/0/838 734/0/734 839/0/839
f 734/0/734 733/0/733 839/0/839
f 839/0/839 733/0/733 840/0/840
f 733/0/733 732/0/732 840/0/840
f 840/0/840 732/0/732 841/0/841
f 732/0/732 731/0/731 841/0/841
f 841/0/841 731/0/731 842/0/842
f 731/0/731 730/0/730 842/0/842
f 842/0/842 730/0/730 843/0/843
f 730/0/730 729/0/729 843/0/843
f 843/0/843 729/0/729 844/0/844
f 729/0/729 728/0/728 844/0/844
f 844/0/844 728/0/728 845/0/845
f 728/0/728 727/0/727 845/0/845
f 845/0/845 846/0/846 844/0/844
f 846/0/846 847/0/847 844/0/844
f 844/0/844 847/0/847 843/0/843
f 847/0/847 848/0/848 843/0/843
f 843/0/843 848/0/848 842/0/842
f 848/0/848 849/0/849 842/0/842
f 842/0/842 849/0/849 841/0/841
f 849/0/849 850/0/850 841/0/841
f 841/0/841 850/0/850 840/0/840
f 850/0/850 851/0/851 840/0/840
f 840/0/840 851/0/851 839/0/839
f 851/0/851 852/0/852 839/0/839
f 839/0/839 852/0/852 838/0/838
f 852/0/852 853/0/853 838/0/838
f 838/0/838 853/0/853 837/0/837
f 853/0/853 854/0/854 837/0/837
f 837/0/837 854/0/854 836/0/836
f 854/0/854 855/0/855 836/0/836
f 836/0/836 855/0/855 835/0/835
f 855/0/855 856/0/856 835/0/835
f 835/0/835 856/0/856 834/0/834
f 856/0/856 857/0/857 834/0/834
f 834/0/834 857/0/857 833/0/833
f 857/0/857 858/0/858 833/0/833
f 833/0/833 858/0/858 832/0/832
f 858/0/858 859/0/859 832/0/832
f 832/0/832 859/0/859 831/0/831
f 859/0/859 860/0/860 831/0/831
f 831/0/831 860/0/860 830/0/830
f 860/0/860 861/0/861 830/0/830
f 830/0/830 861/0/861 829/0/829
f 861/0/861 862/0/862 829/0/829
f 829/0/829 862/0/862 828/0/828
f 862/0/862 863/0/863 828/0/828
f 828/0/828 863/0/863 827/0/827
f 863/0/863 864/0/864 827/0/827
f 827/0/827 864/0/864 826/0/826
f 864/0/864 865/0/865 826/0/826
f 826/0/826 865/0/865 825/0/825
f 865/0/865 866/0/866 825/0/825
f 825/0/825 866/0/866 824/0/824
f 866/0/866 867/0/867 824/0/824
f 824/0/824 867/0/867 823/0/823
f 867/0/867 868/0/868 823/0/823
f 823/0/823 868/0/868 822/0/822
f 868/0/868 869/0/869 822/0/822
f 822/0/822 869/0/869 821/0/821
f 869/0/869 870/0/870 821/0/821
f 821/0/821 870/0/870 820/0/820
f 870/0/870 871/0/871 820/0/820
f 820/0/820 871/0/871 819/0/819
f 871/0/871 872/0/872 819/0/819
f 819/0/819 872/0/872 818/0/818
f 872/0/872 873/0/873 818/0/818
f 818/0/818 873/0/873 817/0/817
f 873/0/873 874/0/874 817/0/817
f 817/0/817 874/0/874 816/0/816
f 874/0/874 875/0/875 816/0/816
f 816/0/816 875/0/875 815/0/815
f 875/0/875 876/0/876 815/0/815
f 815/0/815 876/0/876 814/0/814
f 876/0/876 877/0/877 814/0/814
f 814/0/814 877/0/877 813/0/813
f 877/0/877 878/0/878 813/0/813
f 813/0/813 878/0/878 812/0/812
f 878/0/878 879/0/879 812/0/812
f 812/0/812 879/0/879 811/0/811
f 879/0/879 880/0/880 811/0/811
f 811/0/811 880/0/880 810/0/810
f 880/0/880 881/0/881 810/0/810
f 810/0/810 881/0/881 809/0/809
f 881/0/881 882/0/882 809/0/809
f 809/0/809 882/0/882 808/0/808
f 882/0/882 883/0/883 808/0/808
f 808/0/808 883/0/883 807/0/807
f 883/0/883 884/0/884 807/0/807
f 807/0/807 884/0/884 806/0/806
f 884/0/884 885/0/885 806/0/806
f 806/0/806 885/0/885 805/0/805
f 885/0/885 886/0/886 805/0/805
f 805/0/805 886/0/886 804/0/804
f 886/0/886 887/0/887 804/0/804
f 804/0/804 887/0/887 803/0/803
f 887/0/887 888/0/888 803/0/803
f 803/0/803 888/0/888 802/0/802
f 888/0/888 889/0/889 802/0/802
f 802/0/802 889/0/889 801/0/801
f 889/0/889 890/0/890 801/0/801
f 801/0/801 890/0/890 800/0/800
f 890/0/890 891/0/891 800/0/800
f 800/0/800 891/0/891 799/0/799
f 891/0/891 892/0/892 799/0/799
f 799/0/799 892/0/892 798/0/798
f 892/0/892 893/0/893 798/0/798
f 798/0/798 893/0/893 797/0/797
f 893/0/893 894/0/894 797/0/797
f 797/0/797 894/0/894 796/0/796
f 894/0/894 895/0/895 796/0/796
f 796/0/796 895/0/895 795/0/795
f 895/0/895 896/0/896 795/0/795
f 795/0/795 896/0/896 794/0/794
f 896/0/896 897/0/897 794/0/794
f 794/0/794 897/0/897 793/0/793
f 897/0/897 898/0/898 793/0/793
f 793/0/793 898/0/898 792/0/792
f 898/0/898 899/0/899 792/0/792
f 792/0/792 899/0/899 791/0/791
f 899/0/899 900/0/900 791/0/791
f 791/0/791 900/0/900 790/0/790
f 900/0/900 901/0/901 790/0/790
f 790/0/790 901/0/901 789/0/789
f 901/0/901 902/0/902 789/0/789
f 789/0/789 902/0/902 788/0/788
f 902/0/902 903/0/903 788/0/788
f 788/0/788 903/0/903 787/0/787
f 903/0/903 904/0/904 787/0/787
f 787/0/787 904/0/904 905/0/905
f 904/0/904 906/0/906 905/0/905
f 905/0/905 906/0/906 907/0/907
f 906/0/906 908/0/908 907/0/907
f 908/0/908 909/0/909 907/0/907
f 907/0/907 909/0/909 910/0/910
f 910/0/910 909/0/909 911/0/911
f 909/0/909 912/0/912 911/0/911
f 911/0/911 912/0/912 913/0/913
f 912/0/912 914/0/914 913/0/913
f 913/0/913 914/0/914 845/0/845
f 914/0/914 846/0/846 845/0/845
f 787/0/787 905/0/905 786/0/786
f 845/0/845 727/0/727 913/0/913
f 913/0/913 727/0/727 915/0/915
f 727/0/727 606/0/606 915/0/915
f 606/0/606 604/0/604 915/0/915
f 915/0/915 604/0/604 916/0/916
f 604/0/604 602/0/602 916/0/916
f 916/0/916 602/0/602 917/0/917
f 602/0/602 600/0/600 917/0/917
f 600/0/600 609/0/609 917/0/917
f 609/0/609 918/0/918 917/0/917
f 917/0/917 918/0/918 910/0/910
f 910/0/910 918/0/918 907/0/907
f 907/0/907 918/0/918 905/0/905
f 905/0/905 918/0/918 786/0/786
f 918/0/918 609/0/609 786/0/786
f 913/0/913 915/0/915 911/0/911
f 915/0/915 916/0/916 911/0/911
f 911/0/911 916/0/916 910/0/910
f 916/0/916 917/0/917 910/0/910
f 919/0/919 920/0/920 921/0/921
f 920/0/920 922/0/922 921/0/921
f 920/0/920 919/0/919 923/0/923
f 919/0/919 924/0/924 923/0/923
f 923/0/923 924/0/924 925/0/925
f 924/0/924 926/0/926 925/0/925
f 925/0/925 926/0/926 927/0/927
f 926/0/926 928/0/928 927/0/927
f 927/0/927 928/0/928 929/0/929
f 928/0/928 930/0/930 929/0/929
f 929/0/929 930/0/930 931/0/931
f 930/0/930 932/0/932 931/0/931
f 931/0/931 932/0/932 933/0/933
f 932/0/932 934/0/934 933/0/933
f 933/0/933 934/0/934 935/0/935
f 934/0/934 936/0/936 935/0/935
f 935/0/935 936/0/936 937/0/937
f 936/0/936 938/0/938 937/0/937
f 937/0/937 938/0/938 939/0/939
f 938/0/938 940/0/940 939/0/939
f 939/0/939 940/0/940 941/0/941
f 940/0/940 942/0/942 941/0/941
f 941/0/941 942/0/942 943/0/943
f 942/0/942 944/0/944 943/0/943
f 943/0/943 944/0/944 945/0/945
f 944/0/944 946/0/946 945/0/945
f 945/0/945 946/0/946 947/0/947
f 946/0/946 948/0/948 947/0/947
f 947/0/947 948/0/948 949/0/949
f 948/0/948 950/0/950 949/0/949
f 949/0/949 950/0/950 951/0/951
f 950/0/950 952/0/952 951/0/951
f 951/0/951 952/0/952 953/0/953
f 952/0/952 954/0/954 953/0/953
f 953/0/953 954/0/954 955/0/955
f 954/0/954 956/0/956 955/0/955
f 955/0/955 956/0/956 957/0/957
f 956/0/956 958/0/958 957/0/957
f 957/0/957 958/0/958 959/0/959
f 958/0/958 960/0/960 959/0/959
f 959/0/959 960/0/960 961/0/961
f 960/0/960 962/0/962 961/0/961
f 961/0/961 962/0/962 963/0/963
f 962/0/962 964/0/964 963/0/963
f 963/0/963 964/0/964 965/0/965
f 964/0/964 966/0/966 965/0/965
f 965/0/965 966/0/966 967/0/967
f 966/0/966 968/0/968 967/0/967
f 967/0/967 968/0/968 969/0/969
f 968/0/968 970/0/970 969/0/969
f 969/0/969 970/0/970 971/0/971
f 970/0/970 972/0/972 971/0/971
f 971/0/971 972/0/972 973/0/973
f 972/0/972 974/0/974 973/0/973
f 973/0/973 974/0/974 975/0/975
f 974/0/974 976/0/976 975/0/975
f 975/0/975 976/0/976 977/0/977
f 976/0/976 978/0/978 977/0/977
f 977/0/977 978/0/978 979/0/979
f 978/0/978 980/0/980 979/0/979
f 979/0/979 980/0/980 981/0/981
f 980/0/980 982/0/982 981/0/981
f 981/0/981 982/0/982 983/0/983
f 982/0/982 984/0/984 983/0/983
f 983/0/983 984/0/984 985/0/985
f 984/0/984 986/0/986 985/0/985
f 985/0/985 986/0/986 987/0/987
f 986/0/986 988/0/988 987/0/987
f 987/0/987 988/0/988 989/0/989
f 988/0/988 990/0/990 989/0/989
f 989/0/989 990/0/990 991/0/991
f 990/0/990 992/0/992 991/0/991
f 991/0/991 992/0/992 993/0/993
f 992/0/992 994/0/994 993/0/993
f 993/0/993 994/0/994 995/0/995
f 994/0/994 996/0/996 995/0/995
f 995/0/995 996/0/996 997/0/997
f 996/0/996 998/0/998 997/0/997
f 997/0/997 998/0/998 999/0/999
f 998/0/998 1000/0/1000 999/0/999
f 999/0/999 1000/0/1000 1001/0/1001
f 1000/0/1000 1002/0/1002 1001/0/1001
f 1001/0/1001 1002/0/1002 1003/0/1003
f 1002/0/1002 1004/0/1004 1003/0/1003
f 1003/0/1003 1004/0/1004 1005/0/1005
f 1004/0/1004 1006/0/1006 1005/0/1005
f 1005/0/1005 1006/0/1006 1007/0/1007
f 1006/0/1006 1008/0/1008 1007/0/1007
f 1007/0/1007 1008/0/1008 1009/0/1009
f 1008/0/1008 1010/0/1010 1009/0/1009
f 1009/0/1009 1010/0/1010 1011/0/1011
f 1010/0/1010 1012/0/1012 1011/0/1011
f 1011/0/1011 1012/0/1012 1013/0/1013
f 1012/0/1012 1014/0/1014 1013/0/1013
f 1013/0/1013 1014/0/1014 1015/0/1015
f 1014/0/1014 1016/0/1016 1015/0/1015
f 1015/0/1015 1016/0/1016 1017/0/1017
f 1016/0/1016 1018/0/1018 1017/0/1017
f 1017/0/1017 1018/0/1018 1019/0/1019
f 1018/0/1018 1020/0/1020 1019/0/1019
f 1019/0/1019 1020/0/1020 1021/0/1021
f 1020/0/1020 1022/0/1022 1021/0/1021
f 1021/0/1021 1022/0/1022 1023/0/1023
f 1022/0/1022 1024/0/1024 1023/0/1023
f 1023/0/1023 1024/0/1024 1025/0/1025
f 1024/0/1024 1026/0/1026 1025/0/1025
f 1025/0/1025 1026/0/1026 1027/0/1027
f 1026/0/1026 1028/0/1028 1027/0/1027
f 1027/0/1027 1028/0/1028 1029/0/1029
f 1028/0/1028 1030/0/1030 1029/0/1029
f 1029/0/1029 1030/0/1030 1031/0/1031
f 1030/0/1030 1032/0/1032 1031/0/1031
f 1031/0/1031 1032/0/1032 1033/0/1033
f 1032/0/1032 1034/0/1034 1033/0/1033
f 1033/0/1033 1034/0/1034 1035/0/1035
f 1034/0/1034 1036/0/1036 1035/0/1035
f 1035/0/1035 1036/0/1036 1037/0/1037
f 1036/0/1036 1038/0/1038 1037/0/1037
f 1037/0/1037 1038/0/1038 1039/0/1039
f 1038/0/1038 1040/0/1040 1039/0/1039
f 1039/0/1039 1040/0/1040 1041/0/1041
f 1040/0/1040 1042/0/1042 1041/0/1041
f 1041/0/1041 1042/0/1042 1043/0/1043
f 1043/0/1043 1042/0/1042 1044/0/1044
f 1044/0/1044 1042/0/1042 1045/0/1045
f 1045/0/1045 1042/0/1042 1046/0/1046
f 1042/0/1042 1040/0/1040 1046/0/1046
f 1046/0/1046 1040/0/1040 1047/0/1047
f 1040/0/1040 1038/0/1038 1047/0/1047
f 1047/0/1047 1038/0/1038 1048/0/1048
f 1038/0/1038 1036/0/1036 1048/0/1048
f 1048/0/1048 1036/0/1036 1049/0/1049
f 1036/0/1036 1034/0/1034 1049/0/1049
f 1049/0/1049 1034/0/1034 1050/0/1050
f 1034/0/1034 1032/0/1032 1050/0/1050
f 1050/0/1050 1032/0/1032 1051/0/1051
f 1032/0/1032 1030/0/1030 1051/0/1051
f 1051/0/1051 1030/0/1030 1052/0/1052
f 1030/0/1030 1028/0/1028 1052/0/1052
f 1052/0/1052 1028/0/1028 1053/0/1053
f 1028/0/1028 1026/0/1026 1053/0/1053
f 1053/0/1053 1026/0/1026 1054/0/1054
f 1026/0/1026 1024/0/1024 1054/0/1054
f 1054/0/1054 1024/0/1024 1055/0/1055
f 1024/0/1024 1022/0/1022 1055/0/1055
f 1055/0/1055 1022/0/1022 1056/0/1056
f 1022/0/1022 1020/0/1020 1056/0/1056
f 1056/0/1056 1020/0/1020 1057/0/1057
f 1020/0/1020 1018/0/1018 1057/0/1057
f 1057/0/1057 1018/0/1018 1058/0/1058
f 1018/0/1018 1016/0/1016 1058/0/1058
f 1058/0/1058 1016/0/1016 1059/0/1059
f 1016/0/1016 1014/0/1014 1059/0/1059
f 1059/0/1059 1014/0/1014 1060/0/1060
f 1014/0/1014 1012/0/1012 1060/0/1060
f 1060/0/1060 1012/0/1012 1061/0/1061
f 1012/0/1012 1010/0/1010 1061/0/1061
f 1061/0/1061 1010/0/1010 1062/0/1062
f 1010/0/1010 1008/0/1008 1062/0/1062
f 1062/0/1062 1008/0/1008 1063/0/1063
f 1008/0/1008 1006/0/1006 1063/0/1063
f 1063/0/1063 1006/0/1006 1064/0/1064
f 1006/0/1006 1004/0/1004 1064/0/1064
f 1064/0/1064 1004/0/1004 1065/0/1065
f 1004/0/1004 1002/0/1002 1065/0/1065
f 1065/0/1065 1002/0/1002 1066/0/1066
f 1002/0/1002 1000/0/1000 1066/0/1066
f 1066/0/1066 1000/0/1000 1067/0/1067
f 1000/0/1000 998/0/998 1067/0/1067
f 1067/0/1067 998/0/998 1068/0/1068
f 998/0/998 996/0/996 1068/0/1068
f 1068/0/1068 996/0/996 1069/0/1069
f 996/0/996 994/0/994 1069/0/1069
f 1069/0/1069 994/0/994 1070/0/1070
f 994/0/994 992/0/992 1070/0/1070
f 1070/0/1070 992/0/992 1071/0/1071
f 992/0/992 990/0/990 1071/0/1071
f 1071/0/1071 990/0/990 1072/0/1072
f 990/0/990 988/0/988 1072/0/1072
f 1072/0/1072 988/0/988 1073/0/1073
f 988/0/988 986/0/986 1073/0/1073
f 1073/0/1073 986/0/986 1074/0/1074
f 986/0/986 984/0/984 1074/0/1074
f 1074/0/1074 984/0/984 1075/0/1075
f 984/0/984 982/0/982 1075/0/1075
f 1075/0/1075 982/0/982 1076/0/1076
f 982/0/982 980/0/980 1076/0/1076
f 1076/0/1076 980/0/980 1077/0/1077
f 980/0/980 978/0/978 1077/0/1077
f 1077/0/1077 978/0/978 1078/0/1078
f 978/0/978 976/0/976 1078/0/1078
f 1078/0/1078 976/0/976 1079/0/1079
f 976/0/976 974/0/974 1079/0/1079
f 1079/0/1079 974/0/974 1080/0/1080
f 974/0/974 972/0/972 1080/0/1080
f 1080/0/1080 972/0/972 1081/0/1081
f 972/0/972 970/0/970 1081/0/1081
f 1081/0/1081 970/0/970 1082/0/1082
f 970/0/970 968/0/968 1082/0/1082
f 1082/0/1082 968/0/968 1083/0/1083
f 968/0/968 966/0/966 1083/0/1083
f 1083/0/1083 966/0/966 1084/0/1084
f 966/0/966 964/0/964 1084/0/1084
f 1084/0/1084 964/0/964 1085/0/1085
f 964/0/964 962/0/962 1085/0/1085
f 1085/0/1085 962/0/962 1086/0/1086
f 962/0/962 960/0/960 1086/0/1086
f 1086/0/1086 960/0/960 1087/0/1087
f 960/0/960 958/0/958 1087/0/1087
f 1087/0/1087 958/0/958 1088/0/1088
f 958/0/958 956/0/956 1088/0/1088
f 1088/0/1088 956/0/956 1089/0/1089
f 956/0/956 954/0/954 1089/0/1089
f 1089/0/1089 954/0/954 1090/0/1090
f 954/0/954 952/0/952 1090/0/1090
f 1090/0/1090 952/0/952 1091/0/1091
f 952/0/952 950/0/950 1091/0/1091
f 1091/0/1091 950/0/950 1092/0/1092
f 950/0/950 948/0/948 1092/0/1092
f 1092/0/1092 948/0/948 1093/0/1093
f 948/0/948 946/0/946 1093/0/1093
f 1093/0/1093 946/0/946 1094/0/1094
f 946/0/946 944/0/944 1094/0/1094
f 1094/0/1094 944/0/944 1095/0/1095
f 944/0/944 942/0/942 1095/0/1095
f 1095/0/1095 942/0/942 1096/0/1096
f 942/0/942 940/0/940 1096/0/1096
f 1096/0/1096 940/0/940 1097/0/1097
f 940/0/940 938/0/938 1097/0/1097
f 1097/0/1097 938/0/938 1098/0/1098
f 938/0/938 936/0/936 1098/0/1098
f 1098/0/1098 936/0/936 1099/0/1099
f 936/0/936 934/0/934 1099/0/1099
f 1099/0/1099 934/0/934 1100/0/1100
f 934/0/934 932/0/932 1100/0/1100
f 1100/0/1100 932/0/932 1101/0/1101
f 932/0/932 930/0/930 1101/0/1101
f 1101/0/1101 930/0/930 1102/0/1102
f 930/0/930 928/0/928 1102/0/1102
f 1102/0/1102 928/0/928 1103/0/1103
f 928/0/928 926/0/926 1103/0/1103
f 1103/0/1103 926/0/926 1104/0/1104
f 926/0/926 924/0/924 1104/0/1104
f 1104/0/1104 924/0/924 1105/0/1105
f 924/0/924 919/0/919 1105/0/1105
f 1105/0/1105 919/0/919 1106/0/1106
f 919/0/919 921/0/921 1106/0/1106
f 1106/0/1106 921/0/921 1107/0/1107
f 921/0/921 1108/0/1108 1107/0/1107
f 1107/0/1107 1108/0/1108 1109/0/1109
f 1108/0/1108 1045/0/1045 1109/0/1109
f 1109/0/1109 1045/0/1045 1110/0/1110
f 1045/0/1045 1046/0/1046 1110/0/1110
f 1110/0/1110 1046/0/1046 1111/0/1111
f 1046/0/1046 1047/0/1047 1111/0/1111
f 1111/0/1111 1047/0/1047 1112/0/1112
f 1047/0/1047 1048/0/1048 1112/0/1112
f 1112/0/1112 1048/0/1048 1113/0/1113
f 1048/0/1048 1049/0/1049 1113/0/1113
f 1113/0/1113 1049/0/1049 1114/0/1114
f 1049/0/1049 1050/0/1050 1114/0/1114
f 1114/0/1114 1050/0/1050 1115/0/1115
f 1050/0/1050 1051/0/1051 1115/0/1115
f 1115/0/1115 1051/0/1051 1116/0/1116
f 1051/0/1051 1052/0/1052 1116/0/1116
f 1116/0/1116 1052/0/1052 1117/0/1117
f 1052/0/1052 1053/0/1053 1117/0/1117
f 1117/0/1117 1053/0/1053 1118/0/1118
f 1053/0/1053 1054/0/1054 1118/0/1118
f 1118/0/1118 1054/0/1054 1119/0/1119
f 1054/0/1054 1055/0/1055 1119/0/1119
f 1119/0/1119 1055/0/1055 1120/0/1120
f 1055/0/1055 1056/0/1056 1120/0/1120
f 1120/0/1120 1056/0/1056 1121/0/1121
f 1056/0/1056 1057/0/1057 1121/0/1121
f 1121/0/1121 1057/0/1057 1122/0/1122
f 1057/0/1057 1058/0/1058 1122/0/1122
f 1122/0/1122 1058/0/1058 1123/0/1123
f 1058/0/1058 1059/0/1059 1123/0/1123
f 1123/0/1123 1059/0/1059 1124/0/1124
f 1059/0/1059 1060/0/1060 1124/0/1124
f 1124/0/1124 1060/0/1060 1125/0/1125
f 1060/0/1060 1061/0/1061 1125/0/1125
f 1125/0/1125 1061/0/1061 1126/0/1126
f 1061/0/1061 1062/0/1062 1126/0/1126
f 1126/0/1126 1062/0/1062 1127/0/1127
f 1062/0/1062 1063/0/1063 1127/0/1127
f 1127/0/1127 1063/0/1063 1128/0/1128
f 1063/0/1063 1064/0/1064 1128/0/1128
f 1128/0/1128 1064/0/1064 1129/0/1129
f 1064/0/1064 1065/0/1065 1129/0/1129
f 1129/0/1129 1065/0/1065 1130/0/1130
f 1065/0/1065 1066/0/1066 1130/0/1130
f 1130/0/1130 1066/0/1066 1131/0/1131
f 1066/0/1066 1067/0/1067 1131/0/1131
f 1131/0/1131 1067/0/1067 1132/0/1132
f 1067/0/1067 1068/0/1068 1132/0/1132
f 1132/0/1132 1068/0/1068 1133/0/1133
f 1068/0/1068 1069/0/1069 1133/0/1133
f 1133/0/1133 1069/0/1069 1134/0/1134
f 1069/0/1069 1070/0/1070 1134/0/1134
f 1134/0/1134 1070/0/1070 1135/0/1135
f 1070/0/1070 1071/0/1071 1135/0/1135
f 1135/0/1135 1071/0/1071 1136/0/1136
f 1071/0/1071 1072/0/1072 1136/0/1136
f 1136/0/1136 1072/0/1072 1137/0/1137
f 1072/0/1072 1073/0/1073 1137/0/1137
f 1137/0/1137 1073/0/1073 1138/0/1138
f 1073/0/1073 1074/0/1074 1138/0/1138
f 1138/0/1138 1074/0/1074 1139/0/1139
f 1074/0/1074 1075/0/1075 1139/0/1139
f 1139/0/1139 1075/0/1075 1140/0/1140
f 1075/0/1075 1076/0/1076 1140/0/1140
f 1140/0/1140 1076/0/1076 1141/0/1141
f 1076/0/1076 1077/0/1077 1141/0/1141
f 1141/0/1141 1077/0/1077 1142/0/1142
f 1077/0/1077 1078/0/1078 1142/0/1142
f 1142/0/1142 1078/0/1078 1143/0/1143
f 1078/0/1078 1079/0/1079 1143/0/1143
f 1143/0/1143 1079/0/1079 1144/0/1144
f 1079/0/1079 1080/0/1080 1144/0/1144
f 1144/0/1144 1080/0/1080 1145/0/1145
f 1080/0/1080 1081/0/1081 1145/0/1145
f 1145/0/1145 1081/0/1081 1146/0/1146
f 1081/0/1081 1082/0/1082 1146/0/1146
f 1146/0/1146 1082/0/1082 1147/0/1147
f 1082/0/1082 1083/0/1083 1147/0/1147
f 1147/0/1147 1083/0/1083 1148/0/1148
f 1083/0/1083 1084/0/1084 1148/0/1148
f 1148/0/1148 1084/0/1084 1149/0/1149
f 1084/0/1084 1085/0/1085 1149/0/1149
f 1149/0/1149 1085/0/1085 1150/0/1150
f 1085/0/1085 1086/0/1086 1150/0/1150
f 1150/0/1150 1086/0/1086 1151/0/1151
f 1086/0/1086 1087/0/1087 1151/0/1151
f 1151/0/1151 1087/0/1087 1152/0/1152
f 1087/0/1087 1088/0/1088 1152/0/1152
f 1152/0/1152 1088/0/1088 1153/0/1153
f 1088/0/1088 1089/0/1089 1153/0/1153
f 1153/0/1153 1089/0/1089 1154/0/1154
f 1089/0/1089 1090/0/1090 1154/0/1154
f 1154/0/1154 1090/0/1090 1155/0/1155
f 1090/0/1090 1091/0/1091 1155/0/1155
f 1155/0/1155 1091/0/1091 1156/0/1156
f 1091/0/1091 1092/0/1092 1156/0/1156
f 1156/0/1156 1092/0/1092 1157/0/1157
f 1092/0/1092 1093/0/1093 1157/0/1157
f 1157/0/1157 1093/0/1093 1158/0/1158
f 1093/0/1093 1094/0/1094 1158/0/1158
f 1158/0/1158 1094/0/1094 1159/0/1159
f 1094/0/1094 1095/0/1095 1159/0/1159
f 1159/0/1159 1095/0/1095 1160/0/1160
f 1095/0/1095 1096/0/1096 1160/0/1160
f 1160/0/1160 1096/0/1096 1161/0/1161
f 1096/0/1096 1097/0/1097 1161/0/1161
f 1161/0/1161 1097/0/1097 1162/0/1162
f 1097/0/1097 1098/0/1098 1162/0/1162
f 1162/0/1162 1098/0/1098 1163/0/1163
f 1098/0/1098 1099/0/1099 1163/0/1163
f 1163/0/1163 1099/0/1099 1164/0/1164
f 1099/0/1099 1100/0/1100 1164/0/1164
f 1164/0/1164 1100/0/1100 1165/0/1165
f 1100/0/1100 1101/0/1101 1165/0/1165
f 1165/0/1165 1101/0/1101 1166/0/1166
f 1101/0/1101 1102/0/1102 1166/0/1166
f 1166/0/1166 1102/0/1102 1167/0/1167
f 1102/0/1102 1103/0/1103 1167/0/1167
f 1167/0/1167 1103/0/1103 1168/0/1168
f 1103/0/1103 1104/0/1104 1168/0/1168
f 1168/0/1168 1104/0/1104 1169/0/1169
f 1104/0/1104 1105/0/1105 1169/0/1169
f 1169/0/1169 1105/0/1105 1170/0/1170
f 1105/0/1105 1106/0/1106 1170/0/1170
f 1170/0/1170 1106/0/1106 1171/0/1171
f 1106/0/1106 1107/0/1107 1171/0/1171
f 1171/0/1171 1107/0/1107 1172/0/1172
f 1107/0/1107 1109/0/1109 1172/0/1172
f 1172/0/1172 1109/0/1109 1173/0/1173
f 1109/0/1109 1110/0/1110 1173/0/1173
f 1173/0/1173 1110/0/1110 1174/0/1174
f 1110/0/1110 1111/0/1111 1174/0/1174
f 1111/0/1111 1175/0/1175 1174/0/1174
f 1174/0/1174 1175/0/1175 1173/0/1173
f 1175/0/1175 1176/0/1176 1173/0/1173
f 1173/0/1173 1176/0/1176 1172/0/1172
f 1176/0/1176 1177/0/1177 1172/0/1172
f 1172/0/1172 1177/0/1177 1171/0/1171
f 1177/0/1177 1178/0/1178 1171/0/1171
f 1171/0/1171 1178/0/1178 1170/0/1170
f 1178/0/1178 1179/0/1179 1170/0/1170
f 1170/0/1170 1179/0/1179 1169/0/1169
f 1179/0/1179 1180/0/1180 1169/0/1169
f 1169/0/1169 1180/0/1180 1168/0/1168
f 1180/0/1180 1181/0/1181 1168/0/1168
f 1168/0/1168 1181/0/1181 1167/0/1167
f 1181/0/1181 1182/0/1182 1167/0/1167
f 1167/0/1167 1182/0/1182 1166/0/1166
f 1182/0/1182 1183/0/1183 1166/0/1166
f 1166/0/1166 1183/0/1183 1165/0/1165
f 1183/0/1183 1184/0/1184 1165/0/1165
f 1165/0/1165 1184/0/1184 1164/0/1164
f 1184/0/1184 1185/0/1185 1164/0/1164
f 1164/0/1164 1185/0/1185 1163/0/1163
f 1185/0/1185 1186/0/1186 1163/0/1163
f 1163/0/1163 1186/0/1186 1162/0/1162
f 1186/0/1186 1187/0/1187 1162/0/1162
f 1162/0/1162 1187/0/1187 1161/0/1161
f 1187/0/1187 1188/0/1188 1161/0/1161
f 1161/0/1161 1188/0/1188 1160/0/1160
f 1188/0/1188 1189/0/1189 1160/0/1160
f 1160/0/1160 1189/0/1189 1159/0/1159
f 1189/0/1189 1190/0/1190 1159/0/1159
f 1159/0/1159 1190/0/1190 1158/0/1158
f 1190/0/1190 1191/0/1191 1158/0/1158
f 1158/0/1158 1191/0/1191 1157/0/1157
f 1191/0/1191 1192/0/1192 1157/0/1157
f 1157/0/1157 1192/0/1192 1156/0/1156
f 1192/0/1192 1193/0/1193 1156/0/1156
f 1156/0/1156 1193/0/1193 1155/0/1155
f 1193/0/1193 1194/0/1194 1155/0/1155
f 1155/0/1155 1194/0/1194 1154/0/1154
f 1194/0/1194 1195/0/1195 1154/0/1154
f 1154/0/1154 1195/0/1195 1153/0/1153
f 1195/0/1195 1196/0/1196 1153/0/1153
f 1153/0/1153 1196/0/1196 1152/0/1152
f 1196/0/1196 1197/0/1197 1152/0/1152
f 1152/0/1152 1197/0/1197 1151/0/1151
f 1197/0/1197 1198/0/1198 1151/0/1151
f 1151/0/1151 1198/0/1198 1150/0/1150
f 1198/0/1198 1199/0/1199 1150/0/1150
f 1150/0/1150 1199/0/1199 1149/0/1149
f 1199/0/1199 1200/0/1200 1149/0/1149
f 1149/0/1149 1200/0/1200 1148/0/1148
f 1200/0/1200 1201/0/1201 1148/0/1148
f 1148/0/1148 1201/0/1201 1147/0/1147
f 1201/0/1201 1202/0/1202 1147/0/1147
f 1147/0/1147 1202/0/1202 1146/0/1146
f 1202/0/1202 1203/0/1203 1146/0/1146
f 1146/0/1146 1203/0/1203 1145/0/1145
f 1203/0/1203 1204/0/1204 1145/0/1145
f 1145/0/1145 1204/0/1204 1144/0/1144
f 1204/0/1204 1205/0/1205 1144/0/1144
f 1144/0/1144 1205/0/1205 1143/0/1143
f 1205/0/1205 1206/0/1206 1143/0/1143
f 1143/0/1143 1206/0/1206 1142/0/1142
f 1206/0/1206 1207/0/1207 1142/0/1142
f 1142/0/1142 1207/0/1207 1141/0/1141
f 1207/0/1207 1208/0/1208 1141/0/1141
f 1141/0/1141 1208/0/1208 1140/0/1140
f 1208/0/1208 1209/0/1209 1140/0/1140
f 1140/0/1140 1209/0/1209 1139/0/1139
f 1209/0/1209 1210/0/1210 1139/0/1139
f 1139/0/1139 1210/0/1210 1138/0/1138
f 1210/0/1210 1211/0/1211 1138/0/1138
f 1138/0/1138 1211/0/1211 1137/0/1137
f 1211/0/1211 1212/0/1212 1137/0/1137
f 1137/0/1137 1212/0/1212 1136/0/1136
f 1212/0/1212 1213/0/1213 1136/0/1136
f 1136/0/1136 1213/0/1213 1135/0/1135
f 1213/0/1213 1214/0/1214 1135/0/1135
f 1135/0/1135 1214/0/1214 1134/0/1134
f 1214/0/1214 1215/0/1215 1134/0/1134
f 1134/0/1134 1215/0/1215 1133/0/1133
f 1215/0/1215 1216/0/1216 1133/0/1133
f 1133/0/1133 1216/0/1216 1132/0/1132
f 1216/0/1216 1217/0/1217 1132/0/1132
f 1132/0/1132 1217/0/1217 1131/0/1131
f 1217/0/1217 1218/0/1218 1131/0/1131
f 1131/0/1131 1218/0/1218 1130/0/1130
f 1218/0/1218 1219/0/1219 1130/0/1130
f 1130/0/1130 1219/0/1219 1129/0/1129
f 1219/0/1219 1220/0/1220 1129/0/1129
f 1129/0/1129 1220/0/1220 1128/0/1128
f 1220/0/1220 1221/0/1221 1128/0/1128
f 1128/0/1128 1221/0/1221 1127/0/1127
f 1221/0/1221 1222/0/1222 1127/0/1127
f 1127/0/1127 1222/0/1222 1126/0/1126
f 1222/0/1222 1223/0/1223 1126/0/1126
f 1126/0/1126 1223/0/1223 1125/0/1125
f 1223/0/1223 1224/0/1224 1125/0/1125
f 1125/0/1125 1224/0/1224 1124/0/1124
f 1224/0/1224 1225/0/1225 1124/0/1124
f 1124/0/1124 1225/0/1225 1123/0/1123
f 1225/0/1225 1226/0/1226 1123/0/1123
f 1123/0/1123 1226/0/1226 1122/0/1122
f 1226/0/1226 1227/0/1227 1122/0/1122
f 1122/0/1122 1227/0/1227 1121/0/1121
f 1227/0/1227 1228/0/1228 1121/0/1121
f 1121/0/1121 1228/0/1228 1120/0/1120
f 1228/0/1228 1229/0/1229 1120/0/1120
f 1120/0/1120 1229/0/1229 1119/0/1119
f 1229/0/1229 1230/0/1230 1119/0/1119
f 1119/0/1119 1230/0/1230 1118/0/1118
f 1230/0/1230 1231/0/1231 1118/0/1118
f 1118/0/1118 1231/0/1231 1117/0/1117
f 1231/0/1231 1232/0/1232 1117/0/1117
f 1117/0/1117 1232/0/1232 1116/0/1116
f 1232/0/1232 1233/0/1233 1116/0/1116
f 1116/0/1116 1233/0/1233 1115/0/1115
f 1233/0/1233 1234/0/1234 1115/0/1115
f 1115/0/1115 1234/0/1234 1114/0/1114
f 1234/0/1234 1235/0/1235 1114/0/1114
f 1114/0/1114 1235/0/1235 1113/0/1113
f 1235/0/1235 1236/0/1236 1113/0/1113
f 1113/0/1113 1236/0/1236 1112/0/1112
f 1236/0/1236 1237/0/1237 1112/0/1112
f 1112/0/1112 1237/0/1237 1111/0/1111
f 1237/0/1237 1238/0/1238 1111/0/1111
f 1111/0/1111 1238/0/1238 1175/0/1175
f 921/0/921 922/0/922 1108/0/1108
f 922/0/922 1044/0/1044 1108/0/1108
f 1108/0/1108 1044/0/1044 1045/0/1045
f 1239/0/1239 1241/0/1241 1240/0/1240
f 1241/0/1241 1242/0/1242 1240/0/1240
f 1240/0/1240 1242/0/1242 1243/0/1243
f 1242/0/1242 1244/0/1244 1243/0/1243
f 1243/0/1243 1244/0/1244 1245/0/1245
f 1244/0/1244 1246/0/1246 1245/0/1245
f 1245/0/1245 1246/0/1246 1247/0/1247
f 1239/0/1239 1248/0/1248 1241/0/1241
f 1241/0/1241 1248/0/1248 1249/0/1249
f 1249/0/1249 1248/0/1248 1250/0/1250
f 1248/0/1248 1251/0/1251 1250/0/1250
f 1250/0/1250 1251/0/1251 1252/0/1252
f 1251/0/1251 1253/0/1253 1252/0/1252
f 1252/0/1252 1253/0/1253 1254/0/1254
f 1253/0/1253 1255/0/1255 1254/0/1254
f 1254/0/1254 1255/0/1255 1256/0/1256
f 1255/0/1255 1257/0/1257 1256/0/1256
f 1256/0/1256 1257/0/1257 1258/0/1258
f 1257/0/1257 1259/0/1259 1258/0/1258
f 1258/0/1258 1259/0/1259 1260/0/1260
f 1259/0/1259 1261/0/1261 1260/0/1260
f 1260/0/1260 1261/0/1261 1262/0/1262
f 1261/0/1261 1263/0/1263 1262/0/1262
f 1262/0/1262 1263/0/1263 1264/0/1264
f 1263/0/1263 1265/0/1265 1264/0/1264
f 1264/0/1264 1265/0/1265 1266/0/1266
f 1265/0/1265 1267/0/1267 1266/0/1266
f 1266/0/1266 1267/0/1267 1268/0/1268
f 1267/0/1267 1269/0/1269 1268/0/1268
f 1268/0/1268 1269/0/1269 1270/0/1270
f 1269/0/1269 1271/0/1271 1270/0/1270
f 1270/0/1270 1271/0/1271 1272/0/1272
f 1271/0/1271 1273/0/1273 1272/0/1272
f 1272/0/1272 1273/0/1273 1274/0/1274
f 1273/0/1273 1275/0/1275 1274/0/1274
f 1274/0/1274 1275/0/1275 1276/0/1276
f 1275/0/1275 1277/0/1277 1276/0/1276
f 1276/0/1276 1277/0/1277 1278/0/1278
f 1277/0/1277 1279/0/1279 1278/0/1278
f 1278/0/1278 1279/0/1279 1280/0/1280
f 1279/0/1279 1281/0/1281 1280/0/1280
f 1280/0/1280 1281/0/1281 1282/0/1282
f 1281/0/1281 1283/0/1283 1282/0/1282
f 1282/0/1282 1283/0/1283 1284/0/1284
f 1283/0/1283 1285/0/1285 1284/0/1284
f 1284/0/1284 1285/0/1285 1286/0/1286
f 1285/0/1285 1287/0/1287 1286/0/1286
f 1286/0/1286 1287/0/1287 1288/0/1288
f 1287/0/1287 1289/0/1289 1288/0/1288
f 1288/0/1288 1289/0/1289 1290/0/1290
f 1289/0/1289 1291/0/1291 1290/0/1290
f 1290/0/1290 1291/0/1291 1292/0/1292
f 1291/0/1291 1293/0/1293 1292/0/1292
f 1292/0/1292 1293/0/1293 1294/0/1294
f 1293/0/1293 1295/0/1295 1294/0/1294
f 1294/0/1294 1295/0/1295 1296/0/1296
f 1295/0/1295 1297/0/1297 1296/0/1296
f 1296/0/1296 1297/0/1297 1298/0/1298
f 1297/0/1297 1299/0/1299 1298/0/1298
f 1298/0/1298 1299/0/1299 1300/0/1300
f 1299/0/1299 1301/0/1301 1300/0/1300
f 1300/0/1300 1301/0/1301 1302/0/1302
f 1301/0/1301 1303/0/1303 1302/0/1302
f 1302/0/1302 1303/0/1303 1304/0/1304
f 1303/0/1303 1305/0/1305 1304/0/1304
f 1304/0/1304 1305/0/1305 1306/0/1306
f 1305/0/1305 1307/0/1307 1306/0/1306
f 1306/0/1306 1307/0/1307 1308/0/1308
f 1307/0/1307 1309/0/1309 1308/0/1308
f 1308/0/1308 1309/0/1309 1310/0/1310
f 1309/0/1309 1311/0/1311 1310/0/1310
f 1310/0/1310 1311/0/1311 1312/0/1312
f 1311/0/1311 1313/0/1313 1312/0/1312
f 1312/0/1312 1313/0/1313 1314/0/1314
f 1313/0/1313 1315/0/1315 1314/0/1314
f 1314/0/1314 1315/0/1315 1316/0/1316
f 1315/0/1315 1317/0/1317 1316/0/1316
f 1316/0/1316 1317/0/1317 1318/0/1318
f 1317/0/1317 1319/0/1319 1318/0/1318
f 1318/0/1318 1319/0/1319 1320/0/1320
f 1319/0/1319 1321/0/1321 1320/0/1320
f 1320/0/1320 1321/0/1321 1322/0/1322
f 1321/0/1321 1323/0/1323 1322/0/1322
f 1322/0/1322 1323/0/1323 1324/0/1324
f 1323/0/1323 1325/0/1325 1324/0/1324
f 1324/0/1324 1325/0/1325 1326/0/1326
f 1325/0/1325 1327/0/1327 1326/0/1326
f 1326/0/1326 1327/0/1327 1328/0/1328
f 1327/0/1327 1329/0/1329 1328/0/1328
f 1328/0/1328 1329/0/1329 1330/0/1330
f 1329/0/1329 1331/0/1331 1330/0/1330
f 1330/0/1330 1331/0/1331 1332/0/1332
f 1331/0/1331 1333/0/1333 1332/0/1332
f 1332/0/1332 1333/0/1333 1334/0/1334
f 1333/0/1333 1335/0/1335 1334/0/1334
f 1334/0/1334 1335/0/1335 1336/0/1336
f 1335/0/1335 1337/0/1337 1336/0/1336
f 1336/0/1336 1337/0/1337 1338/0/1338
f 1337/0/1337 1339/0/1339 1338/0/1338
f 1338/0/1338 1339/0/1339 1340/0/1340
f 1339/0/1339 1341/0/1341 1340/0/1340
f 1340/0/1340 1341/0/1341 1342/0/1342
f 1341/0/1341 1343/0/1343 1342/0/1342
f 1342/0/1342 1343/0/1343 1344/0/1344
f 1343/0/1343 1345/0/1345 1344/0/1344
f 1344/0/1344 1345/0/1345 1346/0/1346
f 1345/0/1345 1347/0/1347 1346/0/1346
f 1346/0/1346 1347/0/1347 1348/0/1348
f 1347/0/1347 1349/0/1349 1348/0/1348
f 1348/0/1348 1349/0/1349 1350/0/1350
f 1349/0/1349 1351/0/1351 1350/0/1350
f 1350/0/1350 1351/0/1351 1352/0/1352
f 1351/0/1351 1353/0/1353 1352/0/1352
f 1352/0/1352 1353/0/1353 1354/0/1354
f 1353/0/1353 1355/0/1355 1354/0/1354
f 1354/0/1354 1355/0/1355 1356/0/1356
f 1355/0/1355 1357/0/1357 1356/0/1356
f 1356/0/1356 1357/0/1357 1358/0/1358
f 1357/0/1357 1359/0/1359 1358/0/1358
f 1358/0/1358 1359/0/1359 1360/0/1360
f 1359/0/1359 1361/0/1361 1360/0/1360
f 1360/0/1360 1361/0/1361 1362/0/1362
f 1361/0/1361 1363/0/1363 1362/0/1362
f 1362/0/1362 1363/0/1363 1364/0/1364
f 1363/0/1363 1365/0/1365 1364/0/1364
f 1364/0/1364 1365/0/1365 1366/0/1366
f 1365/0/1365 1247/0/1247 1366/0/1366
f 1247/0/1247 1246/0/1246 1366/0/1366
f 1246/0/1246 1367/0/1367 1366/0/1366
f 1367/0/1367 1368/0/1368 1366/0/1366
f 1366/0/1366 1368/0/1368 1364/0/1364
f 1368/0/1368 1369/0/1369 1364/0/1364
f 1364/0/1364 1369/0/1369 1362/0/1362
f 1369/0/1369 1370/0/1370 1362/0/1362
f 1362/0/1362 1370/0/1370 1360/0/1360
f 1370/0/1370 1371/0/1371 1360/0/1360
f 1360/0/1360 1371/0/1371 1358/0/1358
f 1371/0/1371 1372/0/1372 1358/0/1358
f 1358/0/1358 1372/0/1372 1356/0/1356
f 1372/0/1372 1373/0/1373 1356/0/1356
f 1356/0/1356 1373/0/1373 1354/0/1354
f 1373/0/1373 1374/0/1374 1354/0/1354
f 1354/0/1354 1374/0/1374 1352/0/1352
f 1374/0/1374 1375/0/1375 1352/0/1352
f 1352/0/1352 1375/0/1375 1350/0/1350
f 1375/0/1375 1376/0/1376 1350/0/1350
f 1350/0/1350 1376/0/1376 1348/0/1348
f 1376/0/1376 1377/0/1377 1348/0/1348
f 1348/0/1348 1377/0/1377 1346/0/1346
f 1377/0/1377 1378/0/1378 1346/0/1346
f 1346/0/1346 1378/0/1378 1344/0/1344
f 1378/0/1378 1379/0/1379 1344/0/1344
f 1344/0/1344 1379/0/1379 1342/0/1342
f 1379/0/1379 1380/0/1380 1342/0/1342
f 1342/0/1342 1380/0/1380 1340/0/1340
f 1380/0/1380 1381/0/1381 1340/0/1340
f 1340/0/1340 1381/0/1381 1338/0/1338
f 1381/0/1381 1382/0/1382 1338/0/1338
f 1338/0/1338 1382/0/1382 1336/0/1336
f 1382/0/1382 1383/0/1383 1336/0/1336
f 1336/0/1336 1383/0/1383 1334/0/1334
f 1383/0/1383 1384/0/1384 1334/0/1334
f 1334/0/1334 1384/0/1384 1332/0/1332
f 1384/0/1384 1385/0/1385 1332/0/1332
f 1332/0/1332 1385/0/1385 1330/0/1330
f 1385/0/1385 1386/0/1386 1330/0/1330
f 1330/0/1330 1386/0/1386 1328/0/1328
f 1386/0/1386 1387/0/1387 1328/0/1328
f 1328/0/1328 1387/0/1387 1326/0/1326
f 1387/0/1387 1388/0/1388 1326/0/1326
f 1326/0/1326 1388/0/1388 1324/0/1324
f 1388/0/1388 1389/0/1389 1324/0/1324
f 1324/0/1324 1389/0/1389 1322/0/1322
f 1389/0/1389 1390/0/1390 1322/0/1322
f 1322/0/1322 1390/0/1390 1320/0/1320
f 1390/0/1390 1391/0/1391 1320/0/1320
f 1320/0/1320 1391/0/1391 1318/0/1318
f 1391/0/1391 1392/0/1392 1318/0/1318
f 1318/0/1318 1392/0/1392 1316/0/1316
f 1392/0/1392 1393/0/1393 1316/0/1316
f 1316/0/1316 1393/0/1393 1314/0/1314
f 1393/0/1393 1394/0/1394 1314/0/1314
f 1314/0/1314 1394/0/1394 1312/0/1312
f 1394/0/1394 1395/0/1395 1312/0/1312
f 1312/0/1312 1395/0/1395 1310/0/1310
f 1395/0/1395 1396/0/1396 1310/0/1310
f 1310/0/1310 1396/0/1396 1308/0/1308
f 1396/0/1396 1397/0/1397 1308/0/1308
f 1308/0/1308 1397/0/1397 1306/0/1306
f 1397/0/1397 1398/0/1398 1306/0/1306
f 1306/0/1306 1398/0/1398 1304/0/1304
f 1398/0/1398 1399/0/1399 1304/0/1304
f 1304/0/1304 1399/0/1399 1302/0/1302
f 1399/0/1399 1400/0/1400 1302/0/1302
f 1302/0/1302 1400/0/1400 1300/0/1300
f 1400/0/1400 1401/0/1401 1300/0/1300
f 1300/0/1300 1401/0/1401 1298/0/1298
f 1401/0/1401 1402/0/1402 1298/0/1298
f 1298/0/1298 1402/0/1402 1296/0/1296
f 1402/0/1402 1403/0/1403 1296/0/1296
f 1296/0/1296 1403/0/1403 1294/0/1294
f 1403/0/1403 1404/0/1404 1294/0/1294
f 1294/0/1294 1404/0/1404 1292/0/1292
f 1404/0/1404 1405/0/1405 1292/0/1292
f 1292/0/1292 1405/0/1405 1290/0/1290
f 1405/0/1405 1406/0/1406 1290/0/1290
f 1290/0/1290 1406/0/1406 1288/0/1288
f 1406/0/1406 1407/0/1407 1288/0/1288
f 1288/0/1288 1407/0/1407 1286/0/1286
f 1407/0/1407 1408/0/1408 1286/0/1286
f 1286/0/1286 1408/0/1408 1284/0/1284
f 1408/0/1408 1409/0/1409 1284/0/1284
f 1284/0/1284 1409/0/1409 1282/0/1282
f 1409/0/1409 1410/0/1410 1282/0/1282
f 1282/0/1282 1410/0/1410 1280/0/1280
f 1410/0/1410 1411/0/1411 1280/0/1280
f 1280/0/1280 1411/0/1411 1278/0/1278
f 1411/0/1411 1412/0/1412 1278/0/1278
f 1278/0/1278 1412/0/1412 1276/0/1276
f 1412/0/1412 1413/0/1413 1276/0/1276
f 1276/0/1276 1413/0/1413 1274/0/1274
f 1413/0/1413 1414/0/1414 1274/0/1274
f 1274/0/1274 1414/0/1414 1272/0/1272
f 1414/0/1414 1415/0/1415 1272/0/1272
f 1272/0/1272 1415/0/1415 1270/0/1270
f 1415/0/1415 1416/0/1416 1270/0/1270
f 1270/0/1270 1416/0/1416 1268/0/1268
f 1416/0/1416 1417/0/1417 1268/0/1268
f 1268/0/1268 1417/0/1417 1266/0/1266
f 1417/0/1417 1418/0/1418 1266/0/1266
f 1266/0/1266 1418/0/1418 1264/0/1264
f 1418/0/1418 1419/0/1419 1264/0/1264
f 1264/0/1264 1419/0/1419 1262/0/1262
f 1419/0/1419 1420/0/1420 1262/0/1262
f 1262/0/1262 1420/0/1420 1260/0/1260
f 1420/0/1420 1421/0/1421 1260/0/1260
f 1260/0/1260 1421/0/1421 1258/0/1258
f 1421/0/1421 1422/0/1422 1258/0/1258
f 1258/0/1258 1422/0/1422 1256/0/1256
f 1422/0/1422 1423/0/1423 1256/0/1256
f 1256/0/1256 1423/0/1423 1254/0/1254
f 1423/0/1423 1424/0/1424 1254/0/1254
f 1254/0/1254 1424/0/1424 1252/0/1252
f 1424/0/1424 1425/0/1425 1252/0/1252
f 1252/0/1252 1425/0/1425 1250/0/1250
f 1425/0/1425 1426/0/1426 1250/0/1250
f 1250/0/1250 1426/0/1426 1249/0/1249
f 1426/0/1426 1425/0/1425 1427/0/1427
f 1427/0/1427 1425/0/1425 1428/0/1428
f 1425/0/1425 1424/0/1424 1428/0/1428
f 1428/0/1428 1424/0/1424 1429/0/1429
f 1424/0/1424 1423/0/1423 1429/0/1429
f 1429/0/1429 1423/0/1423 1430/0/1430
f 1423/0/1423 1422/0/1422 1430/0/1430
f 1430/0/1430 1422/0/1422 1431/0/1431
f 1422/0/1422 1421/0/1421 1431/0/1431
f 1431/0/1431 1421/0/1421 1432/0/1432
f 1421/0/1421 1420/0/1420 1432/0/1432
f 1432/0/1432 1420/0/1420 1433/0/1433
f 1420/0/1420 1419/0/1419 1433/0/1433
f 1433/0/1433 1419/0/1419 1434/0/1434
f 1419/0/1419 1418/0/1418 1434/0/1434
f 1434/0/1434 1418/0/1418 1435/0/1435
f 1418/0/1418 1417/0/1417 1435/0/1435
f 1435/0/1435 1417/0/1417 1436/0/1436
f 1417/0/1417 1416/0/1416 1436/0/1436
f 1436/0/1436 1416/0/1416 1437/0/1437
f 1416/0/1416 1415/0/1415 1437/0/1437
f 1437/0/1437 1415/0/1415 1438/0/1438
f 1415/0/1415 1414/0/1414 1438/0/1438
f 1438/0/1438 1414/0/1414 1439/0/1439
f 1414/0/1414 1413/0/1413 1439/0/1439
f 1439/0/1439 1413/0/1413 1440/0/1440
f 1413/0/1413 1412/0/1412 1440/0/1440
f 1440/0/1440 1412/0/1412 1441/0/1441
f 1412/0/1412 1411/0/1411 1441/0/1441
f 1441/0/1441 1411/0/1411 1442/0/1442
f 1411/0/1411 1410/0/1410 1442/0/1442
f 1442/0/1442 1410/0/1410 1443/0/1443
f 1410/0/1410 1409/0/1409 1443/0/1443
f 1443/0/1443 1409/0/1409 1444/0/1444
f 1409/0/1409 1408/0/1408 1444/0/1444
f 1444/0/1444 1408/0/1408 1445/0/1445
f 1408/0/1408 1407/0/1407 1445/0/1445
f 1445/0/1445 1407/0/1407 1446/0/1446
f 1407/0/1407 1406/0/1406 1446/0/1446
f 1446/0/1446 1406/0/1406 1447/0/1447
f 1406/0/1406 1405/0/1405 1447/0/1447
f 1447/0/1447 1405/0/1405 1448/0/1448
f 1405/0/1405 1404/0/1404 1448/0/1448
f 1448/0/1448 1404/0/1404 1449/0/1449
f 1404/0/1404 1403/0/1403 1449/0/1449
f 1449/0/1449 1403/0/1403 1450/0/1450
f 1403/0/1403 1402/0/1402 1450/0/1450
f 1450/0/1450 1402/0/1402 1451/0/1451
f 1402/0/1402 1401/0/1401 1451/0/1451
f 1451/0/1451 1401/0/1401 1452/0/1452
f 1401/0/1401 1400/0/1400 1452/0/1452
f 1452/0/1452 1400/0/1400 1453/0/1453
f 1400/0/1400 1399/0/1399 1453/0/1453
f 1453/0/1453 1399/0/1399 1454/0/1454
f 1399/0/1399 1398/0/1398 1454/0/1454
f 1454/0/1454 1398/0/1398 1455/0/1455
f 1398/0/1398 1397/0/1397 1455/0/1455
f 1455/0/1455 1397/0/1397 1456/0/1456
f 1397/0/1397 1396/0/1396 1456/0/1456
f 1456/0/1456 1396/0/1396 1457/0/1457
f 1396/0/1396 1395/0/1395 1457/0/1457
f 1457/0/1457 1395/0/1395 1458/0/1458
f 1395/0/1395 1394/0/1394 1458/0/1458
f 1458/0/1458 1394/0/1394 1459/0/1459
f 1394/0/1394 1393/0/1393 1459/0/1459
f 1459/0/1459 1393/0/1393 1460/0/1460
f 1393/0/1393 1392/0/1392 1460/0/1460
f 1460/0/1460 1392/0/1392 1461/0/1461
f 1392/0/1392 1391/0/1391 1461/0/1461
f 1461/0/1461 1391/0/1391 1462/0/1462
f 1391/0/1391 1390/0/1390 1462/0/1462
f 1462/0/1462 1390/0/1390 1463/0/1463
f 1390/0/1390 1389/0/1389 1463/0/1463
f 1463/0/1463 1389/0/1389 1464/0/1464
f 1389/0/1389 1388/0/1388 1464/0/1464
f 1464/0/1464 1388/0/1388 1465/0/1465
f 1388/0/1388 1387/0/1387 1465/0/1465
f 1465/0/1465 1387/0/1387 1466/0/1466
f 1387/0/1387 1386/0/1386 1466/0/1466
f 1466/0/1466 1386/0/1386 1467/0/1467
f 1386/0/1386 1385/0/1385 1467/0/1467
f 1467/0/1467 1385/0/1385 1468/0/1468
f 1385/0/1385 1384/0/1384 1468/0/1468
f 1468/0/1468 1384/0/1384 1469/0/1469
f 1384/0/1384 1383/0/1383 1469/0/1469
f 1469/0/1469 1383/0/1383 1470/0/1470
f 1383/0/1383 1382/0/1382 1470/0/1470
f 1470/0/1470 1382/0/1382 1471/0/1471
f 1382/0/1382 1381/0/1381 1471/0/1471
f 1471/0/1471 1381/0/1381 1472/0/1472
f 1381/0/1381 1380/0/1380 1472/0/1472
f 1472/0/1472 1380/0/1380 1473/0/1473
f 1380/0/1380 1379/0/1379 1473/0/1473
f 1473/0/1473 1379/0/1379 1474/0/1474
f 1379/0/1379 1378/0/1378 1474/0/1474
f 1474/0/1474 1378/0/1378 1475/0/1475
f 1378/0/1378 1377/0/1377 1475/0/1475
f 1475/0/1475 1377/0/1377 1476/0/1476
f 1377/0/1377 1376/0/1376 1476/0/1476
f 1476/0/1476 1376/0/1376 1477/0/1477
f 1376/0/1376 1375/0/1375 1477/0/1477
f 1477/0/1477 1375/0/1375 1478/0/1478
f 1375/0/1375 1374/0/1374 1478/0/1478
f 1478/0/1478 1374/0/1374 1479/0/1479
f 1374/0/1374 1373/0/1373 1479/0/1479
f 1479/0/1479 1373/0/1373 1480/0/1480
f 1373/0/1373 1372/0/1372 1480/0/1480
f 1480/0/1480 1372/0/1372 1481/0/1481
f 1372/0/1372 1371/0/1371 1481/0/1481
f 1481/0/1481 1371/0/1371 1482/0/1482
f 1371/0/1371 1370/0/1370 1482/0/1482
f 1482/0/1482 1370/0/1370 1483/0/1483
f 1370/0/1370 1369/0/1369 1483/0/1483
f 1483/0/1483 1369/0/1369 1484/0/1484
f 1369/0/1369 1368/0/1368 1484/0/1484
f 1484/0/1484 1368/0/1368 1485/0/1485
f 1368/0/1368 1367/0/1367 1485/0/1485
f 1485/0/1485 1367/0/1367 1486/0/1486
f 1367/0/1367 1487/0/1487 1486/0/1486
f 1486/0/1486 1487/0/1487 1488/0/1488
f 1487/0/1487 1489/0/1489 1488/0/1488
f 1488/0/1488 1489/0/1489 1490/0/1490
f 1490/0/1490 1489/0/1489 1491/0/1491
f 1489/0/1489 1242/0/1242 1491/0/1491
f 1242/0/1242 1241/0/1241 1491/0/1491
f 1241/0/1241 1249/0/1249 1491/0/1491
f 1491/0/1491 1249/0/1249 1492/0/1492
f 1249/0/1249 1426/0/1426 1492/0/1492
f 1492/0/1492 1426/0/1426 1493/0/1493
f 1426/0/1426 1427/0/1427 1493/0/1493
f 1367/0/1367 1246/0/1246 1487/0/1487
f 1246/0/1246 1244/0/1244 1487/0/1487
f 1487/0/1487 1244/0/1244 1489/0/1489
f 1244/0/1244 1242/0/1242 1489/0/1489
f 1491/0/1491 1492/0/1492 1490/0/1490
f 1492/0/1492 1494/0/1494 1490/0/1490
f 1494/0/1494 1495/0/1495 1490/0/1490
f 1490/0/1490 1495/0/1495 1488/0/1488
f 1495/0/1495 1496/0/1496 1488/0/1488
f 1488/0/1488 1496/0/1496 1486/0/1486
f 1496/0/1496 1497/0/1497 1486/0/1486
f 1486/0/1486 1497/0/1497 1485/0/1485
f 1497/0/1497 1498/0/1498 1485/0/1485
f 1485/0/1485 1498/0/1498 1484/0/1484
f 1498/0/1498 1499/0/1499 1484/0/1484
f 1484/0/1484 1499/0/1499 1483/0/1483
f 1499/0/1499 1500/0/1500 1483/0/1483
f 1483/0/1483 1500/0/1500 1482/0/1482
f 1500/0/1500 1501/0/1501 1482/0/1482
f 1482/0/1482 1501/0/1501 1481/0/1481
f 1501/0/1501 1502/0/1502 1481/0/1481
f 1481/0/1481 1502/0/1502 1480/0/1480
f 1502/0/1502 1503/0/1503 1480/0/1480
f 1480/0/1480 1503/0/1503 1479/0/1479
f 1503/0/1503 1504/0/1504 1479/0/1479
f 1479/0/1479 1504/0/1504 1478/0/1478
f 1504/0/1504 1505/0/1505 1478/0/1478
f 1478/0/1478 1505/0/1505 1477/0/1477
f 1505/0/1505 1506/0/1506 1477/0/1477
f 1477/0/1477 1506/0/1506 1476/0/1476
f 1506/0/1506 1507/0/1507 1476/0/1476
f 1476/0/1476 1507/0/1507 1475/0/1475
f 1507/0/1507 1508/0/1508 1475/0/1475
f 1475/0/1475 1508/0/1508 1474/0/1474
f 1508/0/1508 1509/0/1509 1474/0/1474
f 1474/0/1474 1509/0/1509 1473/0/1473
f 1509/0/1509 1510/0/1510 1473/0/1473
f 1473/0/1473 1510/0/1510 1472/0/1472
f 1510/0/1510 1511/0/1511 1472/0/1472
f 1472/0/1472 1511/0/1511 1471/0/1471
f 1511/0/1511 1512/0/1512 1471/0/1471
f 1471/0/1471 1512/0/1512 1470/0/1470
f 1512/0/1512 1513/0/1513 1470/0/1470
f 1470/0/1470 1513/0/1513 1469/0/1469
f 1513/0/1513 1514/0/1514 1469/0/1469
f 1469/0/1469 1514/0/1514 1468/0/1468
f 1514/0/1514 1515/0/1515 1468/0/1468
f 1468/0/1468 1515/0/1515 1467/0/1467
f 1515/0/1515 1516/0/1516 1467/0/1467
f 1467/0/1467 1516/0/1516 1466/0/1466
f 1516/0/1516 1517/0/1517 1466/0/1466
f 1466/0/1466 1517/0/1517 1465/0/1465
f 1517/0/1517 1518/0/1518 1465/0/1465
f 1465/0/1465 1518/0/1518 1464/0/1464
f 1518/0/1518 1519/0/1519 1464/0/1464
f 1464/0/1464 1519/0/1519 1463/0/1463
f 1519/0/1519 1520/0/1520 1463/0/1463
f 1463/0/1463 1520/0/1520 1462/0/1462
f 1520/0/1520 1521/0/1521 1462/0/1462
f 1462/0/1462 1521/0/1521 1461/0/1461
f 1521/0/1521 1522/0/1522 1461/0/1461
f 1461/0/1461 1522/0/1522 1460/0/1460
f 1522/0/1522 1523/0/1523 1460/0/1460
f 1460/0/1460 1523/0/1523 1459/0/1459
f 1523/0/1523 1524/0/1524 1459/0/1459
f 1459/0/1459 1524/0/1524 1458/0/1458
f 1524/0/1524 1525/0/1525 1458/0/1458
f 1458/0/1458 1525/0/1525 1457/0/1457
f 1525/0/1525 1526/0/1526 1457/0/1457
f 1457/0/1457 1526/0/1526 1456/0/1456
f 1526/0/1526 1527/0/1527 1456/0/1456
f 1456/0/1456 1527/0/1527 1455/0/1455
f 1527/0/1527 1528/0/1528 1455/0/1455
f 1455/0/1455 1528/0/1528 1454/0/1454
f 1528/0/1528 1529/0/1529 1454/0/1454
f 1454/0/1454 1529/0/1529 1453/0/1453
f 1529/0/1529 1530/0/1530 1453/0/1453
f 1453/0/1453 1530/0/1530 1452/0/1452
f 1530/0/1530 1531/0/1531 1452/0/1452
f 1452/0/1452 1531/0/1531 1451/0/1451
f 1531/0/1531 1532/0/1532 1451/0/1451
f 1451/0/1451 1532/0/1532 1450/0/1450
f 1532/0/1532 1533/0/1533 1450/0/1450
f 1450/0/1450 1533/0/1533 1449/0/1449
f 1533/0/1533 1534/0/1534 1449/0/1449
f 1449/0/1449 1534/0/1534 1448/0/1448
f 1534/0/1534 1535/0/1535 1448/0/1448
f 1448/0/1448 1535/0/1535 1447/0/1447
f 1535/0/1535 1536/0/1536 1447/0/1447
f 1447/0/1447 1536/0/1536 1446/0/1446
f 1536/0/1536 1537/0/1537 1446/0/1446
f 1446/0/1446 1537/0/1537 1445/0/1445
f 1537/0/1537 1538/0/1538 1445/0/1445
f 1445/0/1445 1538/0/1538 1444/0/1444
f 1538/0/1538 1539/0/1539 1444/0/1444
f 1444/0/1444 1539/0/1539 1443/0/1443
f 1539/0/1539 1540/0/1540 1443/0/1443
f 1443/0/1443 1540/0/1540 1442/0/1442
f 1540/0/1540 1541/0/1541 1442/0/1442
f 1442/0/1442 1541/0/1541 1441/0/1441
f 1541/0/1541 1542/0/1542 1441/0/1441
f 1441/0/1441 1542/0/1542 1440/0/1440
f 1542/0/1542 1543/0/1543 1440/0/1440
f 1440/0/1440 1543/0/1543 1439/0/1439
f 1543/0/1543 1544/0/1544 1439/0/1439
f 1439/0/1439 1544/0/1544 1438/0/1438
f 1544/0/1544 1545/0/1545 1438/0/1438
f 1438/0/1438 1545/0/1545 1437/0/1437
f 1545/0/1545 1546/0/1546 1437/0/1437
f 1437/0/1437 1546/0/1546 1436/0/1436
f 1546/0/1546 1547/0/1547 1436/0/1436
f 1436/0/1436 1547/0/1547 1435/0/1435
f 1547/0/1547 1548/0/1548 1435/0/1435
f 1435/0/1435 1548/0/1548 1434/0/1434
f 1548/0/1548 1549/0/1549 1434/0/1434
f 1434/0/1434 1549/0/1549 1433/0/1433
f 1549/0/1549 1550/0/1550 1433/0/1433
f 1433/0/1433 1550/0/1550 1432/0/1432
f 1550/0/1550 1551/0/1551 1432/0/1432
f 1432/0/1432 1551/0/1551 1431/0/1431
f 1551/0/1551 1552/0/1552 1431/0/1431
f 1431/0/1431 1552/0/1552 1430/0/1430
f 1552/0/1552 1553/0/1553 1430/0/1430
f 1430/0/1430 1553/0/1553 1429/0/1429
f 1553/0/1553 1554/0/1554 1429/0/1429
f 1429/0/1429 1554/0/1554 1428/0/1428
f 1554/0/1554 1555/0/1555 1428/0/1428
f 1428/0/1428 1555/0/1555 1427/0/1427
f 1555/0/1555 1556/0/1556 1427/0/1427
f 1427/0/1427 1556/0/1556 1493/0/1493
f 1556/0/1556 1557/0/1557 1493/0/1493
f 1493/0/1493 1557/0/1557 1494/0/1494
f 1557/0/1557 1558/0/1558 1494/0/1494
f 1494/0/1494 1558/0/1558 1495/0/1495
f 1558/0/1558 1559/0/1559 1495/0/1495
f 1495/0/1495 1559/0/1559 1496/0/1496
f 1559/0/1559 1560/0/1560 1496/0/1496
f 1496/0/1496 1560/0/1560 1497/0/1497
f 1560/0/1560 1561/0/1561 1497/0/1497
f 1497/0/1497 1561/0/1561 1498/0/1498
f 1561/0/1561 1562/0/1562 1498/0/1498
f 1498/0/1498 1562/0/1562 1499/0/1499
f 1562/0/1562 1563/0/1563 1499/0/1499
f 1499/0/1499 1563/0/1563 1500/0/1500
f 1563/0/1563 1564/0/1564 1500/0/1500
f 1500/0/1500 1564/0/1564 1501/0/1501
f 1564/0/1564 1565/0/1565 1501/0/1501
f 1501/0/1501 1565/0/1565 1502/0/1502
f 1565/0/1565 1566/0/1566 1502/0/1502
f 1502/0/1502 1566/0/1566 1503/0/1503
f 1566/0/1566 1567/0/1567 1503/0/1503
f 1503/0/1503 1567/0/1567 1504/0/1504
f 1567/0/1567 1568/0/1568 1504/0/1504
f 1504/0/1504 1568/0/1568 1505/0/1505
f 1568/0/1568 1569/0/1569 1505/0/1505
f 1505/0/1505 1569/0/1569 1506/0/1506
f 1569/0/1569 1570/0/1570 1506/0/1506
f 1506/0/1506 1570/0/1570 1507/0/1507
f 1570/0/1570 1571/0/1571 1507/0/1507
f 1507/0/1507 1571/0/1571 1508/0/1508
f 1571/0/1571 1572/0/1572 1508/0/1508
f 1508/0/1508 1572/0/1572 1509/0/1509
f 1572/0/1572 1573/0/1573 1509/0/1509
f 1509/0/1509 1573/0/1573 1510/0/1510
f 1573/0/1573 1574/0/1574 1510/0/1510
f 1510/0/1510 1574/0/1574 1511/0/1511
f 1574/0/1574 1575/0/1575 1511/0/1511
f 1511/0/1511 1575/0/1575 1512/0/1512
f 1575/0/1575 1576/0/1576 1512/0/1512
f 1512/0/1512 1576/0/1576 1513/0/1513
f 1576/0/1576 1577/0/1577 1513/0/1513
f 1513/0/1513 1577/0/1577 1514/0/1514
f 1577/0/1577 1578/0/1578 1514/0/1514
f 1514/0/1514 1578/0/1578 1515/0/1515
f 1578/0/1578 1579/0/1579 1515/0/1515
f 1515/0/1515 1579/0/1579 1516/0/1516
f 1579/0/1579 1580/0/1580 1516/0/1516
f 1516/0/1516 1580/0/1580 1517/0/1517
f 1580/0/1580 1581/0/1581 1517/0/1517
f 1517/0/1517 1581/0/1581 1518/0/1518
f 1581/0/1581 1582/0/1582 1518/0/1518
f 1518/0/1518 1582/0/1582 1519/0/1519
f 1582/0/1582 1583/0/1583 1519/0/1519
f 1519/0/1519 1583/0/1583 1520/0/1520
f 1583/0/1583 1584/0/1584 1520/0/1520
f 1520/0/1520 1584/0/1584 1521/0/1521
f 1584/0/1584 1585/0/1585 1521/0/1521
f 1521/0/1521 1585/0/1585 1522/0/1522
f 1585/0/1585 1586/0/1586 1522/0/1522
f 1522/0/1522 1586/0/1586 1523/0/1523
f 1586/0/1586 1587/0/1587 1523/0/1523
f 1523/0/1523 1587/0/1587 1524/0/1524
f 1587/0/1587 1588/0/1588 1524/0/1524
f 1524/0/1524 1588/0/1588 1525/0/1525
f 1588/0/1588 1589/0/1589 1525/0/1525
f 1525/0/1525 1589/0/1589 1526/0/1526
f 1589/0/1589 1590/0/1590 1526/0/1526
f 1526/0/1526 1590/0/1590 1527/0/1527
f 1590/0/1590 1591/0/1591 1527/0/1527
f 1527/0/1527 1591/0/1591 1528/0/1528
f 1591/0/1591 1592/0/1592 1528/0/1528
f 1528/0/1528 1592/0/1592 1529/0/1529
f 1592/0/1592 1593/0/1593 1529/0/1529
f 1529/0/1529 1593/0/1593 1530/0/1530
f 1593/0/1593 1594/0/1594 1530/0/1530
f 1530/0/1530 1594/0/1594 1531/0/1531
f 1594/0/1594 1595/0/1595 1531/0/1531
f 1531/0/1531 1595/0/1595 1532/0/1532
f 1595/0/1595 1596/0/1596 1532/0/1532
f 1532/0/1532 1596/0/1596 1533/0/1533
f 1596/0/1596 1597/0/1597 1533/0/1533
f 1533/0/1533 1597/0/1597 1534/0/1534
f 1597/0/1597 1598/0/1598 1534/0/1534
f 1534/0/1534 1598/0/1598 1535/0/1535
f 1598/0/1598 1599/0/1599 1535/0/1535
f 1535/0/1535 1599/0/1599 1536/0/1536
f 1599/0/1599 1600/0/1600 1536/0/1536
f 1536/0/1536 1600/0/1600 1537/0/1537
f 1600/0/1600 1601/0/1601 1537/0/1537
f 1537/0/1537 1601/0/1601 1538/0/1538
f 1601/0/1601 1602/0/1602 1538/0/1538
f 1538/0/1538 1602/0/1602 1539/0/1539
f 1602/0/1602 1603/0/1603 1539/0/1539
f 1539/0/1539 1603/0/1603 1540/0/1540
f 1603/0/1603 1604/0/1604 1540/0/1540
f 1540/0/1540 1604/0/1604 1541/0/1541
f 1604/0/1604 1605/0/1605 1541/0/1541
f 1541/0/1541 1605/0/1605 1542/0/1542
f 1605/0/1605 1606/0/1606 1542/0/1542
f 1542/0/1542 1606/0/1606 1543/0/1543
f 1606/0/1606 1607/0/1607 1543/0/1543
f 1543/0/1543 1607/0/1607 1544/0/1544
f 1607/0/1607 1608/0/1608 1544/0/1544
f 1544/0/1544 1608/0/1608 1545/0/1545
f 1608/0/1608 1609/0/1609 1545/0/1545
f 1545/0/1545 1609/0/1609 1546/0/1546
f 1609/0/1609 1610/0/1610 1546/0/1546
f 1546/0/1546 1610/0/1610 1547/0/1547
f 1610/0/1610 1611/0/1611 1547/0/1547
f 1547/0/1547 1611/0/1611 1548/0/1548
f 1611/0/1611 1612/0/1612 1548/0/1548
f 1548/0/1548 1612/0/1612 1549/0/1549
f 1612/0/1612 1613/0/1613 1549/0/1549
f 1549/0/1549 1613/0/1613 1550/0/1550
f 1613/0/1613 1614/0/1614 1550/0/1550
f 1550/0/1550 1614/0/1614 1551/0/1551
f 1614/0/1614 1615/0/1615 1551/0/1551
f 1551/0/1551 1615/0/1615 1552/0/1552
f 1615/0/1615 1616/0/1616 1552/0/1552
f 1552/0/1552 1616/0/1616 1553/0/1553
f 1616/0/1616 1617/0/1617 1553/0/1553
f 1553/0/1553 1617/0/1617 1554/0/1554
f 1617/0/1617 1618/0/1618 1554/0/1554
f 1554/0/1554 1618/0/1618 1555/0/1555
f 1618/0/1618 1619/0/1619 1555/0/1555
f 1555/0/1555 1619/0/1619 1556/0/1556
f 1619/0/1619 1620/0/1620 1556/0/1556
f 1556/0/1556 1620/0/1620 1557/0/1557
f 1620/0/1620 1621/0/1621 1557/0/1557
f 1557/0/1557 1621/0/1621 1558/0/1558
f 1621/0/1621 1622/0/1622 1558/0/1558
f 1558/0/1558 1622/0/1622 1559/0/1559
f 1559/0/1559 1622/0/1622 1623/0/1623
f 1622/0/1622 1621/0/1621 1623/0/1623
f 1623/0/1623 1621/0/1621 1624/0/1624
f 1621/0/1621 1620/0/1620 1624/0/1624
f 1624/0/1624 1620/0/1620 1625/0/1625
f 1620/0/1620 1619/0/1619 1625/0/1625
f 1625/0/1625 1619/0/1619 1626/0/1626
f 1619/0/1619 1618/0/1618 1626/0/1626
f 1626/0/1626 1618/0/1618 1627/0/1627
f 1618/0/1618 1617/0/1617 1627/0/1627
f 1627/0/1627 1617/0/1617 1628/0/1628
f 1617/0/1617 1616/0/1616 1628/0/1628
f 1628/0/1628 1616/0/1616 1629/0/1629
f 1616/0/1616 1615/0/1615 1629/0/1629
f 1629/0/1629 1615/0/1615 1630/0/1630
f 1615/0/1615 1614/0/1614 1630/0/1630
f 1630/0/1630 1614/0/1614 1631/0/1631
f 1614/0/1614 1613/0/1613 1631/0/1631
f 1631/0/1631 1613/0/1613 1632/0/1632
f 1613/0/1613 1612/0/1612 1632/0/1632
f 1632/0/1632 1612/0/1612 1633/0/1633
f 1612/0/1612 1611/0/1611 1633/0/1633
f 1633/0/1633 1611/0/1611 1634/0/1634
f 1611/0/1611 1610/0/1610 1634/0/1634
f 1634/0/1634 1610/0/1610 1635/0/1635
f 1610/0/1610 1609/0/1609 1635/0/1635
f 1635/0/1635 1609/0/1609 1636/0/1636
f 1609/0/1609 1608/0/1608 1636/0/1636
f 1636/0/1636 1608/0/1608 1637/0/1637
f 1608/0/1608 1607/0/1607 1637/0/1637
f 1637/0/1637 1607/0/1607 1638/0/1638
f 1607/0/1607 1606/0/1606 1638/0/1638
f 1638/0/1638 1606/0/1606 1639/0/1639
f 1606/0/1606 1605/0/1605 1639/0/1639
f 1639/0/1639 1605/0/1605 1640/0/1640
f 1605/0/1605 1604/0/1604 1640/0/1640
f 1640/0/1640 1604/0/1604 1641/0/1641
f 1604/0/1604 1603/0/1603 1641/0/1641
f 1641/0/1641 1603/0/1603 1642/0/1642
f 1603/0/1603 1602/0/1602 1642/0/1642
f 1642/0/1642 1602/0/1602 1643/0/1643
f 1602/0/1602 1601/0/1601 1643/0/1643
f 1643/0/1643 1601/0/1601 1644/0/1644
f 1601/0/1601 1600/0/1600 1644/0/1644
f 1644/0/1644 1600/0/1600 1645/0/1645
f 1600/0/1600 1599/0/1599 1645/0/1645
f 1645/0/1645 1599/0/1599 1646/0/1646
f 1599/0/1599 1598/0/1598 1646/0/1646
f 1646/0/1646 1598/0/1598 1647/0/1647
f 1598/0/1598 1597/0/1597 1647/0/1647
f 1647/0/1647 1597/0/1597 1648/0/1648
f 1597/0/1597 1596/0/1596 1648/0/1648
f 1648/0/1648 1596/0/1596 1649/0/1649
f 1596/0/1596 1595/0/1595 1649/0/1649
f 1649/0/1649 1595/0/1595 1650/0/1650
f 1595/0/1595 1594/0/1594 1650/0/1650
f 1650/0/1650 1594/0/1594 1651/0/1651
f 1594/0/1594 1593/0/1593 1651/0/1651
f 1651/0/1651 1593/0/1593 1652/0/1652
f 1593/0/1593 1592/0/1592 1652/0/1652
f 1652/0/1652 1592/0/1592 1653/0/1653
f 1592/0/1592 1591/0/1591 1653/0/1653
f 1653/0/1653 1591/0/1591 1654/0/1654
f 1591/0/1591 1590/0/1590 1654/0/1654
f 1654/0/1654 1590/0/1590 1655/0/1655
f 1590/0/1590 1589/0/1589 1655/0/1655
f 1655/0/1655 1589/0/1589 1656/0/1656
f 1589/0/1589 1588/0/1588 1656/0/1656
f 1656/0/1656 1588/0/1588 1657/0/1657
f 1588/0/1588 1587/0/1587 1657/0/1657
f 1657/0/1657 1587/0/1587 1658/0/1658
f 1587/0/1587 1586/0/1586 1658/0/1658
f 1658/0/1658 1586/0/1586 1659/0/1659
f 1586/0/1586 1585/0/1585 1659/0/1659
f 1659/0/1659 1585/0/1585 1660/0/1660
f 1585/0/1585 1584/0/1584 1660/0/1660
f 1660/0/1660 1584/0/1584 1661/0/1661
f 1584/0/1584 1583/0/1583 1661/0/1661
f 1661/0/1661 1583/0/1583 1662/0/1662
f 1583/0/1583 1582/0/1582 1662/0/1662
f 1662/0/1662 1582/0/1582 1663/0/1663
f 1582/0/1582 1581/0/1581 1663/0/1663
f 1663/0/1663 1581/0/1581 1664/0/1664
f 1581/0/1581 1580/0/1580 1664/0/1664
f 1664/0/1664 1580/0/1580 1665/0/1665
f 1580/0/1580 1579/0/1579 1665/0/1665
f 1665/0/1665 1579/0/1579 1666/0/1666
f 1579/0/1579 1578/0/1578 1666/0/1666
f 1666/0/1666 1578/0/1578 1667/0/1667
f 1578/0/1578 1577/0/1577 1667/0/1667
f 1667/0/1667 1577/0/1577 1668/0/1668
f 1577/0/1577 1576/0/1576 1668/0/1668
f 1668/0/1668 1576/0/1576 1669/0/1669
f 1576/0/1576 1575/0/1575 1669/0/1669
f 1669/0/1669 1575/0/1575 1670/0/1670
f 1575/0/1575 1574/0/1574 1670/0/1670
f 1670/0/1670 1574/0/1574 1671/0/1671
f 1574/0/1574 1573/0/1573 1671/0/1671
f 1671/0/1671 1573/0/1573 1672/0/1672
f 1573/0/1573 1572/0/1572 1672/0/1672
f 1672/0/1672 1572/0/1572 1673/0/1673
f 1572/0/1572 1571/0/1571 1673/0/1673
f 1673/0/1673 1571/0/1571 1674/0/1674
f 1571/0/1571 1570/0/1570 1674/0/1674
f 1674/0/1674 1570/0/1570 1675/0/1675
f 1570/0/1570 1569/0/1569 1675/0/1675
f 1675/0/1675 1569/0/1569 1676/0/1676
f 1569/0/1569 1568/0/1568 1676/0/1676
f 1676/0/1676 1568/0/1568 1677/0/1677
f 1568/0/1568 1567/0/1567 1677/0/1677
f 1677/0/1677 1567/0/1567 1678/0/1678
f 1567/0/1567 1566/0/1566 1678/0/1678
f 1678/0/1678 1566/0/1566 1679/0/1679
f 1566/0/1566 1565/0/1565 1679/0/1679
f 1679/0/1679 1565/0/1565 1680/0/1680
f 1565/0/1565 1564/0/1564 1680/0/1680
f 1680/0/1680 1564/0/1564 1681/0/1681
f 1564/0/1564 1563/0/1563 1681/0/1681
f 1681/0/1681 1563/0/1563 1682/0/1682
f 1563/0/1563 1562/0/1562 1682/0/1682
f 1682/0/1682 1562/0/1562 1683/0/1683
f 1562/0/1562 1561/0/1561 1683/0/1683
f 1683/0/1683 1561/0/1561 1684/0/1684
f 1561/0/1561 1560/0/1560 1684/0/1684
f 1684/0/1684 1560/0/1560 1685/0/1685
f 1560/0/1560 1559/0/1559 1685/0/1685
f 1685/0/1685 1559/0/1559 1686/0/1686
f 1559/0/1559 1623/0/1623 1686/0/1686
f 1493/0/1493 1494/0/1494 1492/0/1492
f 1687/0/1687 1689/0/1689 1688/0/1688
f 1688/0/1688 1689/0/1689 1690/0/1690
f 1689/0/1689 1687/0/1687 1691/0/1691
f 1687/0/1687 1692/0/1692 1691/0/1691
f 1691/0/1691 1692/0/1692 1693/0/1693
f 1692/0/1692 1694/0/1694 1693/0/1693
f 1693/0/1693 1694/0/1694 1695/0/1695
f 1694/0/1694 1696/0/1696 1695/0/1695
f 1695/0/1695 1696/0/1696 1697/0/1697
f 1696/0/1696 1698/0/1698 1697/0/1697
f 1697/0/1697 1698/0/1698 1699/0/1699
f 1698/0/1698 1700/0/1700 1699/0/1699
f 1699/0/1699 1700/0/1700 1701/0/1701
f 1700/0/1700 1702/0/1702 1701/0/1701
f 1701/0/1701 1702/0/1702 1703/0/1703
f 1702/0/1702 1704/0/1704 1703/0/1703
f 1703/0/1703 1704/0/1704 1705/0/1705
f 1704/0/1704 1706/0/1706 1705/0/1705
f 1705/0/1705 1706/0/1706 1707/0/1707
f 1706/0/1706 1708/0/1708 1707/0/1707
f 1707/0/1707 1708/0/1708 1709/0/1709
f 1708/0/1708 1710/0/1710 1709/0/1709
f 1709/0/1709 1710/0/1710 1711/0/1711
f 1710/0/1710 1712/0/1712 1711/0/1711
f 1711/0/1711 1712/0/1712 1713/0/1713
f 1712/0/1712 1714/0/1714 1713/0/1713
f 1713/0/1713 1714/0/1714 1715/0/1715
f 1714/0/1714 1716/0/1716 1715/0/1715
f 1715/0/1715 1716/0/1716 1717/0/1717
f 1716/0/1716 1718/0/1718 1717/0/1717
f 1717/0/1717 1718/0/1718 1719/0/1719
f 1718/0/1718 1720/0/1720 1719/0/1719
f 1719/0/1719 1720/0/1720 1721/0/1721
f 1720/0/1720 1722/0/1722 1721/0/1721
f 1721/0/1721 1722/0/1722 1723/0/1723
f 1722/0/1722 1724/0/1724 1723/0/1723
f 1723/0/1723 1724/0/1724 1725/0/1725
f 1724/0/1724 1726/0/1726 1725/0/1725
f 1725/0/1725 1726/0/1726 1727/0/1727
f 1726/0/1726 1728/0/1728 1727/0/1727
f 1727/0/1727 1728/0/1728 1729/0/1729
f 1728/0/1728 1730/0/1730 1729/0/1729
f 1729/0/1729 1730/0/1730 1731/0/1731
f 1730/0/1730 1732/0/1732 1731/0/1731
f 1731/0/1731 1732/0/1732 1733/0/1733
f 1732/0/1732 1734/0/1734 1733/0/1733
f 1733/0/1733 1734/0/1734 1735/0/1735
f 1734/0/1734 1736/0/1736 1735/0/1735
f 1735/0/1735 1736/0/1736 1737/0/1737
f 1736/0/1736 1738/0/1738 1737/0/1737
f 1737/0/1737 1738/0/1738 1739/0/1739
f 1738/0/1738 1740/0/1740 1739/0/1739
f 1739/0/1739 1740/0/1740 1741/0/1741
f 1740/0/1740 1742/0/1742 1741/0/1741
f 1741/0/1741 1742/0/1742 1743/0/1743
f 1742/0/1742 1744/0/1744 1743/0/1743
f 1743/0/1743 1744/0/1744 1745/0/1745
f 1744/0/1744 1746/0/1746 1745/0/1745
f 1745/0/1745 1746/0/1746 1747/0/1747
f 1746/0/1746 1748/0/1748 1747/0/1747
f 1747/0/1747 1748/0/1748 1749/0/1749
f 1748/0/1748 1750/0/1750 1749/0/1749
f 1749/0/1749 1750/0/1750 1751/0/1751
f 1750/0/1750 1752/0/1752 1751/0/1751
f 1751/0/1751 1752/0/1752 1753/0/1753
f 1752/0/1752 1754/0/1754 1753/0/1753
f 1753/0/1753 1754/0/1754 1755/0/1755
f 1754/0/1754 1756/0/1756 1755/0/1755
f 1755/0/1755 1756/0/1756 1757/0/1757
f 1756/0/1756 1758/0/1758 1757/0/1757
f 1757/0/1757 1758/0/1758 1759/0/1759
f 1758/0/1758 1760/0/1760 1759/0/1759
f 1759/0/1759 1760/0/1760 1761/0/1761
f 1760/0/1760 1762/0/1762 1761/0/1761
f 1761/0/1761 1762/0/1762 1763/0/1763
f 1762/0/1762 1764/0/1764 1763/0/1763
f 1763/0/1763 1764/0/1764 1765/0/1765
f 1764/0/1764 1766/0/1766 1765/0/1765
f 1765/0/1765 1766/0/1766 1767/0/1767
f 1766/0/1766 1768/0/1768 1767/0/1767
f 1767/0/1767 1768/0/1768 1769/0/1769
f 1768/0/1768 1770/0/1770 1769/0/1769
f 1769/0/1769 1770/0/1770 1771/0/1771
f 1770/0/1770 1772/0/1772 1771/0/1771
f 1771/0/1771 1772/0/1772 1773/0/1773
f 1772/0/1772 1774/0/1774 1773/0/1773
f 1773/0/1773 1774/0/1774 1775/0/1775
f 1774/0/1774 1776/0/1776 1775/0/1775
f 1775/0/1775 1776/0/1776 1777/0/1777
f 1776/0/1776 1778/0/1778 1777/0/1777
f 1777/0/1777 1778/0/1778 1779/0/1779
f 1778/0/1778 1780/0/1780 1779/0/1779
f 1779/0/1779 1780/0/1780 1781/0/1781
f 1780/0/1780 1782/0/1782 1781/0/1781
f 1781/0/1781 1782/0/1782 1783/0/1783
f 1782/0/1782 1784/0/1784 1783/0/1783
f 1783/0/1783 1784/0/1784 1785/0/1785
f 1784/0/1784 1786/0/1786 1785/0/1785
f 1785/0/1785 1786/0/1786 1787/0/1787
f 1786/0/1786 1788/0/1788 1787/0/1787
f 1787/0/1787 1788/0/1788 1789/0/1789
f 1788/0/1788 1790/0/1790 1789/0/1789
f 1789/0/1789 1790/0/1790 1791/0/1791
f 1790/0/1790 1792/0/1792 1791/0/1791
f 1791/0/1791 1792/0/1792 1793/0/1793
f 1792/0/1792 1794/0/1794 1793/0/1793
f 1793/0/1793 1794/0/1794 1795/0/1795
f 1794/0/1794 1796/0/1796 1795/0/1795
f 1795/0/1795 1796/0/1796 1797/0/1797
f 1796/0/1796 1798/0/1798 1797/0/1797
f 1797/0/1797 1798/0/1798 1799/0/1799
f 1798/0/1798 1800/0/1800 1799/0/1799
f 1799/0/1799 1800/0/1800 1801/0/1801
f 1800/0/1800 1802/0/1802 1801/0/1801
f 1801/0/1801 1802/0/1802 1803/0/1803
f 1802/0/1802 1804/0/1804 1803/0/1803
f 1803/0/1803 1804/0/1804 1805/0/1805
f 1804/0/1804 1806/0/1806 1805/0/1805
f 1805/0/1805 1806/0/1806 1807/0/1807
f 1806/0/1806 1808/0/1808 1807/0/1807
f 1807/0/1807 1808/0/1808 1809/0/1809
f 1809/0/1809 1808/0/1808 1810/0/1810
f 1808/0/1808 1811/0/1811 1810/0/1810
f 1811/0/1811 1812/0/1812 1810/0/1810
f 1810/0/1810 1812/0/1812 1813/0/1813
f 1812/0/1812 1814/0/1814 1813/0/1813
f 1813/0/1813 1814/0/1814 1690/0/1690
f 1690/0/1690 1814/0/1814 1688/0/1688
f 1688/0/1688 1814/0/1814 1815/0/1815
f 1815/0/1815 1814/0/1814 1816/0/1816
f 1814/0/1814 1812/0/1812 1816/0/1816
f 1816/0/1816 1812/0/1812 1817/0/1817
f 1812/0/1812 1811/0/1811 1817/0/1817
f 1817/0/1817 1811/0/1811 1818/0/1818
f 1818/0/1818 1811/0/1811 1819/0/1819
f 1811/0/1811 1808/0/1808 1819/0/1819
f 1808/0/1808 1806/0/1806 1819/0/1819
f 1819/0/1819 1806/0/1806 1820/0/1820
f 1806/0/1806 1804/0/1804 1820/0/1820
f 1820/0/1820 1804/0/1804 1821/0/1821
f 1804/0/1804 1802/0/1802 1821/0/1821
f 1821/0/1821 1802/0/1802 1822/0/1822
f 1802/0/1802 1800/0/1800 1822/0/1822
f 1822/0/1822 1800/0/1800 1823/0/1823
f 1800/0/1800 1798/0/1798 1823/0/1823
f 1823/0/1823 1798/0/1798 1824/0/1824
f 1798/0/1798 1796/0/1796 1824/0/1824
f 1824/0/1824 1796/0/1796 1825/0/1825
f 1796/0/1796 1794/0/1794 1825/0/1825
f 1825/0/1825 1794/0/1794 1826/0/1826
f 1794/0/1794 1792/0/1792 1826/0/1826
f 1826/0/1826 1792/0/1792 1827/0/1827
f 1792/0/1792 1790/0/1790 1827/0/1827
f 1827/0/1827 1790/0/1790 1828/0/1828
f 1790/0/1790 1788/0/1788 1828/0/1828
f 1828/0/1828 1788/0/1788 1829/0/1829
f 1788/0/1788 1786/0/1786 1829/0/1829
f 1829/0/1829 1786/0/1786 1830/0/1830
f 1786/0/1786 1784/0/1784 1830/0/1830
f 1830/0/1830 1784/0/1784 1831/0/1831
f 1784/0/1784 1782/0/1782 1831/0/1831
f 1831/0/1831 1782/0/1782 1832/0/1832
f 1782/0/1782 1780/0/1780 1832/0/1832
f 1832/0/1832 1780/0/1780 1833/0/1833
f 1780/0/1780 1778/0/1778 1833/0/1833
f 1833/0/1833 1778/0/1778 1834/0/1834
f 1778/0/1778 1776/0/1776 1834/0/1834
f 1834/0/1834 1776/0/1776 1835/0/1835
f 1776/0/1776 1774/0/1774 1835/0/1835
f 1835/0/1835 1774/0/1774 1836/0/1836
f 1774/0/1774 1772/0/1772 1836/0/1836
f 1836/0/1836 1772/0/1772 1837/0/1837
f 1772/0/1772 1770/0/1770 1837/0/1837
f 1837/0/1837 1770/0/1770 1838/0/1838
f 1770/0/1770 1768/0/1768 1838/0/1838
f 1838/0/1838 1768/0/1768 1839/0/1839
f 1768/0/1768 1766/0/1766 1839/0/1839
f 1839/0/1839 1766/0/1766 1840/0/1840
f 1766/0/1766 1764/0/1764 1840/0/1840
f 1840/0/1840 1764/0/1764 1841/0/1841
f 1764/0/1764 1762/0/1762 1841/0/1841
f 1841/0/1841 1762/0/1762 1842/0/1842
f 1762/0/1762 1760/0/1760 1842/0/1842
f 1842/0/1842 1760/0/1760 1843/0/1843
f 1760/0/1760 1758/0/1758 1843/0/1843
f 1843/0/1843 1758/0/1758 1844/0/1844
f 1758/0/1758 1756/0/1756 1844/0/1844
f 1844/0/1844 1756/0/1756 1845/0/1845
f 1756/0/1756 1754/0/1754 1845/0/1845
f 1845/0/1845 1754/0/1754 1846/0/1846
f 1754/0/1754 1752/0/1752 1846/0/1846
f 1846/0/1846 1752/0/1752 1847/0/1847
f 1752/0/1752 1750/0/1750 1847/0/1847
f 1847/0/1847 1750/0/1750 1848/0/1848
f 1750/0/1750 1748/0/1748 1848/0/1848
f 1848/0/1848 1748/0/1748 1849/0/1849
f 1748/0/1748 1746/0/1746 1849/0/1849
f 1849/0/1849 1746/0/1746 1850/0/1850
f 1746/0/1746 1744/0/1744 1850/0/1850
f 1850/0/1850 1744/0/1744 1851/0/1851
f 1744/0/1744 1742/0/1742 1851/0/1851
f 1851/0/1851 1742/0/1742 1852/0/1852
f 1742/0/1742 1740/0/1740 1852/0/1852
f 1852/0/1852 1740/0/1740 1853/0/1853
f 1740/0/1740 1738/0/1738 1853/0/1853
f 1853/0/1853 1738/0/1738 1854/0/1854
f 1738/0/1738 1736/0/1736 1854/0/1854
f 1854/0/1854 1736/0/1736 1855/0/1855
f 1736/0/1736 1734/0/1734 1855/0/1855
f 1855/0/1855 1734/0/1734 1856/0/1856
f 1734/0/1734 1732/0/1732 1856/0/1856
f 1856/0/1856 1732/0/1732 1857/0/1857
f 1732/0/1732 1730/0/1730 1857/0/1857
f 1857/0/1857 1730/0/1730 1858/0/1858
f 1730/0/1730 1728/0/1728 1858/0/1858
f 1858/0/1858 1728/0/1728 1859/0/1859
f 1728/0/1728 1726/0/1726 1859/0/1859
f 1859/0/1859 1726/0/1726 1860/0/1860
f 1726/0/1726 1724/0/1724 1860/0/1860
f 1860/0/1860 1724/0/1724 1861/0/1861
f 1724/0/1724 1722/0/1722 1861/0/1861
f 1861/0/1861 1722/0/1722 1862/0/1862
f 1722/0/1722 1720/0/1720 1862/0/1862
f 1862/0/1862 1720/0/1720 1863/0/1863
f 1720/0/1720 1718/0/1718 1863/0/1863
f 1863/0/1863 1718/0/1718 1864/0/1864
f 1718/0/1718 1716/0/1716 1864/0/1864
f 1864/0/1864 1716/0/1716 1865/0/1865
f 1716/0/1716 1714/0/1714 1865/0/1865
f 1865/0/1865 1714/0/1714 1866/0/1866
f 1714/0/1714 1712/0/1712 1866/0/1866
f 1866/0/1866 1712/0/1712 1867/0/1867
f 1712/0/1712 1710/0/1710 1867/0/1867
f 1867/0/1867 1710/0/1710 1868/0/1868
f 1710/0/1710 1708/0/1708 1868/0/1868
f 1868/0/1868 1708/0/1708 1869/0/1869
f 1708/0/1708 1706/0/1706 1869/0/1869
f 1869/0/1869 1706/0/1706 1870/0/1870
f 1706/0/1706 1704/0/1704 1870/0/1870
f 1870/0/1870 1704/0/1704 1871/0/1871
f 1704/0/1704 1702/0/1702 1871/0/1871
f 1871/0/1871 1702/0/1702 1872/0/1872
f 1702/0/1702 1700/0/1700 1872/0/1872
f 1872/0/1872 1700/0/1700 1873/0/1873
f 1700/0/1700 1698/0/1698 1873/0/1873
f 1873/0/1873 1698/0/1698 1874/0/1874
f 1698/0/1698 1696/0/1696 1874/0/1874
f 1874/0/1874 1696/0/1696 1875/0/1875
f 1696/0/1696 1694/0/1694 1875/0/1875
f 1875/0/1875 1694/0/1694 1876/0/1876
f 1694/0/1694 1692/0/1692 1876/0/1876
f 1876/0/1876 1692/0/1692 1877/0/1877
f 1692/0/1692 1687/0/1687 1877/0/1877
f 1877/0/1877 1687/0/1687 1878/0/1878
f 1687/0/1687 1688/0/1688 1878/0/1878
f 1688/0/1688 1815/0/1815 1878/0/1878
f 1878/0/1878 1815/0/1815 1879/0/1879
f 1879/0/1879 1815/0/1815 1880/0/1880
f 1815/0/1815 1816/0/1816 1880/0/1880
f 1880/0/1880 1816/0/1816 1881/0/1881
f 1816/0/1816 1817/0/1817 1881/0/1881
f 1881/0/1881 1817/0/1817 1882/0/1882
f 1817/0/1817 1818/0/1818 1882/0/1882
f 1882/0/1882 1818/0/1818 1883/0/1883
f 1883/0/1883 1818/0/1818 1884/0/1884
f 1818/0/1818 1819/0/1819 1884/0/1884
f 1819/0/1819 1820/0/1820 1884/0/1884
f 1884/0/1884 1820/0/1820 1885/0/1885
f 1820/0/1820 1821/0/1821 1885/0/1885
f 1885/0/1885 1821/0/1821 1886/0/1886
f 1821/0/1821 1822/0/1822 1886/0/1886
f 1886/0/1886 1822/0/1822 1887/0/1887
f 1822/0/1822 1823/0/1823 1887/0/1887
f 1887/0/1887 1823/0/1823 1888/0/1888
f 1823/0/1823 1824/0/1824 1888/0/1888
f 1888/0/1888 1824/0/1824 1889/0/1889
f 1824/0/1824 1825/0/1825 1889/0/1889
f 1889/0/1889 1825/0/1825 1890/0/1890
f 1825/0/1825 1826/0/1826 1890/0/1890
f 1890/0/1890 1826/0/1826 1891/0/1891
f 1826/0/1826 1827/0/1827 1891/0/1891
f 1891/0/1891 1827/0/1827 1892/0/1892
f 1827/0/1827 1828/0/1828 1892/0/1892
f 1892/0/1892 1828/0/1828 1893/0/1893
f 1828/0/1828 1829/0/1829 1893/0/1893
f 1893/0/1893 1829/0/1829 1894/0/1894
f 1829/0/1829 1830/0/1830 1894/0/1894
f 1894/0/1894 1830/0/1830 1895/0/1895
f 1830/0/1830 1831/0/1831 1895/0/1895
f 1895/0/1895 1831/0/1831 1896/0/1896
f 1831/0/1831 1832/0/1832 1896/0/1896
f 1896/0/1896 1832/0/1832 1897/0/1897
f 1832/0/1832 1833/0/1833 1897/0/1897
f 1897/0/1897 1833/0/1833 1898/0/1898
f 1833/0/1833 1834/0/1834 1898/0/1898
f 1898/0/1898 1834/0/1834 1899/0/1899
f 1834/0/1834 1835/0/1835 1899/0/1899
f 1899/0/1899 1835/0/1835 1900/0/1900
f 1835/0/1835 1836/0/1836 1900/0/1900
f 1900/0/1900 1836/0/1836 1901/0/1901
f 1836/0/1836 1837/0/1837 1901/0/1901
f 1901/0/1901 1837/0/1837 1902/0/1902
f 1837/0/1837 1838/0/1838 1902/0/1902
f 1902/0/1902 1838/0/1838 1903/0/1903
f 1838/0/1838 1839/0/1839 1903/0/1903
f 1903/0/1903 1839/0/1839 1904/0/1904
f 1839/0/1839 1840/0/1840 1904/0/1904
f 1904/0/1904 1840/0/1840 1905/0/1905
f 1840/0/1840 1841/0/1841 1905/0/1905
f 1905/0/1905 1841/0/1841 1906/0/1906
f 1841/0/1841 1842/0/1842 1906/0/1906
f 1906/0/1906 1842/0/1842 1907/0/1907
f 1842/0/1842 1843/0/1843 1907/0/1907
f 1907/0/1907 1843/0/1843 1908/0/1908
f 1843/0/1843 1844/0/1844 1908/0/1908
f 1908/0/1908 1844/0/1844 1909/0/1909
f 1844/0/1844 1845/0/1845 1909/0/1909
f 1909/0/1909 1845/0/1845 1910/0/1910
f 1845/0/1845 1846/0/1846 1910/0/1910
f 1910/0/1910 1846/0/1846 1911/0/1911
f 1846/0/1846 1847/0/1847 1911/0/1911
f 1911/0/1911 1847/0/1847 1912/0/1912
f 1847/0/1847 1848/0/1848 1912/0/1912
f 1912/0/1912 1848/0/1848 1913/0/1913
f 1848/0/1848 1849/0/1849 1913/0/1913
f 1913/0/1913 1849/0/1849 1914/0/1914
f 1849/0/1849 1850/0/1850 1914/0/1914
f 1914/0/1914 1850/0/1850 1915/0/1915
f 1850/0/1850 1851/0/1851 1915/0/1915
f 1915/0/1915 1851/0/1851 1916/0/1916
f 1851/0/1851 1852/0/1852 1916/0/1916
f 1916/0/1916 1852/0/1852 1917/0/1917
f 1852/0/1852 1853/0/1853 1917/0/1917
f 1917/0/1917 1853/0/1853 1918/0/1918
f 1853/0/1853 1854/0/1854 1918/0/1918
f 1918/0/1918 1854/0/1854 1919/0/1919
f 1854/0/1854 1855/0/1855 1919/0/1919
f 1919/0/1919 1855/0/1855 1920/0/1920
f 1855/0/1855 1856/0/1856 1920/0/1920
f 1920/0/1920 1856/0/1856 1921/0/1921
f 1856/0/1856 1857/0/1857 1921/0/1921
f 1921/0/1921 1857/0/1857 1922/0/1922
f 1857/0/1857 1858/0/1858 1922/0/1922
f 1922/0/1922 1858/0/1858 1923/0/1923
f 1858/0/1858 1859/0/1859 1923/0/1923
f 1923/0/1923 1859/0/1859 1924/0/1924
f 1859/0/1859 1860/0/1860 1924/0/1924
f 1924/0/1924 1860/0/1860 1925/0/1925
f 1860/0/1860 1861/0/1861 1925/0/1925
f 1925/0/1925 1861/0/1861 1926/0/1926
f 1861/0/1861 1862/0/1862 1926/0/1926
f 1926/0/1926 1862/0/1862 1927/0/1927
f 1862/0/1862 1863/0/1863 1927/0/1927
f 1927/0/1927 1863/0/1863 1928/0/1928
f 1863/0/1863 1864/0/1864 1928/0/1928
f 1928/0/1928 1864/0/1864 1929/0/1929
f 1864/0/1864 1865/0/1865 1929/0/1929
f 1929/0/1929 1865/0/1865 1930/0/1930
f 1865/0/1865 1866/0/1866 1930/0/1930
f 1930/0/1930 1866/0/1866 1931/0/1931
f 1866/0/1866 1867/0/1867 1931/0/1931
f 1931/0/1931 1867/0/1867 1932/0/1932
f 1867/0/1867 1868/0/1868 1932/0/1932
f 1932/0/1932 1868/0/1868 1933/0/1933
f 1868/0/1868 1869/0/1869 1933/0/1933
f 1933/0/1933 1869/0/1869 1934/0/1934
f 1869/0/1869 1870/0/1870 1934/0/1934
f 1934/0/1934 1870/0/1870 1935/0/1935
f 1870/0/1870 1871/0/1871 1935/0/1935
f 1935/0/1935 1871/0/1871 1936/0/1936
f 1871/0/1871 1872/0/1872 1936/0/1936
f 1936/0/1936 1872/0/1872 1937/0/1937
f 1872/0/1872 1873/0/1873 1937/0/1937
f 1937/0/1937 1873/0/1873 1938/0/1938
f 1873/0/1873 1874/0/1874 1938/0/1938
f 1938/0/1938 1874/0/1874 1939/0/1939
f 1874/0/1874 1875/0/1875 1939/0/1939
f 1939/0/1939 1875/0/1875 1940/0/1940
f 1875/0/1875 1876/0/1876 1940/0/1940
f 1940/0/1940 1876/0/1876 1941/0/1941
f 1876/0/1876 1877/0/1877 1941/0/1941
f 1941/0/1941 1877/0/1877 1942/0/1942
f 1877/0/1877 1878/0/1878 1942/0/1942
f 1878/0/1878 1879/0/1879 1942/0/1942
f 1942/0/1942 1879/0/1879 1943/0/1943
f 1943/0/1943 1879/0/1879 1944/0/1944
f 1879/0/1879 1880/0/1880 1944/0/1944
f 1944/0/1944 1880/0/1880 1945/0/1945
f 1880/0/1880 1881/0/1881 1945/0/1945
f 1945/0/1945 1881/0/1881 1946/0/1946
f 1881/0/1881 1882/0/1882 1946/0/1946
f 1946/0/1946 1882/0/1882 1947/0/1947
f 1882/0/1882 1883/0/1883 1947/0/1947
f 1947/0/1947 1883/0/1883 1948/0/1948
f 1948/0/1948 1883/0/1883 1949/0/1949
f 1883/0/1883 1884/0/1884 1949/0/1949
f 1884/0/1884 1885/0/1885 1949/0/1949
f 1949/0/1949 1885/0/1885 1950/0/1950
f 1885/0/1885 1886/0/1886 1950/0/1950
f 1950/0/1950 1886/0/1886 1951/0/1951
f 1886/0/1886 1887/0/1887 1951/0/1951
f 1951/0/1951 1887/0/1887 1952/0/1952
f 1887/0/1887 1888/0/1888 1952/0/1952
f 1952/0/1952 1888/0/1888 1953/0/1953
f 1888/0/1888 1889/0/1889 1953/0/1953
f 1953/0/1953 1889/0/1889 1954/0/1954
f 1889/0/1889 1890/0/1890 1954/0/1954
f 1954/0/1954 1890/0/1890 1955/0/1955
f 1890/0/1890 1891/0/1891 1955/0/1955
f 1955/0/1955 1891/0/1891 1956/0/1956
f 1891/0/1891 1892/0/1892 1956/0/1956
f 1956/0/1956 1892/0/1892 1957/0/1957
f 1892/0/1892 1893/0/1893 1957/0/1957
f 1957/0/1957 1893/0/1893 1958/0/1958
f 1893/0/1893 1894/0/1894 1958/0/1958
f 1958/0/1958 1894/0/1894 1959/0/1959
f 1894/0/1894 1895/0/1895 1959/0/1959
f 1959/0/1959 1895/0/1895 1960/0/1960
f 1895/0/1895 1896/0/1896 1960/0/1960
f 1960/0/1960 1896/0/1896 1961/0/1961
f 1896/0/1896 1897/0/1897 1961/0/1961
f 1961/0/1961 1897/0/1897 1962/0/1962
f 1897/0/1897 1898/0/1898 1962/0/1962
f 1962/0/1962 1898/0/1898 1963/0/1963
f 1898/0/1898 1899/0/1899 1963/0/1963
f 1963/0/1963 1899/0/1899 1964/0/1964
f 1899/0/1899 1900/0/1900 1964/0/1964
f 1964/0/1964 1900/0/1900 1965/0/1965
f 1900/0/1900 1901/0/1901 1965/0/1965
f 1965/0/1965 1901/0/1901 1966/0/1966
f 1901/0/1901 1902/0/1902 1966/0/1966
f 1966/0/1966 1902/0/1902 1967/0/1967
f 1902/0/1902 1903/0/1903 1967/0/1967
f 1967/0/1967 1903/0/1903 1968/0/1968
f 1903/0/1903 1904/0/1904 1968/0/1968
f 1968/0/1968 1904/0/1904 1969/0/1969
f 1904/0/1904 1905/0/1905 1969/0/1969
f 1969/0/1969 1905/0/1905 1970/0/1970
f 1905/0/1905 1906/0/1906 1970/0/1970
f 1970/0/1970 1906/0/1906 1971/0/1971
f 1906/0/1906 1907/0/1907 1971/0/1971
f 1971/0/1971 1907/0/1907 1972/0/1972
f 1907/0/1907 1908/0/1908 1972/0/1972
f 1972/0/1972 1908/0/1908 1973/0/1973
f 1908/0/1908 1909/0/1909 1973/0/1973
f 1973/0/1973 1909/0/1909 1974/0/1974
f 1909/0/1909 1910/0/1910 1974/0/1974
f 1974/0/1974 1910/0/1910 1975/0/1975
f 1910/0/1910 1911/0/1911 1975/0/1975
f 1975/0/1975 1911/0/1911 1976/0/1976
f 1911/0/1911 1912/0/1912 1976/0/1976
f 1976/0/1976 1912/0/1912 1977/0/1977
f 1912/0/1912 1913/0/1913 1977/0/1977
f 1977/0/1977 1913/0/1913 1978/0/1978
f 1913/0/1913 1914/0/1914 1978/0/1978
f 1978/0/1978 1914/0/1914 1979/0/1979
f 1914/0/1914 1915/0/1915 1979/0/1979
f 1979/0/1979 1915/0/1915 1980/0/1980
f 1915/0/1915 1916/0/1916 1980/0/1980
f 1980/0/1980 1916/0/1916 1981/0/1981
f 1916/0/1916 1917/0/1917 1981/0/1981
f 1981/0/1981 1917/0/1917 1982/0/1982
f 1917/0/1917 1918/0/1918 1982/0/1982
f 1982/0/1982 1918/0/1918 1983/0/1983
f 1918/0/1918 1919/0/1919 1983/0/1983
f 1983/0/1983 1919/0/1919 1984/0/1984
f 1919/0/1919 1920/0/1920 1984/0/1984
f 1984/0/1984 1920/0/1920 1985/0/1985
f 1920/0/1920 1921/0/1921 1985/0/1985
f 1985/0/1985 1921/0/1921 1986/0/1986
f 1921/0/1921 1922/0/1922 1986/0/1986
f 1986/0/1986 1922/0/1922 1987/0/1987
f 1922/0/1922 1923/0/1923 1987/0/1987
f 1987/0/1987 1923/0/1923 1988/0/1988
f 1923/0/1923 1924/0/1924 1988/0/1988
f 1988/0/1988 1924/0/1924 1989/0/1989
f 1924/0/1924 1925/0/1925 1989/0/1989
f 1989/0/1989 1925/0/1925 1990/0/1990
f 1925/0/1925 1926/0/1926 1990/0/1990
f 1990/0/1990 1926/0/1926 1991/0/1991
f 1926/0/1926 1927/0/1927 1991/0/1991
f 1991/0/1991 1927/0/1927 1992/0/1992
f 1927/0/1927 1928/0/1928 1992/0/1992
f 1992/0/1992 1928/0/1928 1993/0/1993
f 1928/0/1928 1929/0/1929 1993/0/1993
f 1993/0/1993 1929/0/1929 1994/0/1994
f 1929/0/1929 1930/0/1930 1994/0/1994
f 1994/0/1994 1930/0/1930 1995/0/1995
f 1930/0/1930 1931/0/1931 1995/0/1995
f 1995/0/1995 1931/0/1931 1996/0/1996
f 1931/0/1931 1932/0/1932 1996/0/1996
f 1996/0/1996 1932/0/1932 1997/0/1997
f 1932/0/1932 1933/0/1933 1997/0/1997
f 1997/0/1997 1933/0/1933 1998/0/1998
f 1933/0/1933 1934/0/1934 1998/0/1998
f 1998/0/1998 1934/0/1934 1999/0/1999
f 1934/0/1934 1935/0/1935 1999/0/1999
f 1999/0/1999 1935/0/1935 2000/0/2000
f 1935/0/1935 1936/0/1936 2000/0/2000
f 2000/0/2000 1936/0/1936 2001/0/2001
f 1936/0/1936 1937/0/1937 2001/0/2001
f 2001/0/2001 1937/0/1937 2002/0/2002
f 1937/0/1937 1938/0/1938 2002/0/2002
f 2002/0/2002 1938/0/1938 2003/0/2003
f 1938/0/1938 1939/0/1939 2003/0/2003
f 2003/0/2003 1939/0/1939 2004/0/2004
f 1939/0/1939 1940/0/1940 2004/0/2004
f 2004/0/2004 1940/0/1940 2005/0/2005
f 1940/0/1940 1941/0/1941 2005/0/2005
f 2005/0/2005 1941/0/1941 2006/0/2006
f 1941/0/1941 1942/0/1942 2006/0/2006
f 1942/0/1942 1943/0/1943 2006/0/2006
f 2006/0/2006 1943/0/1943 2007/0/2007
f 2007/0/2007 1943/0/1943 2008/0/2008
f 1943/0/1943 1944/0/1944 2008/0/2008
f 2008/0/2008 1944/0/1944 2009/0/2009
f 1944/0/1944 1945/0/1945 2009/0/2009
f 2009/0/2009 1945/0/1945 2010/0/2010
f 1945/0/1945 1946/0/1946 2010/0/2010
f 2010/0/2010 1946/0/1946 2011/0/2011
f 1946/0/1946 1947/0/1947 2011/0/2011
f 2011/0/2011 1947/0/1947 2012/0/2012
f 1947/0/1947 1948/0/1948 2012/0/2012
f 2012/0/2012 1948/0/1948 2013/0/2013
f 2013/0/2013 1948/0/1948 2014/0/2014
f 1948/0/1948 1949/0/1949 2014/0/2014
f 1949/0/1949 1950/0/1950 2014/0/2014
f 2014/0/2014 1950/0/1950 2015/0/2015
f 1950/0/1950 1951/0/1951 2015/0/2015
f 2015/0/2015 1951/0/1951 2016/0/2016
f 1951/0/1951 1952/0/1952 2016/0/2016
f 2016/0/2016 1952/0/1952 2017/0/2017
f 1952/0/1952 1953/0/1953 2017/0/2017
f 2017/0/2017 1953/0/1953 2018/0/2018
f 1953/0/1953 1954/0/1954 2018/0/2018
f 2018/0/2018 1954/0/1954 2019/0/2019
f 1954/0/1954 1955/0/1955 2019/0/2019
f 2019/0/2019 1955/0/1955 2020/0/2020
f 1955/0/1955 1956/0/1956 2020/0/2020
f 2020/0/2020 1956/0/1956 2021/0/2021
f 1956/0/1956 1957/0/1957 2021/0/2021
f 2021/0/2021 1957/0/1957 2022/0/2022
f 1957/0/1957 1958/0/1958 2022/0/2022
f 2022/0/2022 1958/0/1958 2023/0/2023
f 1958/0/1958 1959/0/1959 2023/0/2023
f 2023/0/2023 1959/0/1959 2024/0/2024
f 1959/0/1959 1960/0/1960 2024/0/2024
f 2024/0/2024 1960/0/1960 2025/0/2025
f 1960/0/1960 1961/0/1961 2025/0/2025
f 2025/0/2025 1961/0/1961 2026/0/2026
f 1961/0/1961 1962/0/1962 2026/0/2026
f 2026/0/2026 1962/0/1962 2027/0/2027
f 1962/0/1962 1963/0/1963 2027/0/2027
f 2027/0/2027 1963/0/1963 2028/0/2028
f 1963/0/1963 1964/0/1964 2028/0/2028
f 2028/0/2028 1964/0/1964 2029/0/2029
f 1964/0/1964 1965/0/1965 2029/0/2029
f 2029/0/2029 1965/0/1965 2030/0/2030
f 1965/0/1965 1966/0/1966 2030/0/2030
f 2030/0/2030 1966/0/1966 2031/0/2031
f 1966/0/1966 1967/0/1967 2031/0/2031
f 2031/0/2031 1967/0/1967 2032/0/2032
f 1967/0/1967 1968/0/1968 2032/0/2032
f 2032/0/2032 1968/0/1968 2033/0/2033
f 1968/0/1968 1969/0/1969 2033/0/2033
f 2033/0/2033 1969/0/1969 2034/0/2034
f 1969/0/1969 1970/0/1970 2034/0/2034
f 2034/0/2034 1970/0/1970 2035/0/2035
f 1970/0/1970 1971/0/1971 2035/0/2035
f 2035/0/2035 1971/0/1971 2036/0/2036
f 1971/0/1971 1972/0/1972 2036/0/2036
f 2036/0/2036 1972/0/1972 2037/0/2037
f 1972/0/1972 1973/0/1973 2037/0/2037
f 2037/0/2037 1973/0/1973 2038/0/2038
f 1973/0/1973 1974/0/1974 2038/0/2038
f 2038/0/2038 1974/0/1974 2039/0/2039
f 1974/0/1974 1975/0/1975 2039/0/2039
f 2039/0/2039 1975/0/1975 2040/0/2040
f 1975/0/1975 1976/0/1976 2040/0/2040
f 2040/0/2040 1976/0/1976 2041/0/2041
f 1976/0/1976 1977/0/1977 2041/0/2041
f 2041/0/2041 1977/0/1977 2042/0/2042
f 1977/0/1977 1978/0/1978 2042/0/2042
f 2042/0/2042 1978/0/1978 2043/0/2043
f 1978/0/1978 1979/0/1979 2043/0/2043
f 2043/0/2043 1979/0/1979 2044/0/2044
f 1979/0/1979 1980/0/1980 2044/0/2044
f 2044/0/2044 1980/0/1980 2045/0/2045
f 1980/0/1980 1981/0/1981 2045/0/2045
f 2045/0/2045 1981/0/1981 2046/0/2046
f 1981/0/1981 1982/0/1982 2046/0/2046
f 2046/0/2046 1982/0/1982 2047/0/2047
f 1982/0/1982 1983/0/1983 2047/0/2047
f 2047/0/2047 1983/0/1983 2048/0/2048
f 1983/0/1983 1984/0/1984 2048/0/2048
f 2048/0/2048 1984/0/1984 2049/0/2049
f 1984/0/1984 1985/0/1985 2049/0/2049
f 2049/0/2049 1985/0/1985 2050/0/2050
f 1985/0/1985 1986/0/1986 2050/0/2050
f 2050/0/2050 1986/0/1986 2051/0/2051
f 1986/0/1986 1987/0/1987 2051/0/2051
f 2051/0/2051 1987/0/1987 2052/0/2052
f 1987/0/1987 1988/0/1988 2052/0/2052
f 2052/0/2052 1988/0/1988 2053/0/2053
f 1988/0/1988 1989/0/1989 2053/0/2053
f 2053/0/2053 1989/0/1989 2054/0/2054
f 1989/0/1989 1990/0/1990 2054/0/2054
f 2054/0/2054 1990/0/1990 2055/0/2055
f 1990/0/1990 1991/0/1991 2055/0/2055
f 2055/0/2055 1991/0/1991 2056/0/2056
f 1991/0/1991 1992/0/1992 2056/0/2056
f 2056/0/2056 1992/0/1992 2057/0/2057
f 1992/0/1992 1993/0/1993 2057/0/2057
f 2057/0/2057 1993/0/1993 2058/0/2058
f 1993/0/1993 1994/0/1994 2058/0/2058
f 2058/0/2058 1994/0/1994 2059/0/2059
f 1994/0/1994 1995/0/1995 2059/0/2059
f 2059/0/2059 1995/0/1995 2060/0/2060
f 1995/0/1995 1996/0/1996 2060/0/2060
f 2060/0/2060 1996/0/1996 2061/0/2061
f 1996/0/1996 1997/0/1997 2061/0/2061
f 2061/0/2061 1997/0/1997 2062/0/2062
f 1997/0/1997 1998/0/1998 2062/0/2062
f 2062/0/2062 1998/0/1998 2063/0/2063
f 1998/0/1998 1999/0/1999 2063/0/2063
f 2063/0/2063 1999/0/1999 2064/0/2064
f 1999/0/1999 2000/0/2000 2064/0/2064
f 2064/0/2064 2000/0/2000 2065/0/2065
f 2000/0/2000 2001/0/2001 2065/0/2065
f 2065/0/2065 2001/0/2001 2066/0/2066
f 2001/0/2001 2002/0/2002 2066/0/2066
f 2066/0/2066 2002/0/2002 2067/0/2067
f 2002/0/2002 2003/0/2003 2067/0/2067
f 2067/0/2067 2003/0/2003 2068/0/2068
f 2003/0/2003 2004/0/2004 2068/0/2068
f 2068/0/2068 2004/0/2004 2069/0/2069
f 2004/0/2004 2005/0/2005 2069/0/2069
f 2069/0/2069 2005/0/2005 2070/0/2070
f 2005/0/2005 2006/0/2006 2070/0/2070
f 2006/0/2006 2007/0/2007 2070/0/2070
f 2070/0/2070 2007/0/2007 2071/0/2071
f 2071/0/2071 2007/0/2007 2072/0/2072
f 2007/0/2007 2008/0/2008 2072/0/2072
f 2072/0/2072 2008/0/2008 2073/0/2073
f 2008/0/2008 2009/0/2009 2073/0/2073
f 2073/0/2073 2009/0/2009 2074/0/2074
f 2009/0/2009 2010/0/2010 2074/0/2074
f 2074/0/2074 2010/0/2010 2075/0/2075
f 2010/0/2010 2011/0/2011 2075/0/2075
f 2075/0/2075 2011/0/2011 2076/0/2076
f 2011/0/2011 2012/0/2012 2076/0/2076
f 2076/0/2076 2012/0/2012 2077/0/2077
f 2012/0/2012 2013/0/2013 2077/0/2077
f 2077/0/2077 2013/0/2013 2078/0/2078
f 2078/0/2078 2013/0/2013 2079/0/2079
f 2013/0/2013 2014/0/2014 2079/0/2079
f 2014/0/2014 2015/0/2015 2079/0/2079
f 2079/0/2079 2015/0/2015 2080/0/2080
f 2015/0/2015 2016/0/2016 2080/0/2080
f 2080/0/2080 2016/0/2016 2081/0/2081
f 2016/0/2016 2017/0/2017 2081/0/2081
f 2081/0/2081 2017/0/2017 2082/0/2082
f 2017/0/2017 2018/0/2018 2082/0/2082
f 2082/0/2082 2018/0/2018 2083/0/2083
f 2018/0/2018 2019/0/2019 2083/0/2083
f 2083/0/2083 2019/0/2019 2084/0/2084
f 2019/0/2019 2020/0/2020 2084/0/2084
f 2084/0/2084 2020/0/2020 2085/0/2085
f 2020/0/2020 2021/0/2021 2085/0/2085
f 2085/0/2085 2021/0/2021 2086/0/2086
f 2021/0/2021 2022/0/2022 2086/0/2086
f 2086/0/2086 2022/0/2022 2087/0/2087
f 2022/0/2022 2023/0/2023 2087/0/2087
f 2087/0/2087 2023/0/2023 2088/0/2088
f 2023/0/2023 2024/0/2024 2088/0/2088
f 2088/0/2088 2024/0/2024 2089/0/2089
f 2024/0/2024 2025/0/2025 2089/0/2089
f 2089/0/2089 2025/0/2025 2090/0/2090
f 2025/0/2025 2026/0/2026 2090/0/2090
f 2090/0/2090 2026/0/2026 2091/0/2091
f 2026/0/2026 2027/0/2027 2091/0/2091
f 2091/0/2091 2027/0/2027 2092/0/2092
f 2027/0/2027 2028/0/2028 2092/0/2092
f 2092/0/2092 2028/0/2028 2093/0/2093
f 2028/0/2028 2029/0/2029 2093/0/2093
f 2093/0/2093 2029/0/2029 2094/0/2094
f 2029/0/2029 2030/0/2030 2094/0/2094
f 2094/0/2094 2030/0/2030 2095/0/2095
f 2030/0/2030 2031/0/2031 2095/0/2095
f 2095/0/2095 2031/0/2031 2096/0/2096
f 2031/0/2031 2032/0/2032 2096/0/2096
f 2096/0/2096 2032/0/2032 2097/0/2097
f 2032/0/2032 2033/0/2033 2097/0/2097
f 2097/0/2097 2033/0/2033 2098/0/2098
f 2033/0/2033 2034/0/2034 2098/0/2098
f 2098/0/2098 2034/0/2034 2099/0/2099
f 2034/0/2034 2035/0/2035 2099/0/2099
f 2099/0/2099 2035/0/2035 2100/0/2100
f 2035/0/2035 2036/0/2036 2100/0/2100
f 2100/0/2100 2036/0/2036 2101/0/2101
f 2036/0/2036 2037/0/2037 2101/0/2101
f 2101/0/2101 2037/0/2037 2102/0/2102
f 2037/0/2037 2038/0/2038 2102/0/2102
f 2102/0/2102 2038/0/2038 2103/0/2103
f 2038/0/2038 2039/0/2039 2103/0/2103
f 2103/0/2103 2039/0/2039 2104/0/2104
f 2039/0/2039 2040/0/2040 2104/0/2104
f 2104/0/2104 2040/0/2040 2105/0/2105
f 2040/0/2040 2041/0/2041 2105/0/2105
f 2105/0/2105 2041/0/2041 2106/0/2106
f 2041/0/2041 2042/0/2042 2106/0/2106
f 2106/0/2106 2042/0/2042 2107/0/2107
f 2042/0/2042 2043/0/2043 2107/0/2107
f 2107/0/2107 2043/0/2043 2108/0/2108
f 2043/0/2043 2044/0/2044 2108/0/2108
f 2108/0/2108 2044/0/2044 2109/0/2109
f 2044/0/2044 2045/0/2045 2109/0/2109
f 2109/0/2109 2045/0/2045 2110/0/2110
f 2045/0/2045 2046/0/2046 2110/0/2110
f 2110/0/2110 2046/0/2046 2111/0/2111
f 2046/0/2046 2047/0/2047 2111/0/2111
f 2111/0/2111 2047/0/2047 2112/0/2112
f 2047/0/2047 2048/0/2048 2112/0/2112
f 2112/0/2112 2048/0/2048 2113/0/2113
f 2048/0/2048 2049/0/2049 2113/0/2113
f 2113/0/2113 2049/0/2049 2114/0/2114
f 2049/0/2049 2050/0/2050 2114/0/2114
f 2114/0/2114 2050/0/2050 2115/0/2115
f 2050/0/2050 2051/0/2051 2115/0/2115
f 2115/0/2115 2051/0/2051 2116/0/2116
f 2051/0/2051 2052/0/2052 2116/0/2116
f 2116/0/2116 2052/0/2052 2117/0/2117
f 2052/0/2052 2053/0/2053 2117/0/2117
f 2117/0/2117 2053/0/2053 2118/0/2118
f 2053/0/2053 2054/0/2054 2118/0/2118
f 2118/0/2118 2054/0/2054 2119/0/2119
f 2054/0/2054 2055/0/2055 2119/0/2119
f 2119/0/2119 2055/0/2055 2120/0/2120
f 2055/0/2055 2056/0/2056 2120/0/2120
f 2120/0/2120 2056/0/2056 2121/0/2121
f 2056/0/2056 2057/0/2057 2121/0/2121
f 2121/0/2121 2057/0/2057 2122/0/2122
f 2057/0/2057 2058/0/2058 2122/0/2122
f 2122/0/2122 2058/0/2058 2123/0/2123
f 2058/0/2058 2059/0/2059 2123/0/2123
f 2123/0/2123 2059/0/2059 2124/0/2124
f 2059/0/2059 2060/0/2060 2124/0/2124
f 2124/0/2124 2060/0/2060 2125/0/2125
f 2060/0/2060 2061/0/2061 2125/0/2125
f 2125/0/2125 2061/0/2061 2126/0/2126
f 2061/0/2061 2062/0/2062 2126/0/2126
f 2126/0/2126 2062/0/2062 2127/0/2127
f 2062/0/2062 2063/0/2063 2127/0/2127
f 2127/0/2127 2063/0/2063 2128/0/2128
f 2063/0/2063 2064/0/2064 2128/0/2128
f 2128/0/2128 2064/0/2064 2129/0/2129
f 2064/0/2064 2065/0/2065 2129/0/2129
f 2129/0/2129 2065/0/2065 2130/0/2130
f 2065/0/2065 2066/0/2066 2130/0/2130
f 2130/0/2130 2066/0/2066 2131/0/2131
f 2066/0/2066 2067/0/2067 2131/0/2131
f 2131/0/2131 2067/0/2067 2132/0/2132
f 2067/0/2067 2068/0/2068 2132/0/2132
f 2132/0/2132 2068/0/2068 2133/0/2133
f 2068/0/2068 2069/0/2069 2133/0/2133
f 2133/0/2133 2069/0/2069 2134/0/2134
f 2069/0/2069 2070/0/2070 2134/0/2134
f 2134/0/2134 2070/0/2070 2071/0/2071
f 2135/0/2135 2137/0/2137 2136/0/2136
f 2136/0/2136 2137/0/2137 2138/0/2138
f 2136/0/2136 2139/0/2139 2135/0/2135
f 2135/0/2135 2139/0/2139 2140/0/2140
f 2139/0/2139 2141/0/2141 2140/0/2140
f 2140/0/2140 2141/0/2141 2142/0/2142
f 2141/0/2141 2143/0/2143 2142/0/2142
f 2142/0/2142 2143/0/2143 2144/0/2144
f 2143/0/2143 2145/0/2145 2144/0/2144
f 2145/0/2145 2146/0/2146 2144/0/2144
f 2144/0/2144 2146/0/2146 2147/0/2147
f 2147/0/2147 2146/0/2146 2148/0/2148
f 2146/0/2146 2149/0/2149 2148/0/2148
f 2148/0/2148 2149/0/2149 2150/0/2150
f 2149/0/2149 2151/0/2151 2150/0/2150
f 2150/0/2150 2151/0/2151 2152/0/2152
f 2151/0/2151 2153/0/2153 2152/0/2152
f 2152/0/2152 2153/0/2153 2154/0/2154
f 2153/0/2153 2155/0/2155 2154/0/2154
f 2154/0/2154 2155/0/2155 2156/0/2156
f 2155/0/2155 2157/0/2157 2156/0/2156
f 2156/0/2156 2157/0/2157 2158/0/2158
f 2157/0/2157 2159/0/2159 2158/0/2158
f 2158/0/2158 2159/0/2159 2160/0/2160
f 2159/0/2159 2161/0/2161 2160/0/2160
f 2160/0/2160 2161/0/2161 2162/0/2162
f 2161/0/2161 2163/0/2163 2162/0/2162
f 2162/0/2162 2163/0/2163 2164/0/2164
f 2163/0/2163 2165/0/2165 2164/0/2164
f 2164/0/2164 2165/0/2165 2166/0/2166
f 2165/0/2165 2167/0/2167 2166/0/2166
f 2166/0/2166 2167/0/2167 2168/0/2168
f 2167/0/2167 2169/0/2169 2168/0/2168
f 2168/0/2168 2169/0/2169 2170/0/2170
f 2169/0/2169 2171/0/2171 2170/0/2170
f 2170/0/2170 2171/0/2171 2172/0/2172
f 2171/0/2171 2173/0/2173 2172/0/2172
f 2172/0/2172 2173/0/2173 2174/0/2174
f 2173/0/2173 2175/0/2175 2174/0/2174
f 2174/0/2174 2175/0/2175 2176/0/2176
f 2175/0/2175 2177/0/2177 2176/0/2176
f 2176/0/2176 2177/0/2177 2178/0/2178
f 2177/0/2177 2179/0/2179 2178/0/2178
f 2178/0/2178 2179/0/2179 2180/0/2180
f 2179/0/2179 2181/0/2181 2180/0/2180
f 2180/0/2180 2181/0/2181 2182/0/2182
f 2181/0/2181 2183/0/2183 2182/0/2182
f 2182/0/2182 2183/0/2183 2184/0/2184
f 2183/0/2183 2185/0/2185 2184/0/2184
f 2184/0/2184 2185/0/2185 2186/0/2186
f 2185/0/2185 2187/0/2187 2186/0/2186
f 2186/0/2186 2187/0/2187 2188/0/2188
f 2187/0/2187 2189/0/2189 2188/0/2188
f 2188/0/2188 2189/0/2189 2190/0/2190
f 2189/0/2189 2191/0/2191 2190/0/2190
f 2190/0/2190 2191/0/2191 2192/0/2192
f 2191/0/2191 2193/0/2193 2192/0/2192
f 2192/0/2192 2193/0/2193 2194/0/2194
f 2193/0/2193 2195/0/2195 2194/0/2194
f 2194/0/2194 2195/0/2195 2196/0/2196
f 2195/0/2195 2197/0/2197 2196/0/2196
f 2196/0/2196 2197/0/2197 2198/0/2198
f 2197/0/2197 2199/0/2199 2198/0/2198
f 2198/0/2198 2199/0/2199 2200/0/2200
f 2199/0/2199 2201/0/2201 2200/0/2200
f 2200/0/2200 2201/0/2201 2202/0/2202
f 2201/0/2201 2203/0/2203 2202/0/2202
f 2202/0/2202 2203/0/2203 2204/0/2204
f 2203/0/2203 2205/0/2205 2204/0/2204
f 2204/0/2204 2205/0/2205 2206/0/2206
f 2205/0/2205 2207/0/2207 2206/0/2206
f 2206/0/2206 2207/0/2207 2208/0/2208
f 2207/0/2207 2209/0/2209 2208/0/2208
f 2208/0/2208 2209/0/2209 2210/0/2210
f 2209/0/2209 2211/0/2211 2210/0/2210
f 2210/0/2210 2211/0/2211 2212/0/2212
f 2211/0/2211 2213/0/2213 2212/0/2212
f 2212/0/2212 2213/0/2213 2214/0/2214
f 2213/0/2213 2215/0/2215 2214/0/2214
f 2214/0/2214 2215/0/2215 2216/0/2216
f 2215/0/2215 2217/0/2217 2216/0/2216
f 2216/0/2216 2217/0/2217 2218/0/2218
f 2217/0/2217 2219/0/2219 2218/0/2218
f 2218/0/2218 2219/0/2219 2220/0/2220
f 2219/0/2219 2221/0/2221 2220/0/2220
f 2220/0/2220 2221/0/2221 2222/0/2222
f 2221/0/2221 2223/0/2223 2222/0/2222
f 2222/0/2222 2223/0/2223 2224/0/2224
f 2223/0/2223 2225/0/2225 2224/0/2224
f 2224/0/2224 2225/0/2225 2226/0/2226
f 2225/0/2225 2227/0/2227 2226/0/2226
f 2226/0/2226 2227/0/2227 2228/0/2228
f 2227/0/2227 2229/0/2229 2228/0/2228
f 2228/0/2228 2229/0/2229 2230/0/2230
f 2229/0/2229 2231/0/2231 2230/0/2230
f 2230/0/2230 2231/0/2231 2232/0/2232
f 2231/0/2231 2233/0/2233 2232/0/2232
f 2232/0/2232 2233/0/2233 2234/0/2234
f 2233/0/2233 2235/0/2235 2234/0/2234
f 2234/0/2234 2235/0/2235 2236/0/2236
f 2235/0/2235 2237/0/2237 2236/0/2236
f 2236/0/2236 2237/0/2237 2238/0/2238
f 2237/0/2237 2239/0/2239 2238/0/2238
f 2238/0/2238 2239/0/2239 2240/0/2240
f 2239/0/2239 2241/0/2241 2240/0/2240
f 2240/0/2240 2241/0/2241 2242/0/2242
f 2241/0/2241 2243/0/2243 2242/0/2242
f 2242/0/2242 2243/0/2243 2244/0/2244
f 2243/0/2243 2245/0/2245 2244/0/2244
f 2244/0/2244 2245/0/2245 2246/0/2246
f 2245/0/2245 2247/0/2247 2246/0/2246
f 2246/0/2246 2247/0/2247 2248/0/2248
f 2247/0/2247 2249/0/2249 2248/0/2248
f 2248/0/2248 2249/0/2249 2250/0/2250
f 2249/0/2249 2251/0/2251 2250/0/2250
f 2250/0/2250 2251/0/2251 2252/0/2252
f 2251/0/2251 2253/0/2253 2252/0/2252
f 2252/0/2252 2253/0/2253 2254/0/2254
f 2253/0/2253 2255/0/2255 2254/0/2254
f 2254/0/2254 2255/0/2255 2256/0/2256
f 2255/0/2255 2257/0/2257 2256/0/2256
f 2256/0/2256 2257/0/2257 2258/0/2258
f 2257/0/2257 2259/0/2259 2258/0/2258
f 2258/0/2258 2259/0/2259 2260/0/2260
f 2259/0/2259 2261/0/2261 2260/0/2260
f 2260/0/2260 2261/0/2261 2262/0/2262
f 2261/0/2261 2138/0/2138 2262/0/2262
f 2138/0/2138 2137/0/2137 2262/0/2262
f 2137/0/2137 2263/0/2263 2262/0/2262
f 2263/0/2263 2264/0/2264 2262/0/2262
f 2262/0/2262 2264/0/2264 2260/0/2260
f 2264/0/2264 2265/0/2265 2260/0/2260
f 2260/0/2260 2265/0/2265 2258/0/2258
f 2265/0/2265 2266/0/2266 2258/0/2258
f 2258/0/2258 2266/0/2266 2256/0/2256
f 2266/0/2266 2267/0/2267 2256/0/2256
f 2256/0/2256 2267/0/2267 2254/0/2254
f 2267/0/2267 2268/0/2268 2254/0/2254
f 2254/0/2254 2268/0/2268 2252/0/2252
f 2268/0/2268 2269/0/2269 2252/0/2252
f 2252/0/2252 2269/0/2269 2250/0/2250
f 2269/0/2269 2270/0/2270 2250/0/2250
f 2250/0/2250 2270/0/2270 2248/0/2248
f 2270/0/2270 2271/0/2271 2248/0/2248
f 2248/0/2248 2271/0/2271 2246/0/2246
f 2271/0/2271 2272/0/2272 2246/0/2246
f 2246/0/2246 2272/0/2272 2244/0/2244
f 2272/0/2272 2273/0/2273 2244/0/2244
f 2244/0/2244 2273/0/2273 2242/0/2242
f 2273/0/2273 2274/0/2274 2242/0/2242
f 2242/0/2242 2274/0/2274 2240/0/2240
f 2274/0/2274 2275/0/2275 2240/0/2240
f 2240/0/2240 2275/0/2275 2238/0/2238
f 2275/0/2275 2276/0/2276 2238/0/2238
f 2238/0/2238 2276/0/2276 2236/0/2236
f 2276/0/2276 2277/0/2277 2236/0/2236
f 2236/0/2236 2277/0/2277 2234/0/2234
f 2277/0/2277 2278/0/2278 2234/0/2234
f 2234/0/2234 2278/0/2278 2232/0/2232
f 2278/0/2278 2279/0/2279 2232/0/2232
f 2232/0/2232 2279/0/2279 2230/0/2230
f 2279/0/2279 2280/0/2280 2230/0/2230
f 2230/0/2230 2280/0/2280 2228/0/2228
f 2280/0/2280 2281/0/2281 2228/0/2228
f 2228/0/2228 2281/0/2281 2226/0/2226
f 2281/0/2281 2282/0/2282 2226/0/2226
f 2226/0/2226 2282/0/2282 2224/0/2224
f 2282/0/2282 2283/0/2283 2224/0/2224
f 2224/0/2224 2283/0/2283 2222/0/2222
f 2283/0/2283 2284/0/2284 2222/0/2222
f 2222/0/2222 2284/0/2284 2220/0/2220
f 2284/0/2284 2285/0/2285 2220/0/2220
f 2220/0/2220 2285/0/2285 2218/0/2218
f 2285/0/2285 2286/0/2286 2218/0/2218
f 2218/0/2218 2286/0/2286 2216/0/2216
f 2286/0/2286 2287/0/2287 2216/0/2216
f 2216/0/2216 2287/0/2287 2214/0/2214
f 2287/0/2287 2288/0/2288 2214/0/2214
f 2214/0/2214 2288/0/2288 2212/0/2212
f 2288/0/2288 2289/0/2289 2212/0/2212
f 2212/0/2212 2289/0/2289 2210/0/2210
f 2289/0/2289 2290/0/2290 2210/0/2210
f 2210/0/2210 2290/0/2290 2208/0/2208
f 2290/0/2290 2291/0/2291 2208/0/2208
f 2208/0/2208 2291/0/2291 2206/0/2206
f 2291/0/2291 2292/0/2292 2206/0/2206
f 2206/0/2206 2292/0/2292 2204/0/2204
f 2292/0/2292 2293/0/2293 2204/0/2204
f 2204/0/2204 2293/0/2293 2202/0/2202
f 2293/0/2293 2294/0/2294 2202/0/2202
f 2202/0/2202 2294/0/2294 2200/0/2200
f 2294/0/2294 2295/0/2295 2200/0/2200
f 2200/0/2200 2295/0/2295 2198/0/2198
f 2295/0/2295 2296/0/2296 2198/0/2198
f 2198/0/2198 2296/0/2296 2196/0/2196
f 2296/0/2296 2297/0/2297 2196/0/2196
f 2196/0/2196 2297/0/2297 2194/0/2194
f 2297/0/2297 2298/0/2298 2194/0/2194
f 2194/0/2194 2298/0/2298 2192/0/2192
f 2298/0/2298 2299/0/2299 2192/0/2192
f 2192/0/2192 2299/0/2299 2190/0/2190
f 2299/0/2299 2300/0/2300 2190/0/2190
f 2190/0/2190 2300/0/2300 2188/0/2188
f 2300/0/2300 2301/0/2301 2188/0/2188
f 2188/0/2188 2301/0/2301 2186/0/2186
f 2301/0/2301 2302/0/2302 2186/0/2186
f 2186/0/2186 2302/0/2302 2184/0/2184
f 2302/0/2302 2303/0/2303 2184/0/2184
f 2184/0/2184 2303/0/2303 2182/0/2182
f 2303/0/2303 2304/0/2304 2182/0/2182
f 2182/0/2182 2304/0/2304 2180/0/2180
f 2304/0/2304 2305/0/2305 2180/0/2180
f 2180/0/2180 2305/0/2305 2178/0/2178
f 2305/0/2305 2306/0/2306 2178/0/2178
f 2178/0/2178 2306/0/2306 2176/0/2176
f 2306/0/2306 2307/0/2307 2176/0/2176
f 2176/0/2176 2307/0/2307 2174/0/2174
f 2307/0/2307 2308/0/2308 2174/0/2174
f 2174/0/2174 2308/0/2308 2172/0/2172
f 2308/0/2308 2309/0/2309 2172/0/2172
f 2172/0/2172 2309/0/2309 2170/0/2170
f 2309/0/2309 2310/0/2310 2170/0/2170
f 2170/0/2170 2310/0/2310 2168/0/2168
f 2310/0/2310 2311/0/2311 2168/0/2168
f 2168/0/2168 2311/0/2311 2166/0/2166
f 2311/0/2311 2312/0/2312 2166/0/2166
f 2166/0/2166 2312/0/2312 2164/0/2164
f 2312/0/2312 2313/0/2313 2164/0/2164
f 2164/0/2164 2313/0/2313 2162/0/2162
f 2313/0/2313 2314/0/2314 2162/0/2162
f 2162/0/2162 2314/0/2314 2160/0/2160
f 2314/0/2314 2315/0/2315 2160/0/2160
f 2160/0/2160 2315/0/2315 2158/0/2158
f 2315/0/2315 2316/0/2316 2158/0/2158
f 2158/0/2158 2316/0/2316 2156/0/2156
f 2316/0/2316 2317/0/2317 2156/0/2156
f 2156/0/2156 2317/0/2317 2154/0/2154
f 2317/0/2317 2318/0/2318 2154/0/2154
f 2154/0/2154 2318/0/2318 2152/0/2152
f 2318/0/2318 2319/0/2319 2152/0/2152
f 2152/0/2152 2319/0/2319 2150/0/2150
f 2319/0/2319 2320/0/2320 2150/0/2150
f 2150/0/2150 2320/0/2320 2148/0/2148
f 2320/0/2320 2321/0/2321 2148/0/2148
f 2148/0/2148 2321/0/2321 2147/0/2147
f 2321/0/2321 2320/0/2320 2322/0/2322
f 2322/0/2322 2320/0/2320 2323/0/2323
f 2320/0/2320 2319/0/2319 2323/0/2323
f 2323/0/2323 2319/0/2319 2324/0/2324
f 2319/0/2319 2318/0/2318 2324/0/2324
f 2324/0/2324 2318/0/2318 2325/0/2325
f 2318/0/2318 2317/0/2317 2325/0/2325
f 2325/0/2325 2317/0/2317 2326/0/2326
f 2317/0/2317 2316/0/2316 2326/0/2326
f 2326/0/2326 2316/0/2316 2327/0/2327
f 2316/0/2316 2315/0/2315 2327/0/2327
f 2327/0/2327 2315/0/2315 2328/0/2328
f 2315/0/2315 2314/0/2314 2328/0/2328
f 2328/0/2328 2314/0/2314 2329/0/2329
f 2314/0/2314 2313/0/2313 2329/0/2329
f 2329/0/2329 2313/0/2313 2330/0/2330
f 2313/0/2313 2312/0/2312 2330/0/2330
f 2330/0/2330 2312/0/2312 2331/0/2331
f 2312/0/2312 2311/0/2311 2331/0/2331
f 2331/0/2331 2311/0/2311 2332/0/2332
f 2311/0/2311 2310/0/2310 2332/0/2332
f 2332/0/2332 2310/0/2310 2333/0/2333
f 2310/0/2310 2309/0/2309 2333/0/2333
f 2333/0/2333 2309/0/2309 2334/0/2334
f 2309/0/2309 2308/0/2308 2334/0/2334
f 2334/0/2334 2308/0/2308 2335/0/2335
f 2308/0/2308 2307/0/2307 2335/0/2335
f 2335/0/2335 2307/0/2307 2336/0/2336
f 2307/0/2307 2306/0/2306 2336/0/2336
f 2336/0/2336 2306/0/2306 2337/0/2337
f 2306/0/2306 2305/0/2305 2337/0/2337
f 2337/0/2337 2305/0/2305 2338/0/2338
f 2305/0/2305 2304/0/2304 2338/0/2338
f 2338/0/2338 2304/0/2304 2339/0/2339
f 2304/0/2304 2303/0/2303 2339/0/2339
f 2339/0/2339 2303/0/2303 2340/0/2340
f 2303/0/2303 2302/0/2302 2340/0/2340
f 2340/0/2340 2302/0/2302 2341/0/2341
f 2302/0/2302 2301/0/2301 2341/0/2341
f 2341/0/2341 2301/0/2301 2342/0/2342
f 2301/0/2301 2300/0/2300 2342/0/2342
f 2342/0/2342 2300/0/2300 2343/0/2343
f 2300/0/2300 2299/0/2299 2343/0/2343
f 2343/0/2343 2299/0/2299 2344/0/2344
f 2299/0/2299 2298/0/2298 2344/0/2344
f 2344/0/2344 2298/0/2298 2345/0/2345
f 2298/0/2298 2297/0/2297 2345/0/2345
f 2345/0/2345 2297/0/2297 2346/0/2346
f 2297/0/2297 2296/0/2296 2346/0/2346
f 2346/0/2346 2296/0/2296 2347/0/2347
f 2296/0/2296 2295/0/2295 2347/0/2347
f 2347/0/2347 2295/0/2295 2348/0/2348
f 2295/0/2295 2294/0/2294 2348/0/2348
f 2348/0/2348 2294/0/2294 2349/0/2349
f 2294/0/2294 2293/0/2293 2349/0/2349
f 2349/0/2349 2293/0/2293 2350/0/2350
f 2293/0/2293 2292/0/2292 2350/0/2350
f 2350/0/2350 2292/0/2292 2351/0/2351
f 2292/0/2292 2291/0/2291 2351/0/2351
f 2351/0/2351 2291/0/2291 2352/0/2352
f 2291/0/2291 2290/0/2290 2352/0/2352
f 2352/0/2352 2290/0/2290 2353/0/2353
f 2290/0/2290 2289/0/2289 2353/0/2353
f 2353/0/2353 2289/0/2289 2354/0/2354
f 2289/0/2289 2288/0/2288 2354/0/2354
f 2354/0/2354 2288/0/2288 2355/0/2355
f 2288/0/2288 2287/0/2287 2355/0/2355
f 2355/0/2355 2287/0/2287 2356/0/2356
f 2287/0/2287 2286/0/2286 2356/0/2356
f 2356/0/2356 2286/0/2286 2357/0/2357
f 2286/0/2286 2285/0/2285 2357/0/2357
f 2357/0/2357 2285/0/2285 2358/0/2358
f 2285/0/2285 2284/0/2284 2358/0/2358
f 2358/0/2358 2284/0/2284 2359/0/2359
f 2284/0/2284 2283/0/2283 2359/0/2359
f 2359/0/2359 2283/0/2283 2360/0/2360
f 2283/0/2283 2282/0/2282 2360/0/2360
f 2360/0/2360 2282/0/2282 2361/0/2361
f 2282/0/2282 2281/0/2281 2361/0/2361
f 2361/0/2361 2281/0/2281 2362/0/2362
f 2281/0/2281 2280/0/2280 2362/0/2362
f 2362/0/2362 2280/0/2280 2363/0/2363
f 2280/0/2280 2279/0/2279 2363/0/2363
f 2363/0/2363 2279/0/2279 2364/0/2364
f 2279/0/2279 2278/0/2278 2364/0/2364
f 2364/0/2364 2278/0/2278 2365/0/2365
f 2278/0/2278 2277/0/2277 2365/0/2365
f 2365/0/2365 2277/0/2277 2366/0/2366
f 2277/0/2277 2276/0/2276 2366/0/2366
f 2366/0/2366 2276/0/2276 2367/0/2367
f 2276/0/2276 2275/0/2275 2367/0/2367
f 2367/0/2367 2275/0/2275 2368/0/2368
f 2275/0/2275 2274/0/2274 2368/0/2368
f 2368/0/2368 2274/0/2274 2369/0/2369
f 2274/0/2274 2273/0/2273 2369/0/2369
f 2369/0/2369 2273/0/2273 2370/0/2370
f 2273/0/2273 2272/0/2272 2370/0/2370
f 2370/0/2370 2272/0/2272 2371/0/2371
f 2272/0/2272 2271/0/2271 2371/0/2371
f 2371/0/2371 2271/0/2271 2372/0/2372
f 2271/0/2271 2270/0/2270 2372/0/2372
f 2372/0/2372 2270/0/2270 2373/0/2373
f 2270/0/2270 2269/0/2269 2373/0/2373
f 2373/0/2373 2269/0/2269 2374/0/2374
f 2269/0/2269 2268/0/2268 2374/0/2374
f 2374/0/2374 2268/0/2268 2375/0/2375
f 2268/0/2268 2267/0/2267 2375/0/2375
f 2375/0/2375 2267/0/2267 2376/0/2376
f 2267/0/2267 2266/0/2266 2376/0/2376
f 2376/0/2376 2266/0/2266 2377/0/2377
f 2266/0/2266 2265/0/2265 2377/0/2377
f 2377/0/2377 2265/0/2265 2378/0/2378
f 2265/0/2265 2264/0/2264 2378/0/2378
f 2378/0/2378 2264/0/2264 2379/0/2379
f 2264/0/2264 2263/0/2263 2379/0/2379
f 2379/0/2379 2380/0/2380 2378/0/2378
f 2380/0/2380 2381/0/2381 2378/0/2378
f 2378/0/2378 2381/0/2381 2377/0/2377
f 2381/0/2381 2382/0/2382 2377/0/2377
f 2377/0/2377 2382/0/2382 2376/0/2376
f 2382/0/2382 2383/0/2383 2376/0/2376
f 2376/0/2376 2383/0/2383 2375/0/2375
f 2383/0/2383 2384/0/2384 2375/0/2375
f 2375/0/2375 2384/0/2384 2374/0/2374
f 2384/0/2384 2385/0/2385 2374/0/2374
f 2374/0/2374 2385/0/2385 2373/0/2373
f 2385/0/2385 2386/0/2386 2373/0/2373
f 2373/0/2373 2386/0/2386 2372/0/2372
f 2386/0/2386 2387/0/2387 2372/0/2372
f 2372/0/2372 2387/0/2387 2371/0/2371
f 2387/0/2387 2388/0/2388 2371/0/2371
f 2371/0/2371 2388/0/2388 2370/0/2370
f 2388/0/2388 2389/0/2389 2370/0/2370
f 2370/0/2370 2389/0/2389 2369/0/2369
f 2389/0/2389 2390/0/2390 2369/0/2369
f 2369/0/2369 2390/0/2390 2368/0/2368
f 2390/0/2390 2391/0/2391 2368/0/2368
f 2368/0/2368 2391/0/2391 2367/0/2367
f 2391/0/2391 2392/0/2392 2367/0/2367
f 2367/0/2367 2392/0/2392 2366/0/2366
f 2392/0/2392 2393/0/2393 2366/0/2366
f 2366/0/2366 2393/0/2393 2365/0/2365
f 2393/0/2393 2394/0/2394 2365/0/2365
f 2365/0/2365 2394/0/2394 2364/0/2364
f 2394/0/2394 2395/0/2395 2364/0/2364
f 2364/0/2364 2395/0/2395 2363/0/2363
f 2395/0/2395 2396/0/2396 2363/0/2363
f 2363/0/2363 2396/0/2396 2362/0/2362
f 2396/0/2396 2397/0/2397 2362/0/2362
f 2362/0/2362 2397/0/2397 2361/0/2361
f 2397/0/2397 2398/0/2398 2361/0/2361
f 2361/0/2361 2398/0/2398 2360/0/2360
f 2398/0/2398 2399/0/2399 2360/0/2360
f 2360/0/2360 2399/0/2399 2359/0/2359
f 2399/0/2399 2400/0/2400 2359/0/2359
f 2359/0/2359 2400/0/2400 2358/0/2358
f 2400/0/2400 2401/0/2401 2358/0/2358
f 2358/0/2358 2401/0/2401 2357/0/2357
f 2401/0/2401 2402/0/2402 2357/0/2357
f 2357/0/2357 2402/0/2402 2356/0/2356
f 2402/0/2402 2403/0/2403 2356/0/2356
f 2356/0/2356 2403/0/2403 2355/0/2355
f 2403/0/2403 2404/0/2404 2355/0/2355
f 2355/0/2355 2404/0/2404 2354/0/2354
f 2404/0/2404 2405/0/2405 2354/0/2354
f 2354/0/2354 2405/0/2405 2353/0/2353
f 2405/0/2405 2406/0/2406 2353/0/2353
f 2353/0/2353 2406/0/2406 2352/0/2352
f 2406/0/2406 2407/0/2407 2352/0/2352
f 2352/0/2352 2407/0/2407 2351/0/2351
f 2407/0/2407 2408/0/2408 2351/0/2351
f 2351/0/2351 2408/0/2408 2350/0/2350
f 2408/0/2408 2409/0/2409 2350/0/2350
f 2350/0/2350 2409/0/2409 2349/0/2349
f 2409/0/2409 2410/0/2410 2349/0/2349
f 2349/0/2349 2410/0/2410 2348/0/2348
f 2410/0/2410 2411/0/2411 2348/0/2348
f 2348/0/2348 2411/0/2411 2347/0/2347
f 2411/0/2411 2412/0/2412 2347/0/2347
f 2347/0/2347 2412/0/2412 2346/0/2346
f 2412/0/2412 2413/0/2413 2346/0/2346
f 2346/0/2346 2413/0/2413 2345/0/2345
f 2413/0/2413 2414/0/2414 2345/0/2345
f 2345/0/2345 2414/0/2414 2344/0/2344
f 2414/0/2414 2415/0/2415 2344/0/2344
f 2344/0/2344 2415/0/2415 2343/0/2343
f 2415/0/2415 2416/0/2416 2343/0/2343
f 2343/0/2343 2416/0/2416 2342/0/2342
f 2416/0/2416 2417/0/2417 2342/0/2342
f 2342/0/2342 2417/0/2417 2341/0/2341
f 2417/0/2417 2418/0/2418 2341/0/2341
f 2341/0/2341 2418/0/2418 2340/0/2340
f 2418/0/2418 2419/0/2419 2340/0/2340
f 2340/0/2340 2419/0/2419 2339/0/2339
f 2419/0/2419 2420/0/2420 2339/0/2339
f 2339/0/2339 2420/0/2420 2338/0/2338
f 2420/0/2420 2421/0/2421 2338/0/2338
f 2338/0/2338 2421/0/2421 2337/0/2337
f 2421/0/2421 2422/0/2422 2337/0/2337
f 2337/0/2337 2422/0/2422 2336/0/2336
f 2422/0/2422 2423/0/2423 2336/0/2336
f 2336/0/2336 2423/0/2423 2335/0/2335
f 2423/0/2423 2424/0/2424 2335/0/2335
f 2335/0/2335 2424/0/2424 2334/0/2334
f 2424/0/2424 2425/0/2425 2334/0/2334
f 2334/0/2334 2425/0/2425 2333/0/2333
f 2425/0/2425 2426/0/2426 2333/0/2333
f 2333/0/2333 2426/0/2426 2332/0/2332
f 2426/0/2426 2427/0/2427 2332/0/2332
f 2332/0/2332 2427/0/2427 2331/0/2331
f 2427/0/2427 2428/0/2428 2331/0/2331
f 2331/0/2331 2428/0/2428 2330/0/2330
f 2428/0/2428 2429/0/2429 2330/0/2330
f 2330/0/2330 2429/0/2429 2329/0/2329
f 2429/0/2429 2430/0/2430 2329/0/2329
f 2329/0/2329 2430/0/2430 2328/0/2328
f 2430/0/2430 2431/0/2431 2328/0/2328
f 2328/0/2328 2431/0/2431 2327/0/2327
f 2431/0/2431 2432/0/2432 2327/0/2327
f 2327/0/2327 2432/0/2432 2326/0/2326
f 2432/0/2432 2433/0/2433 2326/0/2326
f 2326/0/2326 2433/0/2433 2325/0/2325
f 2433/0/2433 2434/0/2434 2325/0/2325
f 2325/0/2325 2434/0/2434 2324/0/2324
f 2434/0/2434 2435/0/2435 2324/0/2324
f 2324/0/2324 2435/0/2435 2323/0/2323
f 2435/0/2435 2436/0/2436 2323/0/2323
f 2323/0/2323 2436/0/2436 2322/0/2322
f 2436/0/2436 2437/0/2437 2322/0/2322
f 2322/0/2322 2437/0/2437 2438/0/2438
f 2437/0/2437 2439/0/2439 2438/0/2438
f 2438/0/2438 2439/0/2439 2440/0/2440
f 2439/0/2439 2441/0/2441 2440/0/2440
f 2441/0/2441 2442/0/2442 2440/0/2440
f 2440/0/2440 2442/0/2442 2438/0/2438
f 2442/0/2442 2321/0/2321 2438/0/2438
f 2438/0/2438 2321/0/2321 2322/0/2322
f 2321/0/2321 2442/0/2442 2147/0/2147
f 2439/0/2439 2443/0/2443 2441/0/2441
f 2443/0/2443 2444/0/2444 2441/0/2441
f 2441/0/2441 2444/0/2444 2445/0/2445
f 2444/0/2444 2446/0/2446 2445/0/2445
f 2445/0/2445 2446/0/2446 2447/0/2447
f 2446/0/2446 2448/0/2448 2447/0/2447
f 2447/0/2447 2448/0/2448 2449/0/2449
f 2448/0/2448 2450/0/2450 2449/0/2449
f 2449/0/2449 2450/0/2450 2379/0/2379
f 2450/0/2450 2380/0/2380 2379/0/2379
f 2379/0/2379 2263/0/2263 2449/0/2449
f 2263/0/2263 2451/0/2451 2449/0/2449
f 2449/0/2449 2451/0/2451 2447/0/2447
f 2451/0/2451 2452/0/2452 2447/0/2447
f 2447/0/2447 2452/0/2452 2445/0/2445
f 2452/0/2452 2453/0/2453 2445/0/2445
f 2445/0/2445 2453/0/2453 2441/0/2441
f 2453/0/2453 2454/0/2454 2441/0/2441
f 2441/0/2441 2454/0/2454 2442/0/2442
f 2442/0/2442 2454/0/2454 2147/0/2147
f 2147/0/2147 2454/0/2454 2144/0/2144
f 2144/0/2144 2454/0/2454 2142/0/2142
f 2454/0/2454 2453/0/2453 2142/0/2142
f 2142/0/2142 2453/0/2453 2140/0/2140
f 2453/0/2453 2452/0/2452 2140/0/2140
f 2140/0/2140 2452/0/2452 2135/0/2135
f 2452/0/2452 2451/0/2451 2135/0/2135
f 2135/0/2135 2451/0/2451 2137/0/2137
f 2451/0/2451 2263/0/2263 2137/0/2137
f 496/0/496 2455/0/2455 494/0/494
f 2455/0/2455 2456/0/2456 494/0/494
f 494/0/494 2456/0/2456 492/0/492
f 2456/0/2456 2457/0/2457 492/0/492
f 492/0/492 2457/0/2457 490/0/490
f 490/0/490 2457/0/2457 402/0/402
f 402/0/402 2457/0/2457 393/0/393
f 393/0/393 2457/0/2457 394/0/394
f 2457/0/2457 2456/0/2456 394/0/394
f 394/0/394 2456/0/2456 395/0/395
f 2456/0/2456 2455/0/2455 395/0/395
f 511/0/511 2458/0/2458 509/0/509
f 2458/0/2458 2459/0/2459 509/0/509
f 509/0/509 2459/0/2459 507/0/507
f 2459/0/2459 2460/0/2460 507/0/507
f 507/0/507 2460/0/2460 505/0/505
f 505/0/505 2460/0/2460 405/0/405
f 405/0/405 2460/0/2460 406/0/406
f 406/0/406 2460/0/2460 407/0/407
f 2460/0/2460 2459/0/2459 407/0/407
f 407/0/407 2459/0/2459 408/0/408
f 2459/0/2459 2458/0/2458 408/0/408
f 526/0/526 2461/0/2461 524/0/524
f 2461/0/2461 2462/0/2462 524/0/524
f 524/0/524 2462/0/2462 522/0/522
f 2462/0/2462 2463/0/2463 522/0/522
f 522/0/522 2463/0/2463 520/0/520
f 520/0/520 2463/0/2463 424/0/424
f 424/0/424 2463/0/2463 414/0/414
f 414/0/414 2463/0/2463 415/0/415
f 2463/0/2463 2462/0/2462 415/0/415
f 415/0/415 2462/0/2462 416/0/416
f 2462/0/2462 2461/0/2461 416/0/416
f 541/0/541 2464/0/2464 539/0/539
f 2464/0/2464 2465/0/2465 539/0/539
f 539/0/539 2465/0/2465 537/0/537
f 2465/0/2465 2466/0/2466 537/0/537
f 537/0/537 2466/0/2466 535/0/535
f 535/0/535 2466/0/2466 427/0/427
f 427/0/427 2466/0/2466 428/0/428
f 428/0/428 2466/0/2466 429/0/429
f 2466/0/2466 2465/0/2465 429/0/429
f 429/0/429 2465/0/2465 430/0/430
f 2465/0/2465 2464/0/2464 430/0/430
f 556/0/556 2467/0/2467 554/0/554
f 2467/0/2467 2468/0/2468 554/0/554
f 554/0/554 2468/0/2468 552/0/552
f 2468/0/2468 2469/0/2469 552/0/552
f 552/0/552 2469/0/2469 550/0/550
f 550/0/550 2469/0/2469 446/0/446
f 446/0/446 2469/0/2469 436/0/436
f 436/0/436 2469/0/2469 437/0/437
f 2469/0/2469 2468/0/2468 437/0/437
f 437/0/437 2468/0/2468 438/0/438
f 2468/0/2468 2467/0/2467 438/0/438
f 571/0/571 2470/0/2470 569/0/569
f 2470/0/2470 2471/0/2471 569/0/569
f 569/0/569 2471/0/2471 567/0/567
f 2471/0/2471 2472/0/2472 567/0/567
f 567/0/567 2472/0/2472 565/0/565
f 565/0/565 2472/0/2472 449/0/449
f 449/0/449 2472/0/2472 450/0/450
f 450/0/450 2472/0/2472 451/0/451
f 2472/0/2472 2471/0/2471 451/0/451
f 451/0/451 2471/0/2471 452/0/452
f 2471/0/2471 2470/0/2470 452/0/452
o object_1
g object_1
usemtl object_1
v -0.000008978900041256566 -0.000008978900041256566 -0.4898650050163269 
v -0.004683729726821184 -0.0057625179179012775 -0.484266072511673 
v -0.005223123822361231 -0.005223123822361231 -0.484266072511673 
v -0.006062181666493416 -0.007380701135843992 -0.4745572507381439 
v -0.005283056292682886 -0.007980028167366982 -0.4745572507381439 
v -0.00414433516561985 -0.006182047072798014 -0.484266072511673 
v -0.004503931384533644 -0.008459489792585373 -0.4745572507381439 
v -0.003485075430944562 -0.006541643291711807 -0.484266072511673 
v -0.0036648735404014587 -0.00881908554583788 -0.4745572507381439 
v -0.0028258156962692738 -0.006841306574642658 -0.484266072511673 
v -0.002765882993116975 -0.005223123822361231 -0.4652256965637207 
v -0.003305277321487665 -0.0049234600737690926 -0.4652256965637207 
v -0.0037248062435537577 -0.004563864320516586 -0.4652256965637207 
v -0.00414433516561985 -0.00414433516561985 -0.4652256965637207 
v -0.006781374104321003 -0.006781374104321003 -0.4745572507381439 
v -0.004563864320516586 -0.0037248062435537577 -0.4652256965637207 
v -0.007380701135843992 -0.006062181666493416 -0.4745572507381439 
v -0.0049234600737690926 -0.003305277321487665 -0.4652256965637207 
v -0.007980028167366982 -0.005283056292682886 -0.4745572507381439 
v -0.005223123822361231 -0.002765882993116975 -0.4652256965637207 
v -0.0057625179179012775 -0.004683729726821184 -0.484266072511673 
v -0.006182047072798014 -0.00414433516561985 -0.484266072511673 
v -0.006541643291711807 -0.003485075430944562 -0.484266072511673 
v -0.008459489792585373 -0.004503931384533644 -0.4745572507381439 
v -0.0054628546349704266 -0.002226488897576928 -0.4652256965637207 
v -0.00881908554583788 -0.0036648735404014587 -0.4745572507381439 
v -0.00564265251159668 -0.001687094452790916 -0.4652256965637207 
v -0.006841306574642658 -0.0028258156962692738 -0.484266072511673 
v -0.007081037387251854 -0.002166556194424629 -0.484266072511673 
v -0.00917868223041296 -0.002765882993116975 -0.4745572507381439 
v -0.0057625179179012775 -0.0011477002408355474 -0.4652256965637207 
v -0.009358479641377926 -0.0018668925622478127 -0.4745572507381439 
v -0.005882383324205875 -0.0005483732093125582 -0.4652256965637207 
v -0.009538277983665466 -0.0009079694282263517 -0.4745572507381439 
v -0.005882383324205875 -0.000008978900041256566 -0.4652256965637207 
v -0.009538277983665466 -0.000008978900041256566 -0.4745572507381439 
v -0.005882383324205875 0.0005903480923734605 -0.4652256965637207 
v -0.007260835729539394 -0.001447363756597042 -0.484266072511673 
v -0.007380701135843992 -0.000728171318769455 -0.484266072511673 
v -0.0074406336061656475 -0.000008978900041256566 -0.484266072511673 
v -0.007380701135843992 0.0007102134986780584 -0.484266072511673 
v -0.009538277983665466 0.0009499443112872541 -0.4745572507381439 
v -0.0057625179179012775 0.00112974236253649 -0.4652256965637207 
v -0.009358479641377926 0.001848934800364077 -0.4745572507381439 
v -0.00564265251159668 0.0017290693940594792 -0.4652256965637207 
v -0.007260835729539394 0.0014294058782979846 -0.484266072511673 
v -0.007081037387251854 0.00214859819971025 -0.484266072511673 
v -0.00917868223041296 0.002747925231233239 -0.4745572507381439 
v -0.0054628546349704266 0.0022684636060148478 -0.4652256965637207 
v -0.00881908554583788 0.003646915778517723 -0.4745572507381439 
v -0.005223123822361231 0.002807857934385538 -0.4652256965637207 
v -0.006841306574642658 0.002867790637537837 -0.484266072511673 
v -0.006541643291711807 0.0035270503722131252 -0.484266072511673 
v -0.008459489792585373 0.004485973622649908 -0.4745572507381439 
v -0.0049234600737690926 0.0032873195596039295 -0.4652256965637207 
v -0.007980028167366982 0.005325031466782093 -0.4745572507381439 
v -0.004563864320516586 0.003766781184822321 -0.4652256965637207 
v -0.007380701135843992 0.00604422390460968 -0.4745572507381439 
v -0.00414433516561985 0.00418630987405777 -0.4652256965637207 
v -0.006781374104321003 0.006763416342437267 -0.4745572507381439 
v -0.0037248062435537577 0.004545906092971563 -0.4652256965637207 
v -0.006182047072798014 0.0041263774037361145 -0.484266072511673 
v -0.0057625179179012775 0.004725704435259104 -0.484266072511673 
v -0.005223123822361231 0.0052650985307991505 -0.484266072511673 
v -0.004683729726821184 0.005744560156017542 -0.484266072511673 
v -0.006062181666493416 0.007362743373960257 -0.4745572507381439 
v -0.003305277321487665 0.004905502311885357 -0.4652256965637207 
v -0.005283056292682886 0.007962070405483246 -0.4745572507381439 
v -0.002765882993116975 0.005205166060477495 -0.4652256965637207 
v -0.00414433516561985 0.006164089310914278 -0.484266072511673 
v -0.003485075430944562 0.006523685529828072 -0.484266072511673 
v -0.004503931384533644 0.008441532030701637 -0.4745572507381439 
v -0.002226488897576928 0.005444896873086691 -0.4652256965637207 
v -0.0036648735404014587 0.008861060254275799 -0.4745572507381439 
v -0.001687094452790916 0.005624694749712944 -0.4652256965637207 
v -0.0028258156962692738 0.006883281748741865 -0.484266072511673 
v -0.002166556194424629 0.007123012561351061 -0.484266072511673 
v -0.002765882993116975 0.009160724468529224 -0.4745572507381439 
v -0.0011477002408355474 0.0058044930920004845 -0.4652256965637207 
v -0.0018668925622478127 0.00940045528113842 -0.4745572507381439 
v -0.0005483732093125582 0.00586442556232214 -0.4652256965637207 
v -0.0009079694282263517 0.00952032022178173 -0.4745572507381439 
v -0.000008978900041256566 0.005924358498305082 -0.4652256965637207 
v -0.000008978900041256566 0.009580252692103386 -0.4745572507381439 
v 0.0005903480923734605 0.00586442556232214 -0.4652256965637207 
v -0.001447363756597042 0.007302810437977314 -0.484266072511673 
v -0.000728171318769455 0.007362743373960257 -0.484266072511673 
v -0.000008978900041256566 0.007422675844281912 -0.484266072511673 
v 0.0007102134986780584 0.007362743373960257 -0.484266072511673 
v 0.0009499443112872541 0.00952032022178173 -0.4745572507381439 
v 0.00112974236253649 0.0058044930920004845 -0.4652256965637207 
v 0.001848934800364077 0.00940045528113842 -0.4745572507381439 
v 0.0017290693940594792 0.005624694749712944 -0.4652256965637207 
v 0.0014294058782979846 0.007302810437977314 -0.484266072511673 
v 0.00214859819971025 0.007123012561351061 -0.484266072511673 
v 0.002747925231233239 0.009160724468529224 -0.4745572507381439 
v 0.0022684636060148478 0.005444896873086691 -0.4652256965637207 
v 0.003646915778517723 0.008861060254275799 -0.4745572507381439 
v 0.002807857934385538 0.005205166060477495 -0.4652256965637207 
v 0.002867790637537837 0.006883281748741865 -0.484266072511673 
v 0.0035270503722131252 0.006523685529828072 -0.484266072511673 
v 0.004485973622649908 0.008441532030701637 -0.4745572507381439 
v 0.0032873195596039295 0.004905502311885357 -0.4652256965637207 
v 0.005325031466782093 0.007962070405483246 -0.4745572507381439 
v 0.003766781184822321 0.004545906092971563 -0.4652256965637207 
v 0.00604422390460968 0.007362743373960257 -0.4745572507381439 
v 0.00418630987405777 0.00418630987405777 -0.4652256965637207 
v 0.006763416342437267 0.006763416342437267 -0.4745572507381439 
v 0.004545906092971563 0.003766781184822321 -0.4652256965637207 
v 0.0041263774037361145 0.006164089310914278 -0.484266072511673 
v 0.004725704435259104 0.005744560156017542 -0.484266072511673 
v 0.0052650985307991505 0.0052650985307991505 -0.484266072511673 
v 0.005744560156017542 0.004725704435259104 -0.484266072511673 
v 0.007362743373960257 0.00604422390460968 -0.4745572507381439 
v 0.004905502311885357 0.0032873195596039295 -0.4652256965637207 
v 0.007962070405483246 0.005325031466782093 -0.4745572507381439 
v 0.005205166060477495 0.002807857934385538 -0.4652256965637207 
v 0.006164089310914278 0.0041263774037361145 -0.484266072511673 
v 0.006523685529828072 0.0035270503722131252 -0.484266072511673 
v 0.008441532030701637 0.004485973622649908 -0.4745572507381439 
v 0.005444896873086691 0.0022684636060148478 -0.4652256965637207 
v 0.008861060254275799 0.003646915778517723 -0.4745572507381439 
v 0.005624694749712944 0.0017290693940594792 -0.4652256965637207 
v 0.006883281748741865 0.002867790637537837 -0.484266072511673 
v 0.007123012561351061 0.00214859819971025 -0.484266072511673 
v 0.009160724468529224 0.002747925231233239 -0.4745572507381439 
v 0.0058044930920004845 0.00112974236253649 -0.4652256965637207 
v 0.00940045528113842 0.001848934800364077 -0.4745572507381439 
v 0.00586442556232214 0.0005903480923734605 -0.4652256965637207 
v 0.00952032022178173 0.0009499443112872541 -0.4745572507381439 
v 0.005924358498305082 -0.000008978900041256566 -0.4652256965637207 
v 0.009580252692103386 -0.000008978900041256566 -0.4745572507381439 
v 0.00586442556232214 -0.0005483732093125582 -0.4652256965637207 
v 0.007302810437977314 0.0014294058782979846 -0.484266072511673 
v 0.007362743373960257 0.0007102134986780584 -0.484266072511673 
v 0.007422675844281912 -0.000008978900041256566 -0.484266072511673 
v 0.007362743373960257 -0.000728171318769455 -0.484266072511673 
v 0.00952032022178173 -0.0009079694282263517 -0.4745572507381439 
v 0.0058044930920004845 -0.0011477002408355474 -0.4652256965637207 
v 0.00940045528113842 -0.0018668925622478127 -0.4745572507381439 
v 0.005624694749712944 -0.001687094452790916 -0.4652256965637207 
v 0.007302810437977314 -0.001447363756597042 -0.484266072511673 
v 0.007123012561351061 -0.002166556194424629 -0.484266072511673 
v 0.009160724468529224 -0.002765882993116975 -0.4745572507381439 
v 0.005444896873086691 -0.002226488897576928 -0.4652256965637207 
v 0.008861060254275799 -0.0036648735404014587 -0.4745572507381439 
v 0.005205166060477495 -0.002765882993116975 -0.4652256965637207 
v 0.006883281748741865 -0.0028258156962692738 -0.484266072511673 
v 0.006523685529828072 -0.003485075430944562 -0.484266072511673 
v 0.008441532030701637 -0.004503931384533644 -0.4745572507381439 
v 0.004905502311885357 -0.003305277321487665 -0.4652256965637207 
v 0.007962070405483246 -0.005283056292682886 -0.4745572507381439 
v 0.004545906092971563 -0.0037248062435537577 -0.4652256965637207 
v 0.007362743373960257 -0.006062181666493416 -0.4745572507381439 
v 0.00418630987405777 -0.00414433516561985 -0.4652256965637207 
v 0.006763416342437267 -0.006781374104321003 -0.4745572507381439 
v 0.003766781184822321 -0.004563864320516586 -0.4652256965637207 
v 0.006164089310914278 -0.00414433516561985 -0.484266072511673 
v 0.005744560156017542 -0.004683729726821184 -0.484266072511673 
v 0.0052650985307991505 -0.005223123822361231 -0.484266072511673 
v 0.004725704435259104 -0.0057625179179012775 -0.484266072511673 
v 0.00604422390460968 -0.007380701135843992 -0.4745572507381439 
v 0.0032873195596039295 -0.0049234600737690926 -0.4652256965637207 
v 0.005325031466782093 -0.007980028167366982 -0.4745572507381439 
v 0.002807857934385538 -0.005223123822361231 -0.4652256965637207 
v 0.0041263774037361145 -0.006182047072798014 -0.484266072511673 
v 0.0035270503722131252 -0.006541643291711807 -0.484266072511673 
v 0.004485973622649908 -0.008459489792585373 -0.4745572507381439 
v 0.0022684636060148478 -0.0054628546349704266 -0.4652256965637207 
v 0.003646915778517723 -0.00881908554583788 -0.4745572507381439 
v 0.0017290693940594792 -0.00564265251159668 -0.4652256965637207 
v 0.002867790637537837 -0.006841306574642658 -0.484266072511673 
v 0.00214859819971025 -0.007081037387251854 -0.484266072511673 
v 0.002747925231233239 -0.00917868223041296 -0.4745572507381439 
v 0.00112974236253649 -0.0057625179179012775 -0.4652256965637207 
v 0.001848934800364077 -0.009358479641377926 -0.4745572507381439 
v 0.0005903480923734605 -0.005882383324205875 -0.4652256965637207 
v 0.0009499443112872541 -0.009538277983665466 -0.4745572507381439 
v -0.000008978900041256566 -0.005882383324205875 -0.4652256965637207 
v -0.000008978900041256566 -0.009538277983665466 -0.4745572507381439 
v -0.0005483732093125582 -0.005882383324205875 -0.4652256965637207 
v 0.0014294058782979846 -0.007260835729539394 -0.484266072511673 
v 0.0007102134986780584 -0.007380701135843992 -0.484266072511673 
v -0.000008978900041256566 -0.0074406336061656475 -0.484266072511673 
v -0.000728171318769455 -0.007380701135843992 -0.484266072511673 
v -0.0009079694282263517 -0.009538277983665466 -0.4745572507381439 
v -0.0011477002408355474 -0.0057625179179012775 -0.4652256965637207 
v -0.0018668925622478127 -0.009358479641377926 -0.4745572507381439 
v -0.001687094452790916 -0.00564265251159668 -0.4652256965637207 
v -0.001447363756597042 -0.007260835729539394 -0.484266072511673 
v -0.002166556194424629 -0.007081037387251854 -0.484266072511673 
v -0.002765882993116975 -0.00917868223041296 -0.4745572507381439 
v -0.002226488897576928 -0.0054628546349704266 -0.4652256965637207 
v 0.27082690596580505 -0.0538884773850441 -0.2941998839378357 
v 0.26429423689842224 -0.08013899624347687 -0.2941998839378357 
v 0.3188929259777069 -0.06341777741909027 -0.25703245401382446 
v 0.311161607503891 -0.0944029837846756 -0.25703245401382446 
v 0.34010908007621765 -0.06767299771308899 -0.2294943928718567 
v 0.33183836936950684 -0.10063598304986954 -0.2294943928718567 
v 0.30037370324134827 -0.12442926317453384 -0.25703245401382446 
v 0.3203912377357483 -0.13269998133182526 -0.2294943928718567 
v 0.28676900267601013 -0.15325689315795898 -0.25703245401382446 
v 0.3058275878429413 -0.16344545781612396 -0.2294943928718567 
v 0.2703474164009094 -0.1806461364030838 -0.25703245401382446 
v 0.28832724690437317 -0.19263267517089844 -0.2294943928718567 
v 0.2295931875705719 -0.15343669056892395 -0.2941998839378357 
v 0.24355751276016235 -0.13018280267715454 -0.2941998839378357 
v 0.2551245391368866 -0.10567032545804977 -0.2941998839378357 
v 0.36977577209472656 -0.11220299452543259 -0.2003878504037857 
v 0.3613252639770508 -0.07186828553676605 -0.20197619497776031 
v 0.37900540232658386 -0.07540431618690491 -0.2003878504037857 
v 0.36659935116767883 -0.03608846291899681 -0.20197619497776031 
v 0.35251516103744507 -0.10692891478538513 -0.20197619497776031 
v 0.3570101261138916 -0.14786295592784882 -0.2003878504037857 
v 0.3403488099575043 -0.14097069203853607 -0.20197619497776031 
v 0.3408282995223999 -0.18214444816112518 -0.2003878504037857 
v 0.32488617300987244 -0.17363400757312775 -0.20197619497776031 
v 0.3212902247905731 -0.21468791365623474 -0.2003878504037857 
v 0.3063070476055145 -0.20467914640903473 -0.20197619497776031 
v 0.2986955940723419 -0.24513372778892517 -0.2003878504037857 
v 0.2847912013530731 -0.23368658125400543 -0.20197619497776031 
v 0.27322420477867126 -0.27324214577674866 -0.2003878504037857 
v 0.26051846146583557 -0.2604764997959137 -0.20197619497776031 
v 0.24517568945884705 -0.2987135648727417 -0.2003878504037857 
v 0.2337285578250885 -0.28474923968315125 -0.20197619497776031 
v 0.21466995775699615 -0.3213081955909729 -0.2003878504037857 
v 0.20466119050979614 -0.3063250184059143 -0.20197619497776031 
v 0.18218642473220825 -0.34078630805015564 -0.2003878504037857 
v 0.17367598414421082 -0.3249041438102722 -0.20197619497776031 
v 0.1479049175977707 -0.357028067111969 -0.2003878504037857 
v 0.14095273613929749 -0.34036678075790405 -0.20197619497776031 
v 0.112185038626194 -0.36979374289512634 -0.2003878504037857 
v 0.10691095888614655 -0.35253313183784485 -0.20197619497776031 
v 0.07538636028766632 -0.37902337312698364 -0.2003878504037857 
v 0.07185032963752747 -0.36134323477745056 -0.20197619497776031 
v 0.03786848857998848 -0.38459712266921997 -0.2003878504037857 
v 0.03613043949007988 -0.3666172921657562 -0.20197619497776031 
v -0.000008978900041256566 -0.3864550292491913 -0.2003878504037857 
v -0.000008978900041256566 -0.36841529607772827 -0.20197619497776031 
v -0.037886444479227066 -0.38459712266921997 -0.2003878504037857 
v -0.03608846291899681 -0.3666172921657562 -0.20197619497776031 
v -0.07540431618690491 -0.37902337312698364 -0.2003878504037857 
v -0.07186828553676605 -0.36134323477745056 -0.20197619497776031 
v -0.11220299452543259 -0.36979374289512634 -0.2003878504037857 
v -0.10692891478538513 -0.35253313183784485 -0.20197619497776031 
v -0.14786295592784882 -0.357028067111969 -0.2003878504037857 
v -0.14097069203853607 -0.34036678075790405 -0.20197619497776031 
v -0.18214444816112518 -0.34078630805015564 -0.2003878504037857 
v -0.17363400757312775 -0.3249041438102722 -0.20197619497776031 
v -0.21468791365623474 -0.3213081955909729 -0.2003878504037857 
v -0.20467914640903473 -0.3063250184059143 -0.20197619497776031 
v -0.24513372778892517 -0.2987135648727417 -0.2003878504037857 
v -0.23368658125400543 -0.28474923968315125 -0.20197619497776031 
v -0.27324214577674866 -0.27324214577674866 -0.2003878504037857 
v -0.2604764997959137 -0.2604764997959137 -0.20197619497776031 
v -0.2987135648727417 -0.24513372778892517 -0.2003878504037857 
v -0.28474923968315125 -0.23368658125400543 -0.20197619497776031 
v -0.3213081955909729 -0.21468791365623474 -0.2003878504037857 
v -0.3063250184059143 -0.20467914640903473 -0.20197619497776031 
v -0.34078630805015564 -0.18214444816112518 -0.2003878504037857 
v -0.3249041438102722 -0.17363400757312775 -0.20197619497776031 
v -0.357028067111969 -0.14786295592784882 -0.2003878504037857 
v -0.34036678075790405 -0.14097069203853607 -0.20197619497776031 
v -0.36979374289512634 -0.11220299452543259 -0.2003878504037857 
v -0.35253313183784485 -0.10692891478538513 -0.20197619497776031 
v -0.37902337312698364 -0.07540431618690491 -0.2003878504037857 
v -0.36134323477745056 -0.07186828553676605 -0.20197619497776031 
v -0.38459712266921997 -0.037886444479227066 -0.2003878504037857 
v -0.3666172921657562 -0.03608846291899681 -0.20197619497776031 
v -0.3864550292491913 -0.000008978900041256566 -0.2003878504037857 
v -0.36841529607772827 -0.000008978900041256566 -0.20197619497776031 
v -0.38459712266921997 0.03786848857998848 -0.2003878504037857 
v -0.3666172921657562 0.03613043949007988 -0.20197619497776031 
v -0.37902337312698364 0.07538636028766632 -0.2003878504037857 
v -0.36134323477745056 0.07185032963752747 -0.20197619497776031 
v -0.36979374289512634 0.112185038626194 -0.2003878504037857 
v -0.35253313183784485 0.10691095888614655 -0.20197619497776031 
v -0.357028067111969 0.1479049175977707 -0.2003878504037857 
v -0.34036678075790405 0.14095273613929749 -0.20197619497776031 
v -0.34078630805015564 0.18218642473220825 -0.2003878504037857 
v -0.3249041438102722 0.17367598414421082 -0.20197619497776031 
v -0.3213081955909729 0.21466995775699615 -0.2003878504037857 
v -0.3063250184059143 0.20466119050979614 -0.20197619497776031 
v -0.2987135648727417 0.24517568945884705 -0.2003878504037857 
v -0.28474923968315125 0.2337285578250885 -0.20197619497776031 
v -0.27324214577674866 0.27322420477867126 -0.2003878504037857 
v -0.2604764997959137 0.26051846146583557 -0.20197619497776031 
v -0.24513372778892517 0.2986955940723419 -0.2003878504037857 
v -0.23368658125400543 0.2847912013530731 -0.20197619497776031 
v -0.21468791365623474 0.3212902247905731 -0.2003878504037857 
v -0.20467914640903473 0.3063070476055145 -0.20197619497776031 
v -0.18214444816112518 0.3408282995223999 -0.2003878504037857 
v -0.17363400757312775 0.32488617300987244 -0.20197619497776031 
v -0.14786295592784882 0.3570101261138916 -0.2003878504037857 
v -0.14097069203853607 0.3403488099575043 -0.20197619497776031 
v -0.11220299452543259 0.36977577209472656 -0.2003878504037857 
v -0.10692891478538513 0.35251516103744507 -0.20197619497776031 
v -0.07540431618690491 0.37900540232658386 -0.2003878504037857 
v -0.07186828553676605 0.3613252639770508 -0.20197619497776031 
v -0.037886444479227066 0.3845791518688202 -0.2003878504037857 
v -0.03608846291899681 0.36659935116767883 -0.20197619497776031 
v -0.000008978900041256566 0.3864370584487915 -0.2003878504037857 
v -0.000008978900041256566 0.3683973252773285 -0.20197619497776031 
v 0.03786848857998848 0.3845791518688202 -0.2003878504037857 
v 0.03613043949007988 0.36659935116767883 -0.20197619497776031 
v 0.07538636028766632 0.37900540232658386 -0.2003878504037857 
v 0.07185032963752747 0.3613252639770508 -0.20197619497776031 
v 0.112185038626194 0.36977577209472656 -0.2003878504037857 
v 0.10691095888614655 0.35251516103744507 -0.20197619497776031 
v 0.1479049175977707 0.3570101261138916 -0.2003878504037857 
v 0.14095273613929749 0.3403488099575043 -0.20197619497776031 
v 0.18218642473220825 0.3408282995223999 -0.2003878504037857 
v 0.17367598414421082 0.32488617300987244 -0.20197619497776031 
v 0.21466995775699615 0.3212902247905731 -0.2003878504037857 
v 0.20466119050979614 0.3063070476055145 -0.20197619497776031 
v 0.24517568945884705 0.2986955940723419 -0.2003878504037857 
v 0.2337285578250885 0.2847912013530731 -0.20197619497776031 
v 0.27322420477867126 0.27322420477867126 -0.2003878504037857 
v 0.26051846146583557 0.26051846146583557 -0.20197619497776031 
v 0.2986955940723419 0.24517568945884705 -0.2003878504037857 
v 0.2847912013530731 0.2337285578250885 -0.20197619497776031 
v 0.3212902247905731 0.21466995775699615 -0.2003878504037857 
v 0.3063070476055145 0.20466119050979614 -0.20197619497776031 
v 0.3408282995223999 0.18218642473220825 -0.2003878504037857 
v 0.32488617300987244 0.17367598414421082 -0.20197619497776031 
v 0.3570101261138916 0.1479049175977707 -0.2003878504037857 
v 0.3403488099575043 0.14095273613929749 -0.20197619497776031 
v 0.36977577209472656 0.112185038626194 -0.2003878504037857 
v 0.35251516103744507 0.10691095888614655 -0.20197619497776031 
v 0.37900540232658386 0.07538636028766632 -0.2003878504037857 
v 0.3613252639770508 0.07185032963752747 -0.20197619497776031 
v 0.3845791518688202 0.03786848857998848 -0.2003878504037857 
v 0.36659935116767883 0.03613043949007988 -0.20197619497776031 
v 0.3683973252773285 -0.000008978900041256566 -0.20197619497776031 
v 0.3864370584487915 -0.000008978900041256566 -0.2003878504037857 
v 0.3991428017616272 0.039306871592998505 -0.19250565767288208 
v 0.3933892548084259 0.07826312631368637 -0.19250565767288208 
v 0.38380002975463867 0.11644025892019272 -0.19250565767288208 
v 0.3705548942089081 0.15347866714000702 -0.19250565767288208 
v 0.3537138104438782 0.189078688621521 -0.19250565767288208 
v 0.3334565758705139 0.22282080352306366 -0.19250565767288208 
v 0.31002289056777954 0.254465252161026 -0.19250565767288208 
v 0.28359255194664 0.28359255194664 -0.19250565767288208 
v 0.254465252161026 0.31002289056777954 -0.19250565767288208 
v 0.22282080352306366 0.3334565758705139 -0.19250565767288208 
v 0.189078688621521 0.3537138104438782 -0.19250565767288208 
v 0.15347866714000702 0.3705548942089081 -0.19250565767288208 
v 0.11644025892019272 0.38380002975463867 -0.19250565767288208 
v 0.07826312631368637 0.3933892548084259 -0.19250565767288208 
v 0.039306871592998505 0.3991428017616272 -0.19250565767288208 
v -0.000008978900041256566 0.40106064081192017 -0.19250565767288208 
v -0.03932483121752739 0.3991428017616272 -0.19250565767288208 
v -0.0782211497426033 0.3933892548084259 -0.19250565767288208 
v -0.11639828234910965 0.38380002975463867 -0.19250565767288208 
v -0.1534966230392456 0.3705548942089081 -0.19250565767288208 
v -0.18909664452075958 0.3537138104438782 -0.19250565767288208 
v -0.22283875942230225 0.3334565758705139 -0.19250565767288208 
v -0.2544232904911041 0.31002289056777954 -0.19250565767288208 
v -0.2836105227470398 0.28359255194664 -0.19250565767288208 
v -0.31004083156585693 0.254465252161026 -0.19250565767288208 
v -0.3334745168685913 0.22282080352306366 -0.19250565767288208 
v -0.35373178124427795 0.189078688621521 -0.19250565767288208 
v -0.37057286500930786 0.15347866714000702 -0.19250565767288208 
v -0.38381800055503845 0.11644025892019272 -0.19250565767288208 
v -0.39334729313850403 0.07826312631368637 -0.19250565767288208 
v -0.399160772562027 0.039306871592998505 -0.19250565767288208 
v -0.40107861161231995 -0.000008978900041256566 -0.19250565767288208 
v -0.399160772562027 -0.03932483121752739 -0.19250565767288208 
v -0.39334729313850403 -0.0782211497426033 -0.19250565767288208 
v -0.38381800055503845 -0.11639828234910965 -0.19250565767288208 
v -0.37057286500930786 -0.1534966230392456 -0.19250565767288208 
v -0.35373178124427795 -0.18909664452075958 -0.19250565767288208 
v -0.3334745168685913 -0.22283875942230225 -0.19250565767288208 
v -0.31004083156585693 -0.2544232904911041 -0.19250565767288208 
v -0.2836105227470398 -0.2836105227470398 -0.19250565767288208 
v -0.2544232904911041 -0.31004083156585693 -0.19250565767288208 
v -0.22283875942230225 -0.3334745168685913 -0.19250565767288208 
v -0.18909664452075958 -0.35373178124427795 -0.19250565767288208 
v -0.1534966230392456 -0.37057286500930786 -0.19250565767288208 
v -0.11639828234910965 -0.38381800055503845 -0.19250565767288208 
v -0.0782211497426033 -0.39334729313850403 -0.19250565767288208 
v -0.03932483121752739 -0.399160772562027 -0.19250565767288208 
v -0.000008978900041256566 -0.40107861161231995 -0.19250565767288208 
v 0.039306871592998505 -0.399160772562027 -0.19250565767288208 
v 0.07826312631368637 -0.39334729313850403 -0.19250565767288208 
v 0.11644025892019272 -0.38381800055503845 -0.19250565767288208 
v 0.15347866714000702 -0.37057286500930786 -0.19250565767288208 
v 0.189078688621521 -0.35373178124427795 -0.19250565767288208 
v 0.22282080352306366 -0.3334745168685913 -0.19250565767288208 
v 0.254465252161026 -0.31004083156585693 -0.19250565767288208 
v 0.28359255194664 -0.2836105227470398 -0.19250565767288208 
v 0.31002289056777954 -0.2544232904911041 -0.19250565767288208 
v 0.3334565758705139 -0.22283875942230225 -0.19250565767288208 
v 0.3537138104438782 -0.18909664452075958 -0.19250565767288208 
v 0.3705548942089081 -0.1534966230392456 -0.19250565767288208 
v 0.38380002975463867 -0.11639828234910965 -0.19250565767288208 
v 0.3933892548084259 -0.0782211497426033 -0.19250565767288208 
v 0.3845791518688202 -0.037886444479227066 -0.2003878504037857 
v 0.3991428017616272 -0.03932483121752739 -0.19250565767288208 
v 0.40106064081192017 -0.000008978900041256566 -0.19250565767288208 
v 0.40885189175605774 0.04026579484343529 -0.1803547590970993 
v 0.4029785096645355 0.08018097281455994 -0.1803547590970993 
v 0.3931495249271393 0.11925709247589111 -0.1803547590970993 
v 0.3796047568321228 0.1572544276714325 -0.1803547590970993 
v 0.3623441159725189 0.19369350373744965 -0.1803547590970993 
v 0.3416074216365814 0.22827467322349548 -0.1803547590970993 
v 0.3175744116306305 0.2606383264064789 -0.1803547590970993 
v 0.2905447483062744 0.2905447483062744 -0.1803547590970993 
v 0.2606383264064789 0.3175744116306305 -0.1803547590970993 
v 0.22827467322349548 0.3416074216365814 -0.1803547590970993 
v 0.19369350373744965 0.3623441159725189 -0.1803547590970993 
v 0.1572544276714325 0.3796047568321228 -0.1803547590970993 
v 0.11925709247589111 0.3931495249271393 -0.1803547590970993 
v 0.08018097281455994 0.4029785096645355 -0.1803547590970993 
v 0.04026579484343529 0.40885189175605774 -0.1803547590970993 
v -0.000008978900041256566 0.41082969307899475 -0.1803547590970993 
v -0.04028375446796417 0.40885189175605774 -0.1803547590970993 
v -0.08013899624347687 0.4029785096645355 -0.1803547590970993 
v -0.1192750483751297 0.3931495249271393 -0.1803547590970993 
v -0.15721245110034943 0.3796047568321228 -0.1803547590970993 
v -0.19365152716636658 0.3623441159725189 -0.1803547590970993 
v -0.22823269665241241 0.3416074216365814 -0.1803547590970993 
v -0.26065629720687866 0.3175744116306305 -0.1803547590970993 
v -0.29050278663635254 0.2905447483062744 -0.1803547590970993 
v -0.3175923526287079 0.2606383264064789 -0.1803547590970993 
v -0.3416253626346588 0.22827467322349548 -0.1803547590970993 
v -0.3623620867729187 0.19369350373744965 -0.1803547590970993 
v -0.37956276535987854 0.1572544276714325 -0.1803547590970993 
v -0.39316749572753906 0.11925709247589111 -0.1803547590970993 
v -0.40293651819229126 0.08018097281455994 -0.1803547590970993 
v -0.4088698625564575 0.04026579484343529 -0.1803547590970993 
v -0.41084763407707214 -0.000008978900041256566 -0.1803547590970993 
v -0.4088698625564575 -0.04028375446796417 -0.1803547590970993 
v -0.40293651819229126 -0.08013899624347687 -0.1803547590970993 
v -0.39316749572753906 -0.1192750483751297 -0.1803547590970993 
v -0.37956276535987854 -0.15721245110034943 -0.1803547590970993 
v -0.3623620867729187 -0.19365152716636658 -0.1803547590970993 
v -0.3416253626346588 -0.22823269665241241 -0.1803547590970993 
v -0.3175923526287079 -0.26065629720687866 -0.1803547590970993 
v -0.29050278663635254 -0.29050278663635254 -0.1803547590970993 
v -0.26065629720687866 -0.3175923526287079 -0.1803547590970993 
v -0.22823269665241241 -0.3416253626346588 -0.1803547590970993 
v -0.19365152716636658 -0.3623620867729187 -0.1803547590970993 
v -0.15721245110034943 -0.37956276535987854 -0.1803547590970993 
v -0.1192750483751297 -0.39316749572753906 -0.1803547590970993 
v -0.08013899624347687 -0.40293651819229126 -0.1803547590970993 
v -0.04028375446796417 -0.4088698625564575 -0.1803547590970993 
v -0.000008978900041256566 -0.41084763407707214 -0.1803547590970993 
v 0.04026579484343529 -0.4088698625564575 -0.1803547590970993 
v 0.08018097281455994 -0.40293651819229126 -0.1803547590970993 
v 0.11925709247589111 -0.39316749572753906 -0.1803547590970993 
v 0.1572544276714325 -0.37956276535987854 -0.1803547590970993 
v 0.19369350373744965 -0.3623620867729187 -0.1803547590970993 
v 0.22827467322349548 -0.3416253626346588 -0.1803547590970993 
v 0.2606383264064789 -0.3175923526287079 -0.1803547590970993 
v 0.2905447483062744 -0.29050278663635254 -0.1803547590970993 
v 0.3175744116306305 -0.26065629720687866 -0.1803547590970993 
v 0.3416074216365814 -0.22823269665241241 -0.1803547590970993 
v 0.3623441159725189 -0.19365152716636658 -0.1803547590970993 
v 0.3796047568321228 -0.15721245110034943 -0.1803547590970993 
v 0.3931495249271393 -0.1192750483751297 -0.1803547590970993 
v 0.4029785096645355 -0.08013899624347687 -0.1803547590970993 
v 0.40885189175605774 -0.04028375446796417 -0.1803547590970993 
v 0.41082969307899475 -0.000008978900041256566 -0.1803547590970993 
v 0.41430577635765076 -0.000008978900041256566 -0.16600002348423004 
v 0.4122680723667145 -0.04058341681957245 -0.16600002348423004 
v 0.4063347280025482 -0.08079826086759567 -0.16600002348423004 
v 0.3964458405971527 -0.12023397535085678 -0.16600002348423004 
v 0.3827212452888489 -0.15853096544742584 -0.16600002348423004 
v 0.3653407692909241 -0.19526971876621246 -0.16600002348423004 
v 0.3444841802120209 -0.23015055060386658 -0.16600002348423004 
v 0.320271372795105 -0.26281386613845825 -0.16600002348423004 
v 0.2929420471191406 -0.2929600179195404 -0.16600002348423004 
v 0.26279592514038086 -0.3202293813228607 -0.16600002348423004 
v 0.230132594704628 -0.344442218542099 -0.16600002348423004 
v 0.19531169533729553 -0.36535871028900146 -0.16600002348423004 
v 0.15851300954818726 -0.38273918628692627 -0.16600002348423004 
v 0.12027595192193985 -0.3964637815952301 -0.16600002348423004 
v 0.08084022998809814 -0.40629276633262634 -0.16600002348423004 
v 0.04062539339065552 -0.41228601336479187 -0.16600002348423004 
v -0.000008978900041256566 -0.4142638146877289 -0.16600002348423004 
v -0.04058341681957245 -0.41228601336479187 -0.16600002348423004 
v -0.08079826086759567 -0.40629276633262634 -0.16600002348423004 
v -0.12023397535085678 -0.3964637815952301 -0.16600002348423004 
v -0.15853096544742584 -0.38273918628692627 -0.16600002348423004 
v -0.19526971876621246 -0.36535871028900146 -0.16600002348423004 
v -0.23015055060386658 -0.344442218542099 -0.16600002348423004 
v -0.26281386613845825 -0.3202293813228607 -0.16600002348423004 
v -0.2929600179195404 -0.2929600179195404 -0.16600002348423004 
v -0.3202293813228607 -0.26281386613845825 -0.16600002348423004 
v -0.344442218542099 -0.23015055060386658 -0.16600002348423004 
v -0.36535871028900146 -0.19526971876621246 -0.16600002348423004 
v -0.38273918628692627 -0.15853096544742584 -0.16600002348423004 
v -0.3964637815952301 -0.12023397535085678 -0.16600002348423004 
v -0.40629276633262634 -0.08079826086759567 -0.16600002348423004 
v -0.41228601336479187 -0.04058341681957245 -0.16600002348423004 
v -0.4142638146877289 -0.000008978900041256566 -0.16600002348423004 
v -0.41228601336479187 0.04062539339065552 -0.16600002348423004 
v -0.40629276633262634 0.08084022998809814 -0.16600002348423004 
v -0.3964637815952301 0.12027595192193985 -0.16600002348423004 
v -0.38273918628692627 0.15851300954818726 -0.16600002348423004 
v -0.36535871028900146 0.19531169533729553 -0.16600002348423004 
v -0.344442218542099 0.230132594704628 -0.16600002348423004 
v -0.3202293813228607 0.26279592514038086 -0.16600002348423004 
v -0.2929600179195404 0.2929420471191406 -0.16600002348423004 
v -0.26281386613845825 0.320271372795105 -0.16600002348423004 
v -0.23015055060386658 0.3444841802120209 -0.16600002348423004 
v -0.19526971876621246 0.3653407692909241 -0.16600002348423004 
v -0.15853096544742584 0.3827212452888489 -0.16600002348423004 
v -0.12023397535085678 0.3964458405971527 -0.16600002348423004 
v -0.08079826086759567 0.4063347280025482 -0.16600002348423004 
v -0.04058341681957245 0.4122680723667145 -0.16600002348423004 
v -0.000008978900041256566 0.41430577635765076 -0.16600002348423004 
v 0.04062539339065552 0.4122680723667145 -0.16600002348423004 
v 0.08084022998809814 0.4063347280025482 -0.16600002348423004 
v 0.12027595192193985 0.3964458405971527 -0.16600002348423004 
v 0.15851300954818726 0.3827212452888489 -0.16600002348423004 
v 0.19531169533729553 0.3653407692909241 -0.16600002348423004 
v 0.230132594704628 0.3444841802120209 -0.16600002348423004 
v 0.26279592514038086 0.320271372795105 -0.16600002348423004 
v 0.2929420471191406 0.2929420471191406 -0.16600002348423004 
v 0.320271372795105 0.26279592514038086 -0.16600002348423004 
v 0.3444841802120209 0.230132594704628 -0.16600002348423004 
v 0.3653407692909241 0.19531169533729553 -0.16600002348423004 
v 0.3827212452888489 0.15851300954818726 -0.16600002348423004 
v 0.3964458405971527 0.12027595192193985 -0.16600002348423004 
v 0.4063347280025482 0.08084022998809814 -0.16600002348423004 
v 0.4122680723667145 0.04062539339065552 -0.16600002348423004 
v 0.15341873466968536 -0.22961115837097168 -0.2941998839378357 
v 0.13016484677791595 -0.24357546865940094 -0.2941998839378357 
v 0.18062818050384521 -0.2703653872013092 -0.25703245401382446 
v 0.15329886972904205 -0.28672701120376587 -0.25703245401382446 
v 0.1926746517419815 -0.28834518790245056 -0.2294943928718567 
v 0.16348741948604584 -0.30584555864334106 -0.2294943928718567 
v 0.12441130727529526 -0.30039167404174805 -0.25703245401382446 
v 0.13268202543258667 -0.32034924626350403 -0.2294943928718567 
v 0.09438502043485641 -0.31111961603164673 -0.25703245401382446 
v 0.1006779596209526 -0.3318563401699066 -0.2294943928718567 
v 0.06345975399017334 -0.3189108669757843 -0.25703245401382446 
v 0.0676550418138504 -0.34012705087661743 -0.2294943928718567 
v 0.05387051776051521 -0.27084484696388245 -0.2941998839378357 
v 0.08018097281455994 -0.264252245426178 -0.2941998839378357 
v 0.10571230202913284 -0.255142480134964 -0.2941998839378357 
v -0.0538884773850441 -0.27084484696388245 -0.2941998839378357 
v -0.06341777741909027 -0.3189108669757843 -0.25703245401382446 
v -0.08013899624347687 -0.264252245426178 -0.2941998839378357 
v -0.0944029837846756 -0.31111961603164673 -0.25703245401382446 
v -0.06767299771308899 -0.34012705087661743 -0.2294943928718567 
v -0.10063598304986954 -0.3318563401699066 -0.2294943928718567 
v -0.12442926317453384 -0.30039167404174805 -0.25703245401382446 
v -0.13269998133182526 -0.32034924626350403 -0.2294943928718567 
v -0.15325689315795898 -0.28672701120376587 -0.25703245401382446 
v -0.16344545781612396 -0.30584555864334106 -0.2294943928718567 
v -0.1806461364030838 -0.2703653872013092 -0.25703245401382446 
v -0.19263267517089844 -0.28834518790245056 -0.2294943928718567 
v -0.15343669056892395 -0.22961115837097168 -0.2941998839378357 
v -0.13018280267715454 -0.24357546865940094 -0.2941998839378357 
v -0.10567032545804977 -0.255142480134964 -0.2941998839378357 
v -0.22961115837097168 -0.15343669056892395 -0.2941998839378357 
v -0.2703653872013092 -0.1806461364030838 -0.25703245401382446 
v -0.24357546865940094 -0.13018280267715454 -0.2941998839378357 
v -0.28672701120376587 -0.15325689315795898 -0.25703245401382446 
v -0.28834518790245056 -0.19263267517089844 -0.2294943928718567 
v -0.30584555864334106 -0.16344545781612396 -0.2294943928718567 
v -0.30039167404174805 -0.12442926317453384 -0.25703245401382446 
v -0.32034924626350403 -0.13269998133182526 -0.2294943928718567 
v -0.31111961603164673 -0.0944029837846756 -0.25703245401382446 
v -0.3318563401699066 -0.10063598304986954 -0.2294943928718567 
v -0.3189108669757843 -0.06341777741909027 -0.25703245401382446 
v -0.34012705087661743 -0.06767299771308899 -0.2294943928718567 
v -0.27084484696388245 -0.0538884773850441 -0.2941998839378357 
v -0.264252245426178 -0.08013899624347687 -0.2941998839378357 
v -0.255142480134964 -0.10567032545804977 -0.2941998839378357 
v -0.27084484696388245 0.05387051776051521 -0.2941998839378357 
v -0.3189108669757843 0.06345975399017334 -0.25703245401382446 
v -0.264252245426178 0.08018097281455994 -0.2941998839378357 
v -0.31111961603164673 0.09438502043485641 -0.25703245401382446 
v -0.34012705087661743 0.0676550418138504 -0.2294943928718567 
v -0.3318563401699066 0.1006779596209526 -0.2294943928718567 
v -0.30039167404174805 0.12441130727529526 -0.25703245401382446 
v -0.32034924626350403 0.13268202543258667 -0.2294943928718567 
v -0.28672701120376587 0.15329886972904205 -0.25703245401382446 
v -0.30584555864334106 0.16348741948604584 -0.2294943928718567 
v -0.2703653872013092 0.18062818050384521 -0.25703245401382446 
v -0.28834518790245056 0.1926746517419815 -0.2294943928718567 
v -0.22961115837097168 0.15341873466968536 -0.2941998839378357 
v -0.24357546865940094 0.13016484677791595 -0.2941998839378357 
v -0.255142480134964 0.10571230202913284 -0.2941998839378357 
v -0.15343669056892395 0.2295931875705719 -0.2941998839378357 
v -0.1806461364030838 0.2703474164009094 -0.25703245401382446 
v -0.13018280267715454 0.24355751276016235 -0.2941998839378357 
v -0.15325689315795898 0.28676900267601013 -0.25703245401382446 
v -0.19263267517089844 0.28832724690437317 -0.2294943928718567 
v -0.16344545781612396 0.3058275878429413 -0.2294943928718567 
v -0.12442926317453384 0.30037370324134827 -0.25703245401382446 
v -0.13269998133182526 0.3203912377357483 -0.2294943928718567 
v -0.0944029837846756 0.311161607503891 -0.25703245401382446 
v -0.10063598304986954 0.33183836936950684 -0.2294943928718567 
v -0.06341777741909027 0.3188929259777069 -0.25703245401382446 
v -0.06767299771308899 0.34010908007621765 -0.2294943928718567 
v -0.0538884773850441 0.27082690596580505 -0.2941998839378357 
v -0.08013899624347687 0.26429423689842224 -0.2941998839378357 
v -0.10567032545804977 0.2551245391368866 -0.2941998839378357 
v 0.05387051776051521 0.27082690596580505 -0.2941998839378357 
v 0.06345975399017334 0.3188929259777069 -0.25703245401382446 
v 0.08018097281455994 0.26429423689842224 -0.2941998839378357 
v 0.09438502043485641 0.311161607503891 -0.25703245401382446 
v 0.0676550418138504 0.34010908007621765 -0.2294943928718567 
v 0.1006779596209526 0.33183836936950684 -0.2294943928718567 
v 0.12441130727529526 0.30037370324134827 -0.25703245401382446 
v 0.13268202543258667 0.3203912377357483 -0.2294943928718567 
v 0.15329886972904205 0.28676900267601013 -0.25703245401382446 
v 0.16348741948604584 0.3058275878429413 -0.2294943928718567 
v 0.18062818050384521 0.2703474164009094 -0.25703245401382446 
v 0.1926746517419815 0.28832724690437317 -0.2294943928718567 
v 0.15341873466968536 0.2295931875705719 -0.2941998839378357 
v 0.13016484677791595 0.24355751276016235 -0.2941998839378357 
v 0.10571230202913284 0.2551245391368866 -0.2941998839378357 
v 0.2295931875705719 0.15341873466968536 -0.2941998839378357 
v 0.2703474164009094 0.18062818050384521 -0.25703245401382446 
v 0.24355751276016235 0.13016484677791595 -0.2941998839378357 
v 0.28676900267601013 0.15329886972904205 -0.25703245401382446 
v 0.28832724690437317 0.1926746517419815 -0.2294943928718567 
v 0.3058275878429413 0.16348741948604584 -0.2294943928718567 
v 0.30037370324134827 0.12441130727529526 -0.25703245401382446 
v 0.3203912377357483 0.13268202543258667 -0.2294943928718567 
v 0.311161607503891 0.09438502043485641 -0.25703245401382446 
v 0.33183836936950684 0.1006779596209526 -0.2294943928718567 
v 0.3188929259777069 0.06345975399017334 -0.25703245401382446 
v 0.34010908007621765 0.0676550418138504 -0.2294943928718567 
v 0.27082690596580505 0.05387051776051521 -0.2941998839378357 
v 0.26429423689842224 0.08018097281455994 -0.2941998839378357 
v 0.2551245391368866 0.10571230202913284 -0.2941998839378357 
v 0.9392563104629517 -0.2849290370941162 0.008460585959255695 
v 0.9457889795303345 -0.28690680861473083 0.003457276849076152 
v 0.962689995765686 -0.191493958234787 0.008460585959255695 
v 0.9693425297737122 -0.1928124725818634 0.003457276849076152 
v 0.9767741560935974 -0.09620096534490585 0.008460585959255695 
v 0.9836065173149109 -0.09686022251844406 0.003457276849076152 
v 0.9815088510513306 -0.000008978900041256566 0.008460585959255695 
v 0.9883411526679993 -0.000008978900041256566 0.003457276849076152 
v 0.9767741560935974 0.09618300199508667 0.008460585959255695 
v 0.9836065173149109 0.09690219908952713 0.003457276849076152 
v 0.962689995765686 0.1914760023355484 0.008460585959255695 
v 0.9693425297737122 0.19279451668262482 0.003457276849076152 
v 0.9392563104629517 0.28491106629371643 0.008460585959255695 
v 0.9457889795303345 0.28688886761665344 0.003457276849076152 
v 0.9068326950073242 0.3755892515182495 0.008460585959255695 
v 0.9131256341934204 0.37822628021240234 0.003457276849076152 
v 0.8656589388847351 0.4626714587211609 0.008460585959255695 
v 0.8716521859169006 0.46590784192085266 0.003457276849076152 
v 0.8160945773124695 0.5453186631202698 0.008460585959255695 
v 0.8217881917953491 0.5490944385528564 0.003457276849076152 
v 0.7587389945983887 0.6226917505264282 0.008460585959255695 
v 0.7640130519866943 0.6270069479942322 0.003457276849076152 
v 0.6940715909004211 0.6940715909004211 0.008460585959255695 
v 0.6988662481307983 0.6988662481307983 0.003457276849076152 
v 0.6226917505264282 0.7587389945983887 0.008460585959255695 
v 0.6270069479942322 0.7640130519866943 0.003457276849076152 
v 0.5453186631202698 0.8160945773124695 0.008460585959255695 
v 0.5490944385528564 0.8217881917953491 0.003457276849076152 
v 0.4626714587211609 0.8656589388847351 0.008460585959255695 
v 0.46590784192085266 0.8716521859169006 0.003457276849076152 
v 0.3755892515182495 0.9068326950073242 0.008460585959255695 
v 0.37822628021240234 0.9131256341934204 0.003457276849076152 
v 0.28491106629371643 0.9392563104629517 0.008460585959255695 
v 0.28688886761665344 0.9457889795303345 0.003457276849076152 
v 0.1914760023355484 0.962689995765686 0.008460585959255695 
v 0.19279451668262482 0.9693425297737122 0.003457276849076152 
v 0.09618300199508667 0.9767741560935974 0.008460585959255695 
v 0.09690219908952713 0.9836065173149109 0.003457276849076152 
v -0.000008978900041256566 0.9815088510513306 0.008460585959255695 
v -0.000008978900041256566 0.9883411526679993 0.003457276849076152 
v -0.09620096534490585 0.9767741560935974 0.008460585959255695 
v -0.09686022251844406 0.9836065173149109 0.003457276849076152 
v -0.191493958234787 0.962689995765686 0.008460585959255695 
v -0.1928124725818634 0.9693425297737122 0.003457276849076152 
v -0.2849290370941162 0.9392563104629517 0.008460585959255695 
v -0.28690680861473083 0.9457889795303345 0.003457276849076152 
v -0.3756072223186493 0.9068326950073242 0.008460585959255695 
v -0.3782442510128021 0.9131256341934204 0.003457276849076152 
v -0.46268942952156067 0.8656589388847351 0.008460585959255695 
v -0.46592578291893005 0.8716521859169006 0.003457276849076152 
v -0.5453366041183472 0.8160945773124695 0.008460585959255695 
v -0.5491123795509338 0.8217881917953491 0.003457276849076152 
v -0.6226497888565063 0.7587389945983887 0.008460585959255695 
v -0.6270248889923096 0.7640130519866943 0.003457276849076152 
v -0.6940296292304993 0.6940715909004211 0.008460585959255695 
v -0.6988841891288757 0.6988662481307983 0.003457276849076152 
v -0.7587569355964661 0.6226917505264282 0.008460585959255695 
v -0.7639710903167725 0.6270069479942322 0.003457276849076152 
v -0.8161125779151917 0.5453186631202698 0.008460585959255695 
v -0.8217462301254272 0.5490944385528564 0.003457276849076152 
v -0.8656169772148132 0.4626714587211609 0.008460585959255695 
v -0.8716102242469788 0.46590784192085266 0.003457276849076152 
v -0.9067907333374023 0.3755892515182495 0.008460585959255695 
v -0.9130836725234985 0.37822628021240234 0.003457276849076152 
v -0.939274251461029 0.28491106629371643 0.008460585959255695 
v -0.9458069205284119 0.28688886761665344 0.003457276849076152 
v -0.9626480340957642 0.1914760023355484 0.008460585959255695 
v -0.9693604707717896 0.19279451668262482 0.003457276849076152 
v -0.9767920970916748 0.09618300199508667 0.008460585959255695 
v -0.9835644960403442 0.09690219908952713 0.003457276849076152 
v -0.981526792049408 -0.000008978900041256566 0.008460585959255695 
v -0.9883591532707214 -0.000008978900041256566 0.003457276849076152 
v -0.9767920970916748 -0.09620096534490585 0.008460585959255695 
v -0.9835644960403442 -0.09686022251844406 0.003457276849076152 
v -0.9626480340957642 -0.191493958234787 0.008460585959255695 
v -0.9693604707717896 -0.1928124725818634 0.003457276849076152 
v -0.939274251461029 -0.2849290370941162 0.008460585959255695 
v -0.9458069205284119 -0.28690680861473083 0.003457276849076152 
v -0.9067907333374023 -0.3756072223186493 0.008460585959255695 
v -0.9130836725234985 -0.3782442510128021 0.003457276849076152 
v -0.8656169772148132 -0.46268942952156067 0.008460585959255695 
v -0.8716102242469788 -0.46592578291893005 0.003457276849076152 
v -0.8161125779151917 -0.5453366041183472 0.008460585959255695 
v -0.8217462301254272 -0.5491123795509338 0.003457276849076152 
v -0.7587569355964661 -0.6226497888565063 0.008460585959255695 
v -0.7639710903167725 -0.6270248889923096 0.003457276849076152 
v -0.6940296292304993 -0.6940296292304993 0.008460585959255695 
v -0.6988841891288757 -0.6988841891288757 0.003457276849076152 
v -0.6226497888565063 -0.7587569355964661 0.008460585959255695 
v -0.6270248889923096 -0.7639710903167725 0.003457276849076152 
v -0.5453366041183472 -0.8161125779151917 0.008460585959255695 
v -0.5491123795509338 -0.8217462301254272 0.003457276849076152 
v -0.46268942952156067 -0.8656169772148132 0.008460585959255695 
v -0.46592578291893005 -0.8716102242469788 0.003457276849076152 
v -0.3756072223186493 -0.9067907333374023 0.008460585959255695 
v -0.3782442510128021 -0.9130836725234985 0.003457276849076152 
v -0.2849290370941162 -0.939274251461029 0.008460585959255695 
v -0.28690680861473083 -0.9458069205284119 0.003457276849076152 
v -0.191493958234787 -0.9626480340957642 0.008460585959255695 
v -0.1928124725818634 -0.9693604707717896 0.003457276849076152 
v -0.09620096534490585 -0.9767920970916748 0.008460585959255695 
v -0.09686022251844406 -0.9835644960403442 0.003457276849076152 
v -0.000008978900041256566 -0.981526792049408 0.008460585959255695 
v -0.000008978900041256566 -0.9883591532707214 0.003457276849076152 
v 0.09618300199508667 -0.9767920970916748 0.008460585959255695 
v 0.09690219908952713 -0.9835644960403442 0.003457276849076152 
v 0.1914760023355484 -0.9626480340957642 0.008460585959255695 
v 0.19279451668262482 -0.9693604707717896 0.003457276849076152 
v 0.28491106629371643 -0.939274251461029 0.008460585959255695 
v 0.28688886761665344 -0.9458069205284119 0.003457276849076152 
v 0.3755892515182495 -0.9067907333374023 0.008460585959255695 
v 0.37822628021240234 -0.9130836725234985 0.003457276849076152 
v 0.4626714587211609 -0.8656169772148132 0.008460585959255695 
v 0.46590784192085266 -0.8716102242469788 0.003457276849076152 
v 0.5453186631202698 -0.8161125779151917 0.008460585959255695 
v 0.5490944385528564 -0.8217462301254272 0.003457276849076152 
v 0.6226917505264282 -0.7587569355964661 0.008460585959255695 
v 0.6270069479942322 -0.7639710903167725 0.003457276849076152 
v 0.6940715909004211 -0.6940296292304993 0.008460585959255695 
v 0.6988662481307983 -0.6988841891288757 0.003457276849076152 
v 0.7587389945983887 -0.6226497888565063 0.008460585959255695 
v 0.7640130519866943 -0.6270248889923096 0.003457276849076152 
v 0.8160945773124695 -0.5453366041183472 0.008460585959255695 
v 0.8217881917953491 -0.5491123795509338 0.003457276849076152 
v 0.8656589388847351 -0.46268942952156067 0.008460585959255695 
v 0.8716521859169006 -0.46592578291893005 0.003457276849076152 
v 0.9068326950073242 -0.3756072223186493 0.008460585959255695 
v 0.9131256341934204 -0.3782442510128021 0.003457276849076152 
v 0.9132454991340637 -0.3782442510128021 -0.0017247216310352087 
v 0.9459088444709778 -0.2869667410850525 -0.0017247216310352087 
v 0.9694623947143555 -0.1928124725818634 -0.0017247216310352087 
v 0.9837263822555542 -0.09686022251844406 -0.0017247216310352087 
v 0.9884610176086426 -0.000008978900041256566 -0.0017247216310352087 
v 0.9837263822555542 0.09690219908952713 -0.0017247216310352087 
v 0.9694623947143555 0.19285444915294647 -0.0017247216310352087 
v 0.9459088444709778 0.2869488000869751 -0.0017247216310352087 
v 0.9132454991340637 0.378286212682724 -0.0017247216310352087 
v 0.871772050857544 0.4659677743911743 -0.0017247216310352087 
v 0.8219080567359924 0.5491543412208557 -0.0017247216310352087 
v 0.7641329169273376 0.6270668506622314 -0.0017247216310352087 
v 0.6989861130714417 0.6989861130714417 -0.0017247216310352087 
v 0.6270668506622314 0.7641329169273376 -0.0017247216310352087 
v 0.5491543412208557 0.8219080567359924 -0.0017247216310352087 
v 0.4659677743911743 0.871772050857544 -0.0017247216310352087 
v 0.378286212682724 0.9132454991340637 -0.0017247216310352087 
v 0.2869488000869751 0.9459088444709778 -0.0017247216310352087 
v 0.19285444915294647 0.9694623947143555 -0.0017247216310352087 
v 0.09690219908952713 0.9837263822555542 -0.0017247216310352087 
v -0.000008978900041256566 0.9884610176086426 -0.0017247216310352087 
v -0.09686022251844406 0.9837263822555542 -0.0017247216310352087 
v -0.1928124725818634 0.9694623947143555 -0.0017247216310352087 
v -0.2869667410850525 0.9459088444709778 -0.0017247216310352087 
v -0.3782442510128021 0.9132454991340637 -0.0017247216310352087 
v -0.4659857153892517 0.871772050857544 -0.0017247216310352087 
v -0.5491722822189331 0.8219080567359924 -0.0017247216310352087 
v -0.6270847916603088 0.7641329169273376 -0.0017247216310352087 
v -0.6989441514015198 0.6989861130714417 -0.0017247216310352087 
v -0.7640909552574158 0.6270668506622314 -0.0017247216310352087 
v -0.8218660950660706 0.5491543412208557 -0.0017247216310352087 
v -0.8717300891876221 0.4659677743911743 -0.0017247216310352087 
v -0.9132634401321411 0.378286212682724 -0.0017247216310352087 
v -0.9459267854690552 0.2869488000869751 -0.0017247216310352087 
v -0.9694803357124329 0.19285444915294647 -0.0017247216310352087 
v -0.9837443232536316 0.09690219908952713 -0.0017247216310352087 
v -0.9884790182113647 -0.000008978900041256566 -0.0017247216310352087 
v -0.9837443232536316 -0.09686022251844406 -0.0017247216310352087 
v -0.9694803357124329 -0.1928124725818634 -0.0017247216310352087 
v -0.9459267854690552 -0.2869667410850525 -0.0017247216310352087 
v -0.9132634401321411 -0.3782442510128021 -0.0017247216310352087 
v -0.8717900514602661 -0.4659857153892517 -0.0017247216310352087 
v -0.8218660950660706 -0.5491722822189331 -0.0017247216310352087 
v -0.7640909552574158 -0.6270847916603088 -0.0017247216310352087 
v -0.6989441514015198 -0.6989441514015198 -0.0017247216310352087 
v -0.6270847916603088 -0.7640909552574158 -0.0017247216310352087 
v -0.5491722822189331 -0.8218660950660706 -0.0017247216310352087 
v -0.4659857153892517 -0.8717300891876221 -0.0017247216310352087 
v -0.3783041834831238 -0.9132634401321411 -0.0017247216310352087 
v -0.2869667410850525 -0.9459267854690552 -0.0017247216310352087 
v -0.1928124725818634 -0.9694803357124329 -0.0017247216310352087 
v -0.09686022251844406 -0.9837443232536316 -0.0017247216310352087 
v -0.000008978900041256566 -0.9884790182113647 -0.0017247216310352087 
v 0.09690219908952713 -0.9837443232536316 -0.0017247216310352087 
v 0.19285444915294647 -0.9694803357124329 -0.0017247216310352087 
v 0.2869488000869751 -0.9459267854690552 -0.0017247216310352087 
v 0.378286212682724 -0.9132634401321411 -0.0017247216310352087 
v 0.4659677743911743 -0.8717300891876221 -0.0017247216310352087 
v 0.5491543412208557 -0.8218660950660706 -0.0017247216310352087 
v 0.6270668506622314 -0.7640909552574158 -0.0017247216310352087 
v 0.6989861130714417 -0.6989441514015198 -0.0017247216310352087 
v 0.7641329169273376 -0.6270847916603088 -0.0017247216310352087 
v 0.8219080567359924 -0.5491722822189331 -0.0017247216310352087 
v 0.871772050857544 -0.4659857153892517 -0.0017247216310352087 
v 0.8659586310386658 -0.46286922693252563 -0.005735310260206461 
v 0.8164541721343994 -0.5455164313316345 -0.005735310260206461 
v 0.7590386867523193 -0.622889518737793 -0.005735310260206461 
v 0.6943113803863525 -0.6943293213844299 -0.005735310260206461 
v 0.6229314804077148 -0.7589966654777527 -0.005735310260206461 
v 0.5454984307289124 -0.8164122104644775 -0.005735310260206461 
v 0.46285125613212585 -0.8659765720367432 -0.005735310260206461 
v 0.3757690489292145 -0.9071503281593323 -0.005735310260206461 
v 0.28503093123435974 -0.939633846282959 -0.005735310260206461 
v 0.19153593480587006 -0.9630675315856934 -0.005735310260206461 
v 0.09624293446540833 -0.9771516919136047 -0.005735310260206461 
v -0.000008978900041256566 -0.9818863868713379 -0.005735310260206461 
v -0.09626089781522751 -0.9771516919136047 -0.005735310260206461 
v -0.19155389070510864 -0.9630675315856934 -0.005735310260206461 
v -0.2850489020347595 -0.939633846282959 -0.005735310260206461 
v -0.37578701972961426 -0.9071503281593323 -0.005735310260206461 
v -0.46286922693252563 -0.8659765720367432 -0.005735310260206461 
v -0.5455164313316345 -0.8164122104644775 -0.005735310260206461 
v -0.622889518737793 -0.7589966654777527 -0.005735310260206461 
v -0.6943293213844299 -0.6943293213844299 -0.005735310260206461 
v -0.7589966654777527 -0.622889518737793 -0.005735310260206461 
v -0.8164122104644775 -0.5455164313316345 -0.005735310260206461 
v -0.8659765720367432 -0.46286922693252563 -0.005735310260206461 
v -0.9071503281593323 -0.37578701972961426 -0.005735310260206461 
v -0.939633846282959 -0.2850489020347595 -0.005735310260206461 
v -0.9630675315856934 -0.19155389070510864 -0.005735310260206461 
v -0.9771516919136047 -0.09626089781522751 -0.005735310260206461 
v -0.9818863868713379 -0.000008978900041256566 -0.005735310260206461 
v -0.9771516919136047 0.09624293446540833 -0.005735310260206461 
v -0.9630675315856934 0.19153593480587006 -0.005735310260206461 
v -0.939633846282959 0.28503093123435974 -0.005735310260206461 
v -0.9071503281593323 0.3757690489292145 -0.005735310260206461 
v -0.8659765720367432 0.46285125613212585 -0.005735310260206461 
v -0.8164122104644775 0.5454984307289124 -0.005735310260206461 
v -0.7589966654777527 0.6229314804077148 -0.005735310260206461 
v -0.6943293213844299 0.6943113803863525 -0.005735310260206461 
v -0.622889518737793 0.7590386867523193 -0.005735310260206461 
v -0.5455164313316345 0.8164541721343994 -0.005735310260206461 
v -0.46286922693252563 0.8659586310386658 -0.005735310260206461 
v -0.37578701972961426 0.9071922898292542 -0.005735310260206461 
v -0.2850489020347595 0.9396159052848816 -0.005735310260206461 
v -0.19155389070510864 0.963049590587616 -0.005735310260206461 
v -0.09626089781522751 0.9771937131881714 -0.005735310260206461 
v -0.000008978900041256566 0.9819283485412598 -0.005735310260206461 
v 0.09624293446540833 0.9771937131881714 -0.005735310260206461 
v 0.19153593480587006 0.963049590587616 -0.005735310260206461 
v 0.28503093123435974 0.9396159052848816 -0.005735310260206461 
v 0.3757690489292145 0.9071922898292542 -0.005735310260206461 
v 0.46285125613212585 0.8659586310386658 -0.005735310260206461 
v 0.5454984307289124 0.8164541721343994 -0.005735310260206461 
v 0.6229314804077148 0.7590386867523193 -0.005735310260206461 
v 0.6943113803863525 0.6943113803863525 -0.005735310260206461 
v 0.7590386867523193 0.6229314804077148 -0.005735310260206461 
v 0.8164541721343994 0.5454984307289124 -0.005735310260206461 
v 0.8659586310386658 0.46285125613212585 -0.005735310260206461 
v 0.9071922898292542 0.3757690489292145 -0.005735310260206461 
v 0.9396159052848816 0.28503093123435974 -0.005735310260206461 
v 0.963049590587616 0.19153593480587006 -0.005735310260206461 
v 0.9771937131881714 0.09624293446540833 -0.005735310260206461 
v 0.9819283485412598 -0.000008978900041256566 -0.005735310260206461 
v 0.9771937131881714 -0.09626089781522751 -0.005735310260206461 
v 0.963049590587616 -0.19155389070510864 -0.005735310260206461 
v 0.9396159052848816 -0.2850489020347595 -0.005735310260206461 
v 0.9071922898292542 -0.37578701972961426 -0.005735310260206461 
v 0.520566463470459 -0.10357268154621124 0.1607041209936142 
v 0.5405240654945374 -0.16398485004901886 0.14090928435325623 
v 0.5079206824302673 -0.15409594774246216 0.1607041209936142 
v 0.5218849778175354 -0.21618622541427612 0.14090928435325623 
v 0.4903603792190552 -0.2031209021806717 0.1607041209936142 
v 0.49815163016319275 -0.26628997921943665 0.14090928435325623 
v 0.4681253433227539 -0.25022798776626587 0.1607041209936142 
v 0.46968358755111694 -0.3138166069984436 0.14090928435325623 
v 0.44133540987968445 -0.2948778569698334 0.1607041209936142 
v 0.43666067719459534 -0.3583465814590454 0.14090928435325623 
v 0.41029027104377747 -0.3367109000682831 0.1607041209936142 
v 0.3994424641132355 -0.3994005024433136 0.14090928435325623 
v 0.37528958916664124 -0.375307559967041 0.1607041209936142 
v 0.358328640460968 -0.43667861819267273 0.14090928435325623 
v 0.3366929292678833 -0.41030824184417725 0.1607041209936142 
v 0.3137986361980438 -0.46964162588119507 0.14090928435325623 
v 0.294859915971756 -0.4412934482097626 0.1607041209936142 
v 0.26627200841903687 -0.49816957116127014 0.14090928435325623 
v 0.2502100467681885 -0.46808335185050964 0.1607041209936142 
v 0.21616826951503754 -0.5218430161476135 0.14090928435325623 
v 0.2031029462814331 -0.49037832021713257 0.1607041209936142 
v 0.16396689414978027 -0.5405420064926147 0.14090928435325623 
v 0.15407799184322357 -0.5079386234283447 0.1607041209936142 
v 0.11020725965499878 -0.5540268421173096 0.14090928435325623 
v 0.10355472564697266 -0.5205844044685364 0.1607041209936142 
v 0.05536883696913719 -0.5621777176856995 0.14090928435325623 
v 0.0520126037299633 -0.528195858001709 0.1607041209936142 
v -0.000008978900041256566 -0.5648746490478516 0.14090928435325623 
v -0.000008978900041256566 -0.5307729840278625 0.1607041209936142 
v -0.05538679286837578 -0.5621777176856995 0.14090928435325623 
v -0.05203056335449219 -0.528195858001709 0.1607041209936142 
v -0.11022521555423737 -0.5540268421173096 0.14090928435325623 
v -0.10357268154621124 -0.5205844044685364 0.1607041209936142 
v -0.16398485004901886 -0.5405420064926147 0.14090928435325623 
v -0.15409594774246216 -0.5079386234283447 0.1607041209936142 
v -0.21618622541427612 -0.5218430161476135 0.14090928435325623 
v -0.2031209021806717 -0.49037832021713257 0.1607041209936142 
v -0.26628997921943665 -0.49816957116127014 0.14090928435325623 
v -0.25022798776626587 -0.46808335185050964 0.1607041209936142 
v -0.3138166069984436 -0.46964162588119507 0.14090928435325623 
v -0.2948778569698334 -0.4412934482097626 0.1607041209936142 
v -0.3583465814590454 -0.43667861819267273 0.14090928435325623 
v -0.3367109000682831 -0.41030824184417725 0.1607041209936142 
v -0.3994005024433136 -0.3994005024433136 0.14090928435325623 
v -0.375307559967041 -0.375307559967041 0.1607041209936142 
v -0.43667861819267273 -0.3583465814590454 0.14090928435325623 
v -0.41030824184417725 -0.3367109000682831 0.1607041209936142 
v -0.46964162588119507 -0.3138166069984436 0.14090928435325623 
v -0.4412934482097626 -0.2948778569698334 0.1607041209936142 
v -0.49816957116127014 -0.26628997921943665 0.14090928435325623 
v -0.46808335185050964 -0.25022798776626587 0.1607041209936142 
v -0.5218430161476135 -0.21618622541427612 0.14090928435325623 
v -0.49037832021713257 -0.2031209021806717 0.1607041209936142 
v -0.5405420064926147 -0.16398485004901886 0.14090928435325623 
v -0.5079386234283447 -0.15409594774246216 0.1607041209936142 
v -0.5540268421173096 -0.11022521555423737 0.14090928435325623 
v -0.5205844044685364 -0.10357268154621124 0.1607041209936142 
v -0.5621777176856995 -0.05538679286837578 0.14090928435325623 
v -0.528195858001709 -0.05203056335449219 0.1607041209936142 
v -0.5648746490478516 -0.000008978900041256566 0.14090928435325623 
v -0.5307729840278625 -0.000008978900041256566 0.1607041209936142 
v -0.5621777176856995 0.05536883696913719 0.14090928435325623 
v -0.528195858001709 0.0520126037299633 0.1607041209936142 
v -0.5540268421173096 0.11020725965499878 0.14090928435325623 
v -0.5205844044685364 0.10355472564697266 0.1607041209936142 
v -0.5405420064926147 0.16396689414978027 0.14090928435325623 
v -0.5079386234283447 0.15407799184322357 0.1607041209936142 
v -0.5218430161476135 0.21616826951503754 0.14090928435325623 
v -0.49037832021713257 0.2031029462814331 0.1607041209936142 
v -0.49816957116127014 0.26627200841903687 0.14090928435325623 
v -0.46808335185050964 0.2502100467681885 0.1607041209936142 
v -0.46964162588119507 0.3137986361980438 0.14090928435325623 
v -0.4412934482097626 0.294859915971756 0.1607041209936142 
v -0.43667861819267273 0.358328640460968 0.14090928435325623 
v -0.41030824184417725 0.3366929292678833 0.1607041209936142 
v -0.3994005024433136 0.3994424641132355 0.14090928435325623 
v -0.375307559967041 0.37528958916664124 0.1607041209936142 
v -0.3583465814590454 0.43666067719459534 0.14090928435325623 
v -0.3367109000682831 0.41029027104377747 0.1607041209936142 
v -0.3138166069984436 0.46968358755111694 0.14090928435325623 
v -0.2948778569698334 0.44133540987968445 0.1607041209936142 
v -0.26628997921943665 0.49815163016319275 0.14090928435325623 
v -0.25022798776626587 0.4681253433227539 0.1607041209936142 
v -0.21618622541427612 0.5218849778175354 0.14090928435325623 
v -0.2031209021806717 0.4903603792190552 0.1607041209936142 
v -0.16398485004901886 0.5405240654945374 0.14090928435325623 
v -0.15409594774246216 0.5079206824302673 0.1607041209936142 
v -0.11022521555423737 0.5540089011192322 0.14090928435325623 
v -0.10357268154621124 0.520566463470459 0.1607041209936142 
v -0.05538679286837578 0.5621597766876221 0.14090928435325623 
v -0.05203056335449219 0.5282378196716309 0.1607041209936142 
v -0.000008978900041256566 0.5648567080497742 0.14090928435325623 
v -0.000008978900041256566 0.5307549834251404 0.1607041209936142 
v 0.05536883696913719 0.5621597766876221 0.14090928435325623 
v 0.0520126037299633 0.5282378196716309 0.1607041209936142 
v 0.11020725965499878 0.5540089011192322 0.14090928435325623 
v 0.10355472564697266 0.520566463470459 0.1607041209936142 
v 0.16396689414978027 0.5405240654945374 0.14090928435325623 
v 0.15407799184322357 0.5079206824302673 0.1607041209936142 
v 0.21616826951503754 0.5218849778175354 0.14090928435325623 
v 0.2031029462814331 0.4903603792190552 0.1607041209936142 
v 0.26627200841903687 0.49815163016319275 0.14090928435325623 
v 0.2502100467681885 0.4681253433227539 0.1607041209936142 
v 0.3137986361980438 0.46968358755111694 0.14090928435325623 
v 0.294859915971756 0.44133540987968445 0.1607041209936142 
v 0.358328640460968 0.43666067719459534 0.14090928435325623 
v 0.3366929292678833 0.41029027104377747 0.1607041209936142 
v 0.3994424641132355 0.3994424641132355 0.14090928435325623 
v 0.37528958916664124 0.37528958916664124 0.1607041209936142 
v 0.43666067719459534 0.358328640460968 0.14090928435325623 
v 0.41029027104377747 0.3366929292678833 0.1607041209936142 
v 0.46968358755111694 0.3137986361980438 0.14090928435325623 
v 0.44133540987968445 0.294859915971756 0.1607041209936142 
v 0.49815163016319275 0.26627200841903687 0.14090928435325623 
v 0.4681253433227539 0.2502100467681885 0.1607041209936142 
v 0.5218849778175354 0.21616826951503754 0.14090928435325623 
v 0.4903603792190552 0.2031029462814331 0.1607041209936142 
v 0.5405240654945374 0.16396689414978027 0.14090928435325623 
v 0.5079206824302673 0.15407799184322357 0.1607041209936142 
v 0.5540089011192322 0.11020725965499878 0.14090928435325623 
v 0.520566463470459 0.10355472564697266 0.1607041209936142 
v 0.5621597766876221 0.05536883696913719 0.14090928435325623 
v 0.5282378196716309 0.0520126037299633 0.1607041209936142 
v 0.5648567080497742 -0.000008978900041256566 0.14090928435325623 
v 0.5307549834251404 -0.000008978900041256566 0.1607041209936142 
v 0.5621597766876221 -0.05538679286837578 0.14090928435325623 
v 0.5282378196716309 -0.05203056335449219 0.1607041209936142 
v 0.5540089011192322 -0.11022521555423737 0.14090928435325623 
vn 0.000000 0.000000 -1.000000
vn -0.533873 -0.653876 -0.536122
vn -0.595560 -0.598232 -0.536122
vn -0.630897 -0.772097 0.076390
vn -0.551984 -0.830348 0.076390
vn -0.467014 -0.703186 -0.536122
vn -0.467730 -0.880565 0.076390
vn -0.395633 -0.745686 -0.536122
vn -0.378949 -0.922259 0.076390
vn -0.320419 -0.780964 -0.536122
vn -0.436905 -0.822145 0.364954
vn -0.514698 -0.775819 0.364954
vn -0.593458 -0.717368 0.364954
vn -0.660333 -0.656330 0.364954
vn -0.703705 -0.706374 0.076390
vn -0.720963 -0.589085 0.364954
vn -0.769703 -0.633815 0.076390
vn -0.774774 -0.516269 0.364954
vn -0.828253 -0.555123 0.076390
vn -0.821258 -0.438570 0.364954
vn -0.651480 -0.536794 -0.536122
vn -0.701089 -0.470157 -0.536122
vn -0.743908 -0.398966 -0.536122
vn -0.878788 -0.471059 0.076390
vn -0.859975 -0.356724 0.364954
vn -0.920819 -0.382437 0.076390
vn -0.890559 -0.271504 0.364954
vn -0.779522 -0.323911 -0.536122
vn -0.807586 -0.245719 -0.536122
vn -0.953939 -0.290114 0.076390
vn -0.912720 -0.183716 0.364954
vn -0.977827 -0.194983 0.076390
vn -0.926249 -0.094190 0.364954
vn -0.992254 -0.097965 0.076390
vn -0.931018 -0.003774 0.364954
vn -0.997078 0.000000 0.076390
vn -0.926249 0.094190 0.364954
vn -0.827828 -0.165147 -0.536122
vn -0.840053 -0.082975 -0.536122
vn -0.844141 0.000000 -0.536122
vn -0.840053 0.082975 -0.536122
vn -0.992254 0.097965 0.076390
vn -0.912720 0.183716 0.364954
vn -0.977827 0.194983 0.076390
vn -0.890559 0.271504 0.364954
vn -0.827828 0.165147 -0.536122
vn -0.807586 0.245719 -0.536122
vn -0.953939 0.290114 0.076390
vn -0.859975 0.356724 0.364954
vn -0.920819 0.382437 0.076390
vn -0.821258 0.438570 0.364954
vn -0.779522 0.323911 -0.536122
vn -0.743908 0.398966 -0.536122
vn -0.878788 0.471059 0.076390
vn -0.774774 0.516269 0.364954
vn -0.828253 0.555123 0.076390
vn -0.720963 0.589085 0.364954
vn -0.769703 0.633815 0.076390
vn -0.660333 0.656330 0.364954
vn -0.703705 0.706374 0.076390
vn -0.593458 0.717368 0.364954
vn -0.701089 0.470157 -0.536122
vn -0.651480 0.536794 -0.536122
vn -0.595560 0.598232 -0.536122
vn -0.533873 0.653876 -0.536122
vn -0.630897 0.772097 0.076390
vn -0.514698 0.775819 0.364954
vn -0.551984 0.830348 0.076390
vn -0.436905 0.822145 0.364954
vn -0.467014 0.703186 -0.536122
vn -0.395633 0.745686 -0.536122
vn -0.467730 0.880565 0.076390
vn -0.354980 0.860696 0.364954
vn -0.378949 0.922259 0.076390
vn -0.269698 0.891107 0.364954
vn -0.320419 0.780964 -0.536122
vn -0.242102 0.808678 -0.536122
vn -0.286501 0.955030 0.076390
vn -0.181865 0.913090 0.364954
vn -0.191280 0.978558 0.076390
vn -0.092313 0.926438 0.364954
vn -0.094209 0.992617 0.076390
vn -0.001887 0.931024 0.364954
vn -0.003774 0.997071 0.076390
vn 0.088557 0.926805 0.364954
vn -0.161440 0.828559 -0.536122
vn -0.079215 0.840416 -0.536122
vn -0.003778 0.844132 -0.536122
vn 0.079215 0.840416 -0.536122
vn 0.094209 0.992617 0.076390
vn 0.178163 0.913820 0.364954
vn 0.191280 0.978558 0.076390
vn 0.273308 0.890007 0.364954
vn 0.161440 0.828559 -0.536122
vn 0.242102 0.808678 -0.536122
vn 0.286501 0.955030 0.076390
vn 0.358466 0.859250 0.364954
vn 0.378949 0.922259 0.076390
vn 0.440234 0.820368 0.364954
vn 0.320419 0.780964 -0.536122
vn 0.395633 0.745686 -0.536122
vn 0.467730 0.880565 0.076390
vn 0.517838 0.773726 0.364954
vn 0.551984 0.830348 0.076390
vn 0.590545 0.719767 0.364954
vn 0.630897 0.772097 0.076390
vn 0.657667 0.659001 0.364954
vn 0.703705 0.706374 0.076390
vn 0.718569 0.592003 0.364954
vn 0.467014 0.703186 -0.536122
vn 0.533873 0.653876 -0.536122
vn 0.595560 0.598232 -0.536122
vn 0.651480 0.536794 -0.536122
vn 0.769703 0.633815 0.076390
vn 0.772675 0.519406 0.364954
vn 0.828253 0.555123 0.076390
vn 0.819474 0.441896 0.364954
vn 0.701089 0.470157 -0.536122
vn 0.743908 0.398966 -0.536122
vn 0.878788 0.471059 0.076390
vn 0.861414 0.353235 0.364954
vn 0.920819 0.382437 0.076390
vn 0.891652 0.267892 0.364954
vn 0.779522 0.323911 -0.536122
vn 0.807586 0.245719 -0.536122
vn 0.953939 0.290114 0.076390
vn 0.913457 0.180014 0.364954
vn 0.977827 0.194983 0.076390
vn 0.926623 0.090435 0.364954
vn 0.992254 0.097965 0.076390
vn 0.931026 0.000000 0.364954
vn 0.997078 0.000000 0.076390
vn 0.926623 -0.090435 0.364954
vn 0.827828 0.165147 -0.536122
vn 0.840053 0.082975 -0.536122
vn 0.844141 0.000000 -0.536122
vn 0.840053 -0.082975 -0.536122
vn 0.992254 -0.097965 0.076390
vn 0.913457 -0.180014 0.364954
vn 0.977827 -0.194983 0.076390
vn 0.891652 -0.267892 0.364954
vn 0.827828 -0.165147 -0.536122
vn 0.807586 -0.245719 -0.536122
vn 0.953939 -0.290114 0.076390
vn 0.861414 -0.353235 0.364954
vn 0.920819 -0.382437 0.076390
vn 0.819474 -0.441896 0.364954
vn 0.779522 -0.323911 -0.536122
vn 0.743908 -0.398966 -0.536122
vn 0.878788 -0.471059 0.076390
vn 0.772675 -0.519406 0.364954
vn 0.828253 -0.555123 0.076390
vn 0.718569 -0.592003 0.364954
vn 0.769703 -0.633815 0.076390
vn 0.657667 -0.659001 0.364954
vn 0.703705 -0.706374 0.076390
vn 0.590545 -0.719767 0.364954
vn 0.701089 -0.470157 -0.536122
vn 0.651480 -0.536794 -0.536122
vn 0.595560 -0.598232 -0.536122
vn 0.533873 -0.653876 -0.536122
vn 0.630897 -0.772097 0.076390
vn 0.517838 -0.773726 0.364954
vn 0.551984 -0.830348 0.076390
vn 0.440234 -0.820368 0.364954
vn 0.467014 -0.703186 -0.536122
vn 0.395633 -0.745686 -0.536122
vn 0.467730 -0.880565 0.076390
vn 0.358466 -0.859250 0.364954
vn 0.378949 -0.922259 0.076390
vn 0.273308 -0.890007 0.364954
vn 0.320419 -0.780964 -0.536122
vn 0.242102 -0.808678 -0.536122
vn 0.286501 -0.955030 0.076390
vn 0.178163 -0.913820 0.364954
vn 0.191280 -0.978558 0.076390
vn 0.088557 -0.926805 0.364954
vn 0.094209 -0.992617 0.076390
vn -0.001887 -0.931024 0.364954
vn 0.003774 -0.997071 0.076390
vn -0.092313 -0.926438 0.364954
vn 0.161440 -0.828559 -0.536122
vn 0.079215 -0.840416 -0.536122
vn 0.003778 -0.844132 -0.536122
vn -0.079215 -0.840416 -0.536122
vn -0.094209 -0.992617 0.076390
vn -0.181865 -0.913090 0.364954
vn -0.191280 -0.978558 0.076390
vn -0.269698 -0.891107 0.364954
vn -0.161440 -0.828559 -0.536122
vn -0.242102 -0.808678 -0.536122
vn -0.286501 -0.955030 0.076390
vn -0.354980 -0.860696 0.364954
vn 0.491011 -0.097668 -0.865661
vn 0.480157 -0.141703 -0.865661
vn 0.688518 -0.135268 -0.712493
vn 0.672181 -0.201311 -0.712493
vn 0.771627 -0.150117 -0.618107
vn 0.751487 -0.230674 -0.618107
vn 0.649526 -0.265461 -0.712493
vn 0.725894 -0.301697 -0.618107
vn 0.617203 -0.333787 -0.712493
vn 0.693607 -0.369938 -0.618107
vn 0.581977 -0.391991 -0.712493
vn 0.654922 -0.434766 -0.618107
vn 0.416259 -0.278135 -0.865661
vn 0.443286 -0.232655 -0.865661
vn 0.462522 -0.191583 -0.865661
vn 0.281004 -0.082152 -0.956184
vn 0.085951 -0.015155 -0.996184
vn 0.286525 -0.060129 -0.956184
vn 0.086945 -0.007607 -0.996184
vn 0.084303 -0.022589 -0.996184
vn 0.271021 -0.110724 -0.956184
vn 0.079100 -0.036885 -0.996184
vn 0.258141 -0.138113 -0.956184
vn 0.075584 -0.043638 -0.996184
vn 0.242502 -0.164027 -0.956184
vn 0.071493 -0.050060 -0.996184
vn 0.224272 -0.188187 -0.956184
vn 0.066858 -0.056100 -0.996184
vn 0.209015 -0.205000 -0.956184
vn 0.061714 -0.061714 -0.996184
vn 0.186733 -0.225484 -0.956184
vn 0.056100 -0.066858 -0.996184
vn 0.162456 -0.243558 -0.956184
vn 0.050060 -0.071493 -0.996184
vn 0.136442 -0.259028 -0.956184
vn 0.043638 -0.075584 -0.996184
vn 0.108970 -0.271731 -0.956184
vn 0.029850 -0.082013 -0.996184
vn 0.087585 -0.279358 -0.956184
vn 0.022589 -0.084303 -0.996184
vn 0.058275 -0.286908 -0.956184
vn 0.015155 -0.085951 -0.996184
vn 0.028343 -0.291391 -0.956184
vn 0.007607 -0.086945 -0.996184
vn -0.001892 -0.292760 -0.956184
vn 0.000000 -0.087277 -0.996184
vn -0.032108 -0.291000 -0.956184
vn -0.007607 -0.086945 -0.996184
vn -0.054561 -0.287637 -0.956184
vn -0.015155 -0.085951 -0.996184
vn -0.083966 -0.280467 -0.956184
vn -0.022589 -0.084303 -0.996184
vn -0.112474 -0.270299 -0.956184
vn -0.036885 -0.079100 -0.996184
vn -0.139779 -0.257243 -0.956184
vn -0.043638 -0.075584 -0.996184
vn -0.165591 -0.241437 -0.956184
vn -0.050060 -0.071493 -0.996184
vn -0.183802 -0.227879 -0.956184
vn -0.056100 -0.066858 -0.996184
vn -0.206347 -0.207685 -0.956184
vn -0.061714 -0.061714 -0.996184
vn -0.226686 -0.185271 -0.956184
vn -0.066858 -0.056100 -0.996184
vn -0.244603 -0.160878 -0.956184
vn -0.071493 -0.050060 -0.996184
vn -0.259905 -0.134765 -0.956184
vn -0.075584 -0.043638 -0.996184
vn -0.269567 -0.114219 -0.956184
vn -0.079100 -0.036885 -0.996184
vn -0.279918 -0.085778 -0.956184
vn -0.084303 -0.022589 -0.996184
vn -0.287279 -0.056420 -0.956184
vn -0.085951 -0.015155 -0.996184
vn -0.291568 -0.026459 -0.956184
vn -0.086945 -0.007607 -0.996184
vn -0.292742 -0.003785 -0.956184
vn -0.087277 0.000000 -0.996184
vn -0.291568 0.026459 -0.956184
vn -0.086945 0.007607 -0.996184
vn -0.287279 0.056420 -0.956184
vn -0.085951 0.015155 -0.996184
vn -0.279918 0.085778 -0.956184
vn -0.084303 0.022589 -0.996184
vn -0.269567 0.114219 -0.956184
vn -0.082013 0.029850 -0.996184
vn -0.259905 0.134765 -0.956184
vn -0.075584 0.043638 -0.996184
vn -0.244603 0.160878 -0.956184
vn -0.071493 0.050060 -0.996184
vn -0.226686 0.185271 -0.956184
vn -0.066858 0.056100 -0.996184
vn -0.206347 0.207685 -0.956184
vn -0.061714 0.061714 -0.996184
vn -0.183802 0.227879 -0.956184
vn -0.056100 0.066858 -0.996184
vn -0.165591 0.241437 -0.956184
vn -0.050060 0.071493 -0.996184
vn -0.139779 0.257243 -0.956184
vn -0.043638 0.075584 -0.996184
vn -0.112474 0.270299 -0.956184
vn -0.029850 0.082013 -0.996184
vn -0.083966 0.280467 -0.956184
vn -0.022589 0.084303 -0.996184
vn -0.054561 0.287637 -0.956184
vn -0.015155 0.085951 -0.996184
vn -0.032108 0.291000 -0.956184
vn -0.007607 0.086945 -0.996184
vn -0.001892 0.292760 -0.956184
vn 0.000000 0.087277 -0.996184
vn 0.028343 0.291391 -0.956184
vn 0.007607 0.086945 -0.996184
vn 0.058275 0.286908 -0.956184
vn 0.015155 0.085951 -0.996184
vn 0.087585 0.279358 -0.956184
vn 0.022589 0.084303 -0.996184
vn 0.108970 0.271731 -0.956184
vn 0.036885 0.079100 -0.996184
vn 0.136442 0.259028 -0.956184
vn 0.043638 0.075584 -0.996184
vn 0.162456 0.243558 -0.956184
vn 0.050060 0.071493 -0.996184
vn 0.186733 0.225484 -0.956184
vn 0.056100 0.066858 -0.996184
vn 0.209015 0.205000 -0.956184
vn 0.061714 0.061714 -0.996184
vn 0.224272 0.188187 -0.956184
vn 0.066858 0.056100 -0.996184
vn 0.242502 0.164027 -0.956184
vn 0.071493 0.050060 -0.996184
vn 0.258141 0.138113 -0.956184
vn 0.075584 0.043638 -0.996184
vn 0.271021 0.110724 -0.956184
vn 0.082013 0.029850 -0.996184
vn 0.281004 0.082152 -0.956184
vn 0.084303 0.022589 -0.996184
vn 0.286525 0.060129 -0.956184
vn 0.085951 0.015155 -0.996184
vn 0.291202 0.030226 -0.956184
vn 0.086945 0.007607 -0.996184
vn 0.087277 0.000000 -0.996184
vn 0.292766 0.000000 -0.956184
vn 0.640693 0.060374 -0.765420
vn 0.630748 0.127631 -0.765420
vn 0.615992 0.186242 -0.765420
vn 0.595803 0.243211 -0.765420
vn 0.566819 0.304712 -0.765420
vn 0.535732 0.356544 -0.765420
vn 0.495126 0.411075 -0.765420
vn 0.454377 0.455713 -0.765420
vn 0.409620 0.496331 -0.765420
vn 0.354970 0.536776 -0.765420
vn 0.303046 0.567711 -0.765420
vn 0.248449 0.593637 -0.765420
vn 0.184433 0.616536 -0.765420
vn 0.125778 0.631120 -0.765420
vn 0.066014 0.640136 -0.765420
vn -0.001889 0.643528 -0.765420
vn -0.062254 0.640513 -0.765420
vn -0.122070 0.631847 -0.765420
vn -0.188050 0.615443 -0.765420
vn -0.244959 0.595086 -0.765420
vn -0.306374 0.565921 -0.765420
vn -0.358116 0.534683 -0.765420
vn -0.406698 0.498727 -0.765420
vn -0.457045 0.453037 -0.765420
vn -0.497531 0.408161 -0.765420
vn -0.533629 0.359684 -0.765420
vn -0.568598 0.301378 -0.765420
vn -0.594364 0.246705 -0.765420
vn -0.614888 0.189856 -0.765420
vn -0.631486 0.123925 -0.765420
vn -0.640327 0.064135 -0.765420
vn -0.643520 0.003779 -0.765420
vn -0.640327 -0.064135 -0.765420
vn -0.631486 -0.123925 -0.765420
vn -0.614888 -0.189856 -0.765420
vn -0.594364 -0.246705 -0.765420
vn -0.568598 -0.301378 -0.765420
vn -0.533629 -0.359684 -0.765420
vn -0.497531 -0.408161 -0.765420
vn -0.457045 -0.453037 -0.765420
vn -0.406698 -0.498727 -0.765420
vn -0.358116 -0.534683 -0.765420
vn -0.306374 -0.565921 -0.765420
vn -0.244959 -0.595086 -0.765420
vn -0.188050 -0.615443 -0.765420
vn -0.122070 -0.631847 -0.765420
vn -0.062254 -0.640513 -0.765420
vn -0.001889 -0.643528 -0.765420
vn 0.066014 -0.640136 -0.765420
vn 0.125778 -0.631120 -0.765420
vn 0.184433 -0.616536 -0.765420
vn 0.248449 -0.593637 -0.765420
vn 0.303046 -0.567711 -0.765420
vn 0.354970 -0.536776 -0.765420
vn 0.409620 -0.496331 -0.765420
vn 0.454377 -0.455713 -0.765420
vn 0.495126 -0.411075 -0.765420
vn 0.535732 -0.356544 -0.765420
vn 0.566819 -0.304712 -0.765420
vn 0.595803 -0.243211 -0.765420
vn 0.615992 -0.186242 -0.765420
vn 0.630748 -0.127631 -0.765420
vn 0.291202 -0.030226 -0.956184
vn 0.640693 -0.060374 -0.765420
vn 0.643531 0.000000 -0.765420
vn 0.894908 0.090513 -0.436974
vn 0.882739 0.172699 -0.436974
vn 0.860880 0.260652 -0.436974
vn 0.830281 0.345958 -0.436974
vn 0.794818 0.421091 -0.436974
vn 0.748410 0.498935 -0.436974
vn 0.694403 0.571715 -0.436974
vn 0.633347 0.638690 -0.436974
vn 0.571715 0.694403 -0.436974
vn 0.498935 0.748410 -0.436974
vn 0.421091 0.794818 -0.436974
vn 0.345958 0.830281 -0.436974
vn 0.260652 0.860880 -0.436974
vn 0.172699 0.882739 -0.436974
vn 0.090513 0.894908 -0.436974
vn 0.000000 0.899474 -0.436974
vn -0.090513 0.894908 -0.436974
vn -0.172699 0.882739 -0.436974
vn -0.260652 0.860880 -0.436974
vn -0.345958 0.830281 -0.436974
vn -0.421091 0.794818 -0.436974
vn -0.498935 0.748410 -0.436974
vn -0.571715 0.694403 -0.436974
vn -0.638690 0.633347 -0.436974
vn -0.694403 0.571715 -0.436974
vn -0.748410 0.498935 -0.436974
vn -0.794818 0.421091 -0.436974
vn -0.830281 0.345958 -0.436974
vn -0.860880 0.260652 -0.436974
vn -0.882739 0.172699 -0.436974
vn -0.894908 0.090513 -0.436974
vn -0.899474 0.000000 -0.436974
vn -0.894908 -0.090513 -0.436974
vn -0.882739 -0.172699 -0.436974
vn -0.860880 -0.260652 -0.436974
vn -0.830281 -0.345958 -0.436974
vn -0.794818 -0.421091 -0.436974
vn -0.748410 -0.498935 -0.436974
vn -0.694403 -0.571715 -0.436974
vn -0.638690 -0.633347 -0.436974
vn -0.571715 -0.694403 -0.436974
vn -0.498935 -0.748410 -0.436974
vn -0.421091 -0.794818 -0.436974
vn -0.345958 -0.830281 -0.436974
vn -0.260652 -0.860880 -0.436974
vn -0.172699 -0.882739 -0.436974
vn -0.090513 -0.894908 -0.436974
vn 0.000000 -0.899474 -0.436974
vn 0.090513 -0.894908 -0.436974
vn 0.172699 -0.882739 -0.436974
vn 0.260652 -0.860880 -0.436974
vn 0.345958 -0.830281 -0.436974
vn 0.421091 -0.794818 -0.436974
vn 0.498935 -0.748410 -0.436974
vn 0.571715 -0.694403 -0.436974
vn 0.633347 -0.638690 -0.436974
vn 0.694403 -0.571715 -0.436974
vn 0.748410 -0.498935 -0.436974
vn 0.794818 -0.421091 -0.436974
vn 0.830281 -0.345958 -0.436974
vn 0.860880 -0.260652 -0.436974
vn 0.882739 -0.172699 -0.436974
vn 0.894908 -0.090513 -0.436974
vn 0.899474 0.000000 -0.436974
vn 0.972802 0.000000 -0.231639
vn 0.967848 -0.098053 -0.231639
vn 0.954522 -0.187700 -0.231639
vn 0.930742 -0.282954 -0.231639
vn 0.897482 -0.375327 -0.231639
vn 0.858657 -0.457222 -0.231639
vn 0.808199 -0.541441 -0.231639
vn 0.754302 -0.614306 -0.231639
vn 0.688542 -0.687207 -0.231639
vn 0.615769 -0.753108 -0.231639
vn 0.543009 -0.807146 -0.231639
vn 0.458888 -0.857768 -0.231639
vn 0.370093 -0.899653 -0.231639
vn 0.284761 -0.930191 -0.231639
vn 0.189553 -0.954156 -0.231639
vn 0.092414 -0.968402 -0.231639
vn 0.001889 -0.972800 -0.231639
vn -0.096174 -0.968036 -0.231639
vn -0.193257 -0.953412 -0.231639
vn -0.281147 -0.931289 -0.231639
vn -0.373584 -0.898209 -0.231639
vn -0.455553 -0.859543 -0.231639
vn -0.539871 -0.809248 -0.231639
vn -0.618689 -0.750711 -0.231639
vn -0.685868 -0.689875 -0.231639
vn -0.751911 -0.617230 -0.231639
vn -0.810295 -0.538298 -0.231639
vn -0.856875 -0.460553 -0.231639
vn -0.898932 -0.371839 -0.231639
vn -0.931834 -0.279338 -0.231639
vn -0.953786 -0.191405 -0.231639
vn -0.968221 -0.094294 -0.231639
vn -0.972794 0.003778 -0.231639
vn -0.968221 0.094294 -0.231639
vn -0.953786 0.191405 -0.231639
vn -0.931834 0.279338 -0.231639
vn -0.898932 0.371839 -0.231639
vn -0.856875 0.460553 -0.231639
vn -0.810295 0.538298 -0.231639
vn -0.751911 0.617230 -0.231639
vn -0.685868 0.689875 -0.231639
vn -0.618689 0.750711 -0.231639
vn -0.539871 0.809248 -0.231639
vn -0.455553 0.859543 -0.231639
vn -0.373584 0.898209 -0.231639
vn -0.281147 0.931289 -0.231639
vn -0.193257 0.953412 -0.231639
vn -0.096174 0.968036 -0.231639
vn 0.001889 0.972800 -0.231639
vn 0.092414 0.968402 -0.231639
vn 0.189553 0.954156 -0.231639
vn 0.284761 0.930191 -0.231639
vn 0.370093 0.899653 -0.231639
vn 0.458888 0.857768 -0.231639
vn 0.543009 0.807146 -0.231639
vn 0.615769 0.753108 -0.231639
vn 0.688542 0.687207 -0.231639
vn 0.754302 0.614306 -0.231639
vn 0.808199 0.541441 -0.231639
vn 0.858657 0.457222 -0.231639
vn 0.897482 0.375327 -0.231639
vn 0.930742 0.282954 -0.231639
vn 0.954522 0.187700 -0.231639
vn 0.967848 0.098053 -0.231639
vn 0.278135 -0.416259 -0.865661
vn 0.232655 -0.443286 -0.865661
vn 0.390421 -0.583031 -0.712493
vn 0.332123 -0.618100 -0.712493
vn 0.437907 -0.652826 -0.618107
vn 0.373265 -0.691822 -0.618107
vn 0.270703 -0.647359 -0.712493
vn 0.298207 -0.727335 -0.618107
vn 0.206738 -0.670532 -0.712493
vn 0.227062 -0.752587 -0.618107
vn 0.133412 -0.688880 -0.712493
vn 0.153822 -0.770897 -0.618107
vn 0.097668 -0.491011 -0.865661
vn 0.148939 -0.477962 -0.865661
vn 0.191583 -0.462522 -0.865661
vn -0.097668 -0.491011 -0.865661
vn -0.137123 -0.688151 -0.712493
vn -0.148939 -0.477962 -0.865661
vn -0.203121 -0.671637 -0.712493
vn -0.153822 -0.770897 -0.618107
vn -0.227062 -0.752587 -0.618107
vn -0.267211 -0.648808 -0.712493
vn -0.298207 -0.727335 -0.618107
vn -0.328788 -0.619881 -0.712493
vn -0.373265 -0.691822 -0.618107
vn -0.387274 -0.585126 -0.712493
vn -0.437907 -0.652826 -0.618107
vn -0.278135 -0.416259 -0.865661
vn -0.239323 -0.439722 -0.865661
vn -0.191583 -0.462522 -0.865661
vn -0.416259 -0.278135 -0.865661
vn -0.584081 -0.388849 -0.712493
vn -0.443286 -0.232655 -0.865661
vn -0.618993 -0.330457 -0.712493
vn -0.654922 -0.434766 -0.618107
vn -0.693607 -0.369938 -0.618107
vn -0.648086 -0.268958 -0.712493
vn -0.725894 -0.301697 -0.618107
vn -0.671087 -0.204930 -0.712493
vn -0.751487 -0.230674 -0.618107
vn -0.687779 -0.138976 -0.712493
vn -0.771627 -0.150117 -0.618107
vn -0.491011 -0.097668 -0.865661
vn -0.477962 -0.148939 -0.865661
vn -0.462522 -0.191583 -0.865661
vn -0.491011 0.097668 -0.865661
vn -0.687779 0.138976 -0.712493
vn -0.477962 0.148939 -0.865661
vn -0.671087 0.204930 -0.712493
vn -0.771627 0.150117 -0.618107
vn -0.751487 0.230674 -0.618107
vn -0.648086 0.268958 -0.712493
vn -0.725894 0.301697 -0.618107
vn -0.618993 0.330457 -0.712493
vn -0.693607 0.369938 -0.618107
vn -0.584081 0.388849 -0.712493
vn -0.654922 0.434766 -0.618107
vn -0.416259 0.278135 -0.865661
vn -0.443286 0.232655 -0.865661
vn -0.462522 0.191583 -0.865661
vn -0.278135 0.416259 -0.865661
vn -0.387274 0.585126 -0.712493
vn -0.232655 0.443286 -0.865661
vn -0.328788 0.619881 -0.712493
vn -0.437907 0.652826 -0.618107
vn -0.373265 0.691822 -0.618107
vn -0.267211 0.648808 -0.712493
vn -0.298207 0.727335 -0.618107
vn -0.203121 0.671637 -0.712493
vn -0.227062 0.752587 -0.618107
vn -0.137123 0.688151 -0.712493
vn -0.153822 0.770897 -0.618107
vn -0.097668 0.491011 -0.865661
vn -0.148939 0.477962 -0.865661
vn -0.191583 0.462522 -0.865661
vn 0.097668 0.491011 -0.865661
vn 0.133412 0.688880 -0.712493
vn 0.148939 0.477962 -0.865661
vn 0.206738 0.670532 -0.712493
vn 0.153822 0.770897 -0.618107
vn 0.227062 0.752587 -0.618107
vn 0.270703 0.647359 -0.712493
vn 0.298207 0.727335 -0.618107
vn 0.332123 0.618100 -0.712493
vn 0.373265 0.691822 -0.618107
vn 0.390421 0.583031 -0.712493
vn 0.437907 0.652826 -0.618107
vn 0.278135 0.416259 -0.865661
vn 0.239323 0.439722 -0.865661
vn 0.191583 0.462522 -0.865661
vn 0.416259 0.278135 -0.865661
vn 0.581977 0.391991 -0.712493
vn 0.443286 0.232655 -0.865661
vn 0.617203 0.333787 -0.712493
vn 0.654922 0.434766 -0.618107
vn 0.693607 0.369938 -0.618107
vn 0.649526 0.265461 -0.712493
vn 0.725894 0.301697 -0.618107
vn 0.672181 0.201311 -0.712493
vn 0.751487 0.230674 -0.618107
vn 0.688518 0.135268 -0.712493
vn 0.771627 0.150117 -0.618107
vn 0.491011 0.097668 -0.865661
vn 0.480157 0.141703 -0.865661
vn 0.462522 0.191583 -0.865661
vn 0.486020 -0.148416 0.861253
vn 0.850819 -0.260187 0.456519
vn 0.498776 -0.097293 0.861253
vn 0.872847 -0.172418 0.456519
vn 0.505445 -0.052620 0.861253
vn 0.885112 -0.090374 0.456519
vn 0.508176 0.000000 0.861253
vn 0.889714 0.000000 0.456519
vn 0.505445 0.052620 0.861253
vn 0.885112 0.090374 0.456519
vn 0.498776 0.097293 0.861253
vn 0.872847 0.172418 0.456519
vn 0.486020 0.148416 0.861253
vn 0.850819 0.260187 0.456519
vn 0.470922 0.190987 0.861253
vn 0.822888 0.338299 0.456519
vn 0.448614 0.238722 0.861253
vn 0.784268 0.420136 0.456519
vn 0.421484 0.283891 0.861253
vn 0.741729 0.491354 0.456519
vn 0.394611 0.320196 0.861253
vn 0.687982 0.564155 0.456519
vn 0.359335 0.359335 0.861253
vn 0.627119 0.631120 0.456519
vn 0.320196 0.394611 0.861253
vn 0.565612 0.686785 0.456519
vn 0.283891 0.421484 0.861253
vn 0.492925 0.740685 0.456519
vn 0.238722 0.448614 0.861253
vn 0.421797 0.783376 0.456519
vn 0.197944 0.468040 0.861253
vn 0.340043 0.822169 0.456519
vn 0.148416 0.486020 0.861253
vn 0.254771 0.852456 0.456519
vn 0.097293 0.498776 0.861253
vn 0.174268 0.872480 0.456519
vn 0.052620 0.505445 0.861253
vn 0.084743 0.885669 0.456519
vn 0.000000 0.508176 0.861253
vn 0.001886 0.889712 0.456519
vn -0.052620 0.505445 0.861253
vn -0.088498 0.885301 0.456519
vn -0.097293 0.498776 0.861253
vn -0.170568 0.873211 0.456519
vn -0.148416 0.486020 0.861253
vn -0.258383 0.851369 0.456519
vn -0.190987 0.470922 0.861253
vn -0.343526 0.820719 0.456519
vn -0.238722 0.448614 0.861253
vn -0.418472 0.785157 0.456519
vn -0.283891 0.421484 0.861253
vn -0.496061 0.738589 0.456519
vn -0.320196 0.394611 0.861253
vn -0.562695 0.689177 0.456519
vn -0.359335 0.359335 0.861253
vn -0.629789 0.628455 0.456519
vn -0.394611 0.320196 0.861253
vn -0.685584 0.567067 0.456519
vn -0.421484 0.283891 0.861253
vn -0.739639 0.494494 0.456519
vn -0.448614 0.238722 0.861253
vn -0.786042 0.416807 0.456519
vn -0.468040 0.197944 0.861253
vn -0.821446 0.341785 0.456519
vn -0.486020 0.148416 0.861253
vn -0.851914 0.256578 0.456519
vn -0.498776 0.097293 0.861253
vn -0.872108 0.176117 0.456519
vn -0.505445 0.052620 0.861253
vn -0.885487 0.086621 0.456519
vn -0.508176 0.000000 0.861253
vn -0.889706 0.003772 0.456519
vn -0.505445 -0.052620 0.861253
vn -0.885487 -0.086621 0.456519
vn -0.498776 -0.097293 0.861253
vn -0.872108 -0.176117 0.456519
vn -0.486020 -0.148416 0.861253
vn -0.851914 -0.256578 0.456519
vn -0.470922 -0.190987 0.861253
vn -0.821446 -0.341785 0.456519
vn -0.448614 -0.238722 0.861253
vn -0.786042 -0.416807 0.456519
vn -0.421484 -0.283891 0.861253
vn -0.739639 -0.494494 0.456519
vn -0.394611 -0.320196 0.861253
vn -0.685584 -0.567067 0.456519
vn -0.359335 -0.359335 0.861253
vn -0.629789 -0.628455 0.456519
vn -0.320196 -0.394611 0.861253
vn -0.562695 -0.689177 0.456519
vn -0.283891 -0.421484 0.861253
vn -0.496061 -0.738589 0.456519
vn -0.238722 -0.448614 0.861253
vn -0.418472 -0.785157 0.456519
vn -0.197944 -0.468040 0.861253
vn -0.343526 -0.820719 0.456519
vn -0.148416 -0.486020 0.861253
vn -0.258383 -0.851369 0.456519
vn -0.097293 -0.498776 0.861253
vn -0.170568 -0.873211 0.456519
vn -0.052620 -0.505445 0.861253
vn -0.088498 -0.885301 0.456519
vn 0.000000 -0.508176 0.861253
vn 0.001886 -0.889712 0.456519
vn 0.052620 -0.505445 0.861253
vn 0.084743 -0.885669 0.456519
vn 0.097293 -0.498776 0.861253
vn 0.174268 -0.872480 0.456519
vn 0.148416 -0.486020 0.861253
vn 0.254771 -0.852456 0.456519
vn 0.190987 -0.470922 0.861253
vn 0.340043 -0.822169 0.456519
vn 0.238722 -0.448614 0.861253
vn 0.421797 -0.783376 0.456519
vn 0.283891 -0.421484 0.861253
vn 0.492925 -0.740685 0.456519
vn 0.320196 -0.394611 0.861253
vn 0.565612 -0.686785 0.456519
vn 0.359335 -0.359335 0.861253
vn 0.627119 -0.631120 0.456519
vn 0.394611 -0.320196 0.861253
vn 0.687982 -0.564155 0.456519
vn 0.421484 -0.283891 0.861253
vn 0.741729 -0.491354 0.456519
vn 0.448614 -0.238722 0.861253
vn 0.784268 -0.420136 0.456519
vn 0.468040 -0.197944 0.861253
vn 0.822888 -0.338299 0.456519
vn 0.813948 -0.338682 -0.471999
vn 0.844422 -0.253315 -0.471999
vn 0.864521 -0.172686 -0.471999
vn 0.877683 -0.083003 -0.471999
vn 0.881599 0.000000 -0.471999
vn 0.877683 0.083003 -0.471999
vn 0.864521 0.172686 -0.471999
vn 0.844422 0.253315 -0.471999
vn 0.813948 0.338682 -0.471999
vn 0.778445 0.413812 -0.471999
vn 0.731840 0.491556 -0.471999
vn 0.682309 0.558276 -0.471999
vn 0.621378 0.625385 -0.471999
vn 0.559737 0.681111 -0.471999
vn 0.486841 0.734985 -0.471999
vn 0.415479 0.777557 -0.471999
vn 0.340426 0.813221 -0.471999
vn 0.255124 0.843877 -0.471999
vn 0.174539 0.864149 -0.471999
vn 0.084884 0.877503 -0.471999
vn 0.001889 0.881597 -0.471999
vn -0.088644 0.877131 -0.471999
vn -0.170833 0.864889 -0.471999
vn -0.258738 0.842776 -0.471999
vn -0.336937 0.814672 -0.471999
vn -0.418808 0.775769 -0.471999
vn -0.489987 0.732892 -0.471999
vn -0.556813 0.683503 -0.471999
vn -0.624052 0.622717 -0.471999
vn -0.679910 0.561195 -0.471999
vn -0.733940 0.488415 -0.471999
vn -0.776665 0.417144 -0.471999
vn -0.815392 0.335190 -0.471999
vn -0.843329 0.256932 -0.471999
vn -0.865253 0.168979 -0.471999
vn -0.877319 0.086764 -0.471999
vn -0.881591 0.003778 -0.471999
vn -0.877319 -0.086764 -0.471999
vn -0.865253 -0.168979 -0.471999
vn -0.843329 -0.256932 -0.471999
vn -0.815392 -0.335190 -0.471999
vn -0.776665 -0.417144 -0.471999
vn -0.733940 -0.488415 -0.471999
vn -0.679910 -0.561195 -0.471999
vn -0.624052 -0.622717 -0.471999
vn -0.556813 -0.683503 -0.471999
vn -0.489987 -0.732892 -0.471999
vn -0.418808 -0.775769 -0.471999
vn -0.336937 -0.814672 -0.471999
vn -0.258738 -0.842776 -0.471999
vn -0.170833 -0.864889 -0.471999
vn -0.088644 -0.877131 -0.471999
vn 0.001889 -0.881597 -0.471999
vn 0.084884 -0.877503 -0.471999
vn 0.174539 -0.864149 -0.471999
vn 0.255124 -0.843877 -0.471999
vn 0.340426 -0.813221 -0.471999
vn 0.415479 -0.777557 -0.471999
vn 0.486841 -0.734985 -0.471999
vn 0.559737 -0.681111 -0.471999
vn 0.621378 -0.625385 -0.471999
vn 0.682309 -0.558276 -0.471999
vn 0.731840 -0.491556 -0.471999
vn 0.778445 -0.413812 -0.471999
vn 0.366037 -0.196053 -0.909715
vn 0.346692 -0.228526 -0.909715
vn 0.319702 -0.264972 -0.909715
vn 0.294283 -0.292946 -0.909715
vn 0.260580 -0.323292 -0.909715
vn 0.230102 -0.345648 -0.909715
vn 0.197717 -0.365140 -0.909715
vn 0.156717 -0.384525 -0.909715
vn 0.121101 -0.397183 -0.909715
vn 0.084482 -0.406549 -0.909715
vn 0.039642 -0.413338 -0.909715
vn 0.001891 -0.415230 -0.909715
vn -0.043404 -0.412960 -0.909715
vn -0.080776 -0.407302 -0.909715
vn -0.117480 -0.398269 -0.909715
vn -0.160212 -0.383082 -0.909715
vn -0.194384 -0.366926 -0.909715
vn -0.233240 -0.343539 -0.909715
vn -0.263513 -0.320906 -0.909715
vn -0.291603 -0.295613 -0.909715
vn -0.322102 -0.262049 -0.909715
vn -0.344597 -0.231673 -0.909715
vn -0.367807 -0.192711 -0.909715
vn -0.383807 -0.158467 -0.909715
vn -0.396627 -0.122909 -0.909715
vn -0.407665 -0.078921 -0.909715
vn -0.413153 -0.041523 -0.909715
vn -0.415217 0.003781 -0.909715
vn -0.413153 0.041523 -0.909715
vn -0.407665 0.078921 -0.909715
vn -0.396627 0.122909 -0.909715
vn -0.383807 0.158467 -0.909715
vn -0.367807 0.192711 -0.909715
vn -0.344597 0.231673 -0.909715
vn -0.322102 0.262049 -0.909715
vn -0.291603 0.295613 -0.909715
vn -0.263513 0.320906 -0.909715
vn -0.233240 0.343539 -0.909715
vn -0.194384 0.366926 -0.909715
vn -0.160212 0.383082 -0.909715
vn -0.117480 0.398269 -0.909715
vn -0.080776 0.407302 -0.909715
vn -0.043404 0.412960 -0.909715
vn 0.001891 0.415230 -0.909715
vn 0.039642 0.413338 -0.909715
vn 0.084482 0.406549 -0.909715
vn 0.121101 0.397183 -0.909715
vn 0.156717 0.384525 -0.909715
vn 0.197717 0.365140 -0.909715
vn 0.230102 0.345648 -0.909715
vn 0.260580 0.323292 -0.909715
vn 0.294283 0.292946 -0.909715
vn 0.319702 0.264972 -0.909715
vn 0.346692 0.228526 -0.909715
vn 0.366037 0.196053 -0.909715
vn 0.382348 0.161955 -0.909715
vn 0.397730 0.119292 -0.909715
vn 0.406930 0.082630 -0.909715
vn 0.413514 0.037759 -0.909715
vn 0.415234 0.000000 -0.909715
vn 0.413514 -0.037759 -0.909715
vn 0.406930 -0.082630 -0.909715
vn 0.397730 -0.119292 -0.909715
vn 0.382348 -0.161955 -0.909715
vn 0.491103 -0.097207 0.865661
vn 0.478177 -0.148248 0.865661
vn 0.478177 -0.148248 0.865661
vn 0.462882 -0.190714 0.865661
vn 0.462882 -0.190714 0.865661
vn 0.440291 -0.238274 0.865661
vn 0.440291 -0.238274 0.865661
vn 0.417041 -0.276961 0.865661
vn 0.417041 -0.276961 0.865661
vn 0.385647 -0.319230 0.865661
vn 0.385647 -0.319230 0.865661
vn 0.355327 -0.352667 0.865661
vn 0.355327 -0.352667 0.865661
vn 0.316322 -0.388035 0.865661
vn 0.316322 -0.388035 0.865661
vn 0.280088 -0.414948 0.865661
vn 0.280088 -0.414948 0.865661
vn 0.234958 -0.442070 0.865661
vn 0.234958 -0.442070 0.865661
vn 0.194187 -0.461435 0.865661
vn 0.194187 -0.461435 0.865661
vn 0.144650 -0.479278 0.865661
vn 0.144650 -0.479278 0.865661
vn 0.100895 -0.490358 0.865661
vn 0.100895 -0.490358 0.865661
vn 0.048836 -0.498243 0.865661
vn 0.048836 -0.498243 0.865661
vn -0.003763 -0.500616 0.865661
vn 0.003763 -0.500616 0.865661
vn -0.048836 -0.498243 0.865661
vn -0.048836 -0.498243 0.865661
vn -0.100895 -0.490358 0.865661
vn -0.100895 -0.490358 0.865661
vn -0.144650 -0.479278 0.865661
vn -0.144650 -0.479278 0.865661
vn -0.194187 -0.461435 0.865661
vn -0.194187 -0.461435 0.865661
vn -0.234958 -0.442070 0.865661
vn -0.234958 -0.442070 0.865661
vn -0.280088 -0.414948 0.865661
vn -0.280088 -0.414948 0.865661
vn -0.316322 -0.388035 0.865661
vn -0.316322 -0.388035 0.865661
vn -0.355327 -0.352667 0.865661
vn -0.355327 -0.352667 0.865661
vn -0.385647 -0.319230 0.865661
vn -0.385647 -0.319230 0.865661
vn -0.417041 -0.276961 0.865661
vn -0.417041 -0.276961 0.865661
vn -0.440291 -0.238274 0.865661
vn -0.440291 -0.238274 0.865661
vn -0.462882 -0.190714 0.865661
vn -0.462882 -0.190714 0.865661
vn -0.478177 -0.148248 0.865661
vn -0.478177 -0.148248 0.865661
vn -0.491103 -0.097207 0.865661
vn -0.491103 -0.097207 0.865661
vn -0.497862 -0.052580 0.865661
vn -0.497862 -0.052580 0.865661
vn -0.500631 0.000000 0.865661
vn -0.500631 0.000000 0.865661
vn -0.497862 0.052580 0.865661
vn -0.497862 0.052580 0.865661
vn -0.491103 0.097207 0.865661
vn -0.491103 0.097207 0.865661
vn -0.478177 0.148248 0.865661
vn -0.478177 0.148248 0.865661
vn -0.462882 0.190714 0.865661
vn -0.462882 0.190714 0.865661
vn -0.440291 0.238274 0.865661
vn -0.440291 0.238274 0.865661
vn -0.417041 0.276961 0.865661
vn -0.417041 0.276961 0.865661
vn -0.385647 0.319230 0.865661
vn -0.385647 0.319230 0.865661
vn -0.355327 0.352667 0.865661
vn -0.355327 0.352667 0.865661
vn -0.316322 0.388035 0.865661
vn -0.316322 0.388035 0.865661
vn -0.280088 0.414948 0.865661
vn -0.280088 0.414948 0.865661
vn -0.234958 0.442070 0.865661
vn -0.234958 0.442070 0.865661
vn -0.194187 0.461435 0.865661
vn -0.194187 0.461435 0.865661
vn -0.144650 0.479278 0.865661
vn -0.144650 0.479278 0.865661
vn -0.100895 0.490358 0.865661
vn -0.100895 0.490358 0.865661
vn -0.048836 0.498243 0.865661
vn -0.048836 0.498243 0.865661
vn 0.003763 0.500616 0.865661
vn 0.003763 0.500616 0.865661
vn 0.048836 0.498243 0.865661
vn 0.048836 0.498243 0.865661
vn 0.100895 0.490358 0.865661
vn 0.100895 0.490358 0.865661
vn 0.144650 0.479278 0.865661
vn 0.144650 0.479278 0.865661
vn 0.194187 0.461435 0.865661
vn 0.194187 0.461435 0.865661
vn 0.234958 0.442070 0.865661
vn 0.234958 0.442070 0.865661
vn 0.280088 0.414948 0.865661
vn 0.280088 0.414948 0.865661
vn 0.316322 0.388035 0.865661
vn 0.316322 0.388035 0.865661
vn 0.355327 0.352667 0.865661
vn 0.355327 0.352667 0.865661
vn 0.385647 0.319230 0.865661
vn 0.385647 0.319230 0.865661
vn 0.417041 0.276961 0.865661
vn 0.417041 0.276961 0.865661
vn 0.440291 0.238274 0.865661
vn 0.440291 0.238274 0.865661
vn 0.462882 0.190714 0.865661
vn 0.462882 0.190714 0.865661
vn 0.478177 0.148248 0.865661
vn 0.478177 0.148248 0.865661
vn 0.491103 0.097207 0.865661
vn 0.491103 0.097207 0.865661
vn 0.497862 0.052580 0.865661
vn 0.497862 0.052580 0.865661
vn 0.500631 0.000000 0.865661
vn 0.500631 0.000000 0.865661
vn 0.497862 -0.052580 0.865661
vn 0.497862 -0.052580 0.865661
vn 0.491103 -0.097207 0.865661
f 2473/2472/2473 2474/2472/2474 2475/2472/2475
f 2475/2472/2475 2474/2472/2474 2476/2472/2476
f 2476/2472/2476 2474/2472/2474 2477/2472/2477
f 2474/2472/2474 2478/2472/2478 2477/2472/2477
f 2477/2472/2477 2478/2472/2478 2479/2472/2479
f 2478/2472/2478 2480/2472/2480 2479/2472/2479
f 2479/2472/2479 2480/2472/2480 2481/2472/2481
f 2481/2472/2481 2480/2472/2480 2482/2472/2482
f 2482/2472/2482 2480/2472/2480 2473/2472/2473
f 2480/2472/2480 2478/2472/2478 2473/2472/2473
f 2473/2472/2473 2478/2472/2478 2474/2472/2474
f 2481/2472/2481 2483/2472/2483 2479/2472/2479
f 2483/2472/2483 2484/2472/2484 2479/2472/2479
f 2479/2472/2479 2484/2472/2484 2477/2472/2477
f 2484/2472/2484 2485/2472/2485 2477/2472/2477
f 2477/2472/2477 2485/2472/2485 2476/2472/2476
f 2485/2472/2485 2486/2472/2486 2476/2472/2476
f 2476/2472/2476 2486/2472/2486 2487/2472/2487
f 2486/2472/2486 2488/2472/2488 2487/2472/2487
f 2487/2472/2487 2488/2472/2488 2489/2472/2489
f 2488/2472/2488 2490/2472/2490 2489/2472/2489
f 2489/2472/2489 2490/2472/2490 2491/2472/2491
f 2490/2472/2490 2492/2472/2492 2491/2472/2491
f 2476/2472/2476 2487/2472/2487 2475/2472/2475
f 2487/2472/2487 2493/2472/2493 2475/2472/2475
f 2475/2472/2475 2493/2472/2493 2473/2472/2473
f 2493/2472/2493 2494/2472/2494 2473/2472/2473
f 2473/2472/2473 2494/2472/2494 2495/2472/2495
f 2494/2472/2494 2491/2472/2491 2495/2472/2495
f 2495/2472/2495 2491/2472/2491 2496/2472/2496
f 2491/2472/2491 2492/2472/2492 2496/2472/2496
f 2492/2472/2492 2497/2472/2497 2496/2472/2496
f 2496/2472/2496 2497/2472/2497 2498/2472/2498
f 2497/2472/2497 2499/2472/2499 2498/2472/2498
f 2487/2472/2487 2489/2472/2489 2493/2472/2493
f 2493/2472/2493 2489/2472/2489 2494/2472/2494
f 2489/2472/2489 2491/2472/2491 2494/2472/2494
f 2498/2472/2498 2500/2472/2500 2496/2472/2496
f 2496/2472/2496 2500/2472/2500 2495/2472/2495
f 2495/2472/2495 2500/2472/2500 2473/2472/2473
f 2473/2472/2473 2500/2472/2500 2501/2472/2501
f 2500/2472/2500 2498/2472/2498 2501/2472/2501
f 2501/2472/2501 2498/2472/2498 2502/2472/2502
f 2498/2472/2498 2499/2472/2499 2502/2472/2502
f 2499/2472/2499 2503/2472/2503 2502/2472/2502
f 2502/2472/2502 2503/2472/2503 2504/2472/2504
f 2503/2472/2503 2505/2472/2505 2504/2472/2504
f 2504/2472/2504 2505/2472/2505 2506/2472/2506
f 2505/2472/2505 2507/2472/2507 2506/2472/2506
f 2506/2472/2506 2507/2472/2507 2508/2472/2508
f 2507/2472/2507 2509/2472/2509 2508/2472/2508
f 2504/2472/2504 2510/2472/2510 2502/2472/2502
f 2502/2472/2502 2510/2472/2510 2501/2472/2501
f 2501/2472/2501 2510/2472/2510 2473/2472/2473
f 2510/2472/2510 2511/2472/2511 2473/2472/2473
f 2473/2472/2473 2511/2472/2511 2512/2472/2512
f 2511/2472/2511 2506/2472/2506 2512/2472/2512
f 2506/2472/2506 2508/2472/2508 2512/2472/2512
f 2512/2472/2512 2508/2472/2508 2513/2472/2513
f 2513/2472/2513 2508/2472/2508 2514/2472/2514
f 2508/2472/2508 2509/2472/2509 2514/2472/2514
f 2509/2472/2509 2515/2472/2515 2514/2472/2514
f 2514/2472/2514 2515/2472/2515 2516/2472/2516
f 2515/2472/2515 2517/2472/2517 2516/2472/2516
f 2510/2472/2510 2504/2472/2504 2511/2472/2511
f 2504/2472/2504 2506/2472/2506 2511/2472/2511
f 2512/2472/2512 2513/2472/2513 2473/2472/2473
f 2513/2472/2513 2518/2472/2518 2473/2472/2473
f 2473/2472/2473 2518/2472/2518 2519/2472/2519
f 2518/2472/2518 2516/2472/2516 2519/2472/2519
f 2519/2472/2519 2516/2472/2516 2520/2472/2520
f 2516/2472/2516 2517/2472/2517 2520/2472/2520
f 2517/2472/2517 2521/2472/2521 2520/2472/2520
f 2520/2472/2520 2521/2472/2521 2522/2472/2522
f 2521/2472/2521 2523/2472/2523 2522/2472/2522
f 2516/2472/2516 2518/2472/2518 2514/2472/2514
f 2518/2472/2518 2513/2472/2513 2514/2472/2514
f 2522/2472/2522 2524/2472/2524 2520/2472/2520
f 2520/2472/2520 2524/2472/2524 2519/2472/2519
f 2519/2472/2519 2524/2472/2524 2473/2472/2473
f 2473/2472/2473 2524/2472/2524 2525/2472/2525
f 2524/2472/2524 2522/2472/2522 2525/2472/2525
f 2525/2472/2525 2522/2472/2522 2526/2472/2526
f 2522/2472/2522 2523/2472/2523 2526/2472/2526
f 2523/2472/2523 2527/2472/2527 2526/2472/2526
f 2526/2472/2526 2527/2472/2527 2528/2472/2528
f 2527/2472/2527 2529/2472/2529 2528/2472/2528
f 2528/2472/2528 2529/2472/2529 2530/2472/2530
f 2529/2472/2529 2531/2472/2531 2530/2472/2530
f 2530/2472/2530 2531/2472/2531 2532/2472/2532
f 2531/2472/2531 2533/2472/2533 2532/2472/2532
f 2528/2472/2528 2534/2472/2534 2526/2472/2526
f 2526/2472/2526 2534/2472/2534 2525/2472/2525
f 2525/2472/2525 2534/2472/2534 2473/2472/2473
f 2534/2472/2534 2535/2472/2535 2473/2472/2473
f 2473/2472/2473 2535/2472/2535 2536/2472/2536
f 2535/2472/2535 2530/2472/2530 2536/2472/2536
f 2530/2472/2530 2532/2472/2532 2536/2472/2536
f 2536/2472/2536 2532/2472/2532 2537/2472/2537
f 2537/2472/2537 2532/2472/2532 2538/2472/2538
f 2532/2472/2532 2533/2472/2533 2538/2472/2538
f 2533/2472/2533 2539/2472/2539 2538/2472/2538
f 2538/2472/2538 2539/2472/2539 2540/2472/2540
f 2539/2472/2539 2541/2472/2541 2540/2472/2540
f 2534/2472/2534 2528/2472/2528 2535/2472/2535
f 2528/2472/2528 2530/2472/2530 2535/2472/2535
f 2536/2472/2536 2537/2472/2537 2473/2472/2473
f 2537/2472/2537 2542/2472/2542 2473/2472/2473
f 2473/2472/2473 2542/2472/2542 2543/2472/2543
f 2542/2472/2542 2540/2472/2540 2543/2472/2543
f 2543/2472/2543 2540/2472/2540 2544/2472/2544
f 2540/2472/2540 2541/2472/2541 2544/2472/2544
f 2541/2472/2541 2545/2472/2545 2544/2472/2544
f 2544/2472/2544 2545/2472/2545 2546/2472/2546
f 2545/2472/2545 2547/2472/2547 2546/2472/2546
f 2540/2472/2540 2542/2472/2542 2538/2472/2538
f 2542/2472/2542 2537/2472/2537 2538/2472/2538
f 2546/2472/2546 2548/2472/2548 2544/2472/2544
f 2544/2472/2544 2548/2472/2548 2543/2472/2543
f 2543/2472/2543 2548/2472/2548 2473/2472/2473
f 2473/2472/2473 2548/2472/2548 2549/2472/2549
f 2548/2472/2548 2546/2472/2546 2549/2472/2549
f 2549/2472/2549 2546/2472/2546 2550/2472/2550
f 2546/2472/2546 2547/2472/2547 2550/2472/2550
f 2547/2472/2547 2551/2472/2551 2550/2472/2550
f 2550/2472/2550 2551/2472/2551 2552/2472/2552
f 2551/2472/2551 2553/2472/2553 2552/2472/2552
f 2552/2472/2552 2553/2472/2553 2554/2472/2554
f 2553/2472/2553 2555/2472/2555 2554/2472/2554
f 2554/2472/2554 2555/2472/2555 2556/2472/2556
f 2555/2472/2555 2557/2472/2557 2556/2472/2556
f 2552/2472/2552 2558/2472/2558 2550/2472/2550
f 2550/2472/2550 2558/2472/2558 2549/2472/2549
f 2549/2472/2549 2558/2472/2558 2473/2472/2473
f 2558/2472/2558 2559/2472/2559 2473/2472/2473
f 2473/2472/2473 2559/2472/2559 2560/2472/2560
f 2559/2472/2559 2554/2472/2554 2560/2472/2560
f 2554/2472/2554 2556/2472/2556 2560/2472/2560
f 2560/2472/2560 2556/2472/2556 2561/2472/2561
f 2561/2472/2561 2556/2472/2556 2562/2472/2562
f 2556/2472/2556 2557/2472/2557 2562/2472/2562
f 2557/2472/2557 2563/2472/2563 2562/2472/2562
f 2562/2472/2562 2563/2472/2563 2564/2472/2564
f 2563/2472/2563 2565/2472/2565 2564/2472/2564
f 2558/2472/2558 2552/2472/2552 2559/2472/2559
f 2552/2472/2552 2554/2472/2554 2559/2472/2559
f 2560/2472/2560 2561/2472/2561 2473/2472/2473
f 2561/2472/2561 2566/2472/2566 2473/2472/2473
f 2473/2472/2473 2566/2472/2566 2567/2472/2567
f 2566/2472/2566 2564/2472/2564 2567/2472/2567
f 2567/2472/2567 2564/2472/2564 2568/2472/2568
f 2564/2472/2564 2565/2472/2565 2568/2472/2568
f 2565/2472/2565 2569/2472/2569 2568/2472/2568
f 2568/2472/2568 2569/2472/2569 2570/2472/2570
f 2569/2472/2569 2571/2472/2571 2570/2472/2570
f 2564/2472/2564 2566/2472/2566 2562/2472/2562
f 2566/2472/2566 2561/2472/2561 2562/2472/2562
f 2570/2472/2570 2572/2472/2572 2568/2472/2568
f 2568/2472/2568 2572/2472/2572 2567/2472/2567
f 2567/2472/2567 2572/2472/2572 2473/2472/2473
f 2473/2472/2473 2572/2472/2572 2573/2472/2573
f 2572/2472/2572 2570/2472/2570 2573/2472/2573
f 2573/2472/2573 2570/2472/2570 2574/2472/2574
f 2570/2472/2570 2571/2472/2571 2574/2472/2574
f 2571/2472/2571 2575/2472/2575 2574/2472/2574
f 2574/2472/2574 2575/2472/2575 2576/2472/2576
f 2575/2472/2575 2577/2472/2577 2576/2472/2576
f 2576/2472/2576 2577/2472/2577 2578/2472/2578
f 2577/2472/2577 2579/2472/2579 2578/2472/2578
f 2578/2472/2578 2579/2472/2579 2580/2472/2580
f 2579/2472/2579 2581/2472/2581 2580/2472/2580
f 2576/2472/2576 2582/2472/2582 2574/2472/2574
f 2574/2472/2574 2582/2472/2582 2573/2472/2573
f 2573/2472/2573 2582/2472/2582 2473/2472/2473
f 2582/2472/2582 2583/2472/2583 2473/2472/2473
f 2473/2472/2473 2583/2472/2583 2584/2472/2584
f 2583/2472/2583 2578/2472/2578 2584/2472/2584
f 2578/2472/2578 2580/2472/2580 2584/2472/2584
f 2584/2472/2584 2580/2472/2580 2585/2472/2585
f 2585/2472/2585 2580/2472/2580 2586/2472/2586
f 2580/2472/2580 2581/2472/2581 2586/2472/2586
f 2581/2472/2581 2587/2472/2587 2586/2472/2586
f 2586/2472/2586 2587/2472/2587 2588/2472/2588
f 2587/2472/2587 2589/2472/2589 2588/2472/2588
f 2582/2472/2582 2576/2472/2576 2583/2472/2583
f 2576/2472/2576 2578/2472/2578 2583/2472/2583
f 2584/2472/2584 2585/2472/2585 2473/2472/2473
f 2585/2472/2585 2590/2472/2590 2473/2472/2473
f 2473/2472/2473 2590/2472/2590 2591/2472/2591
f 2590/2472/2590 2588/2472/2588 2591/2472/2591
f 2591/2472/2591 2588/2472/2588 2592/2472/2592
f 2588/2472/2588 2589/2472/2589 2592/2472/2592
f 2589/2472/2589 2593/2472/2593 2592/2472/2592
f 2592/2472/2592 2593/2472/2593 2594/2472/2594
f 2593/2472/2593 2595/2472/2595 2594/2472/2594
f 2588/2472/2588 2590/2472/2590 2586/2472/2586
f 2590/2472/2590 2585/2472/2585 2586/2472/2586
f 2594/2472/2594 2596/2472/2596 2592/2472/2592
f 2592/2472/2592 2596/2472/2596 2591/2472/2591
f 2591/2472/2591 2596/2472/2596 2473/2472/2473
f 2473/2472/2473 2596/2472/2596 2597/2472/2597
f 2596/2472/2596 2594/2472/2594 2597/2472/2597
f 2597/2472/2597 2594/2472/2594 2598/2472/2598
f 2594/2472/2594 2595/2472/2595 2598/2472/2598
f 2595/2472/2595 2599/2472/2599 2598/2472/2598
f 2598/2472/2598 2599/2472/2599 2600/2472/2600
f 2599/2472/2599 2601/2472/2601 2600/2472/2600
f 2600/2472/2600 2601/2472/2601 2602/2472/2602
f 2601/2472/2601 2603/2472/2603 2602/2472/2602
f 2602/2472/2602 2603/2472/2603 2604/2472/2604
f 2603/2472/2603 2605/2472/2605 2604/2472/2604
f 2600/2472/2600 2606/2472/2606 2598/2472/2598
f 2598/2472/2598 2606/2472/2606 2597/2472/2597
f 2597/2472/2597 2606/2472/2606 2473/2472/2473
f 2606/2472/2606 2607/2472/2607 2473/2472/2473
f 2473/2472/2473 2607/2472/2607 2608/2472/2608
f 2607/2472/2607 2602/2472/2602 2608/2472/2608
f 2602/2472/2602 2604/2472/2604 2608/2472/2608
f 2608/2472/2608 2604/2472/2604 2609/2472/2609
f 2609/2472/2609 2604/2472/2604 2610/2472/2610
f 2604/2472/2604 2605/2472/2605 2610/2472/2610
f 2605/2472/2605 2611/2472/2611 2610/2472/2610
f 2610/2472/2610 2611/2472/2611 2612/2472/2612
f 2611/2472/2611 2613/2472/2613 2612/2472/2612
f 2606/2472/2606 2600/2472/2600 2607/2472/2607
f 2600/2472/2600 2602/2472/2602 2607/2472/2607
f 2608/2472/2608 2609/2472/2609 2473/2472/2473
f 2609/2472/2609 2614/2472/2614 2473/2472/2473
f 2473/2472/2473 2614/2472/2614 2615/2472/2615
f 2614/2472/2614 2612/2472/2612 2615/2472/2615
f 2615/2472/2615 2612/2472/2612 2616/2472/2616
f 2612/2472/2612 2613/2472/2613 2616/2472/2616
f 2613/2472/2613 2617/2472/2617 2616/2472/2616
f 2616/2472/2616 2617/2472/2617 2618/2472/2618
f 2617/2472/2617 2619/2472/2619 2618/2472/2618
f 2612/2472/2612 2614/2472/2614 2610/2472/2610
f 2614/2472/2614 2609/2472/2609 2610/2472/2610
f 2618/2472/2618 2620/2472/2620 2616/2472/2616
f 2616/2472/2616 2620/2472/2620 2615/2472/2615
f 2615/2472/2615 2620/2472/2620 2473/2472/2473
f 2473/2472/2473 2620/2472/2620 2621/2472/2621
f 2620/2472/2620 2618/2472/2618 2621/2472/2621
f 2621/2472/2621 2618/2472/2618 2622/2472/2622
f 2618/2472/2618 2619/2472/2619 2622/2472/2622
f 2619/2472/2619 2623/2472/2623 2622/2472/2622
f 2622/2472/2622 2623/2472/2623 2624/2472/2624
f 2623/2472/2623 2625/2472/2625 2624/2472/2624
f 2624/2472/2624 2625/2472/2625 2626/2472/2626
f 2625/2472/2625 2627/2472/2627 2626/2472/2626
f 2626/2472/2626 2627/2472/2627 2628/2472/2628
f 2627/2472/2627 2629/2472/2629 2628/2472/2628
f 2624/2472/2624 2630/2472/2630 2622/2472/2622
f 2622/2472/2622 2630/2472/2630 2621/2472/2621
f 2621/2472/2621 2630/2472/2630 2473/2472/2473
f 2630/2472/2630 2631/2472/2631 2473/2472/2473
f 2473/2472/2473 2631/2472/2631 2632/2472/2632
f 2631/2472/2631 2626/2472/2626 2632/2472/2632
f 2626/2472/2626 2628/2472/2628 2632/2472/2632
f 2632/2472/2632 2628/2472/2628 2633/2472/2633
f 2633/2472/2633 2628/2472/2628 2634/2472/2634
f 2628/2472/2628 2629/2472/2629 2634/2472/2634
f 2629/2472/2629 2635/2472/2635 2634/2472/2634
f 2634/2472/2634 2635/2472/2635 2636/2472/2636
f 2635/2472/2635 2637/2472/2637 2636/2472/2636
f 2630/2472/2630 2624/2472/2624 2631/2472/2631
f 2624/2472/2624 2626/2472/2626 2631/2472/2631
f 2632/2472/2632 2633/2472/2633 2473/2472/2473
f 2633/2472/2633 2638/2472/2638 2473/2472/2473
f 2473/2472/2473 2638/2472/2638 2639/2472/2639
f 2638/2472/2638 2636/2472/2636 2639/2472/2639
f 2639/2472/2639 2636/2472/2636 2640/2472/2640
f 2636/2472/2636 2637/2472/2637 2640/2472/2640
f 2637/2472/2637 2641/2472/2641 2640/2472/2640
f 2640/2472/2640 2641/2472/2641 2642/2472/2642
f 2641/2472/2641 2643/2472/2643 2642/2472/2642
f 2636/2472/2636 2638/2472/2638 2634/2472/2634
f 2638/2472/2638 2633/2472/2633 2634/2472/2634
f 2642/2472/2642 2644/2472/2644 2640/2472/2640
f 2640/2472/2640 2644/2472/2644 2639/2472/2639
f 2639/2472/2639 2644/2472/2644 2473/2472/2473
f 2473/2472/2473 2644/2472/2644 2645/2472/2645
f 2644/2472/2644 2642/2472/2642 2645/2472/2645
f 2645/2472/2645 2642/2472/2642 2646/2472/2646
f 2642/2472/2642 2643/2472/2643 2646/2472/2646
f 2643/2472/2643 2647/2472/2647 2646/2472/2646
f 2646/2472/2646 2647/2472/2647 2648/2472/2648
f 2647/2472/2647 2649/2472/2649 2648/2472/2648
f 2648/2472/2648 2649/2472/2649 2650/2472/2650
f 2649/2472/2649 2651/2472/2651 2650/2472/2650
f 2650/2472/2650 2651/2472/2651 2652/2472/2652
f 2651/2472/2651 2653/2472/2653 2652/2472/2652
f 2648/2472/2648 2654/2472/2654 2646/2472/2646
f 2646/2472/2646 2654/2472/2654 2645/2472/2645
f 2645/2472/2645 2654/2472/2654 2473/2472/2473
f 2654/2472/2654 2655/2472/2655 2473/2472/2473
f 2473/2472/2473 2655/2472/2655 2656/2472/2656
f 2655/2472/2655 2650/2472/2650 2656/2472/2656
f 2650/2472/2650 2652/2472/2652 2656/2472/2656
f 2656/2472/2656 2652/2472/2652 2657/2472/2657
f 2657/2472/2657 2652/2472/2652 2658/2472/2658
f 2652/2472/2652 2653/2472/2653 2658/2472/2658
f 2653/2472/2653 2659/2472/2659 2658/2472/2658
f 2658/2472/2658 2659/2472/2659 2660/2472/2660
f 2659/2472/2659 2661/2472/2661 2660/2472/2660
f 2654/2472/2654 2648/2472/2648 2655/2472/2655
f 2648/2472/2648 2650/2472/2650 2655/2472/2655
f 2656/2472/2656 2657/2472/2657 2473/2472/2473
f 2657/2472/2657 2662/2472/2662 2473/2472/2473
f 2473/2472/2473 2662/2472/2662 2663/2472/2663
f 2662/2472/2662 2660/2472/2660 2663/2472/2663
f 2663/2472/2663 2660/2472/2660 2664/2472/2664
f 2660/2472/2660 2661/2472/2661 2664/2472/2664
f 2661/2472/2661 2665/2472/2665 2664/2472/2664
f 2664/2472/2664 2665/2472/2665 2481/2472/2481
f 2665/2472/2665 2483/2472/2483 2481/2472/2481
f 2660/2472/2660 2662/2472/2662 2658/2472/2658
f 2662/2472/2662 2657/2472/2657 2658/2472/2658
f 2473/2472/2473 2663/2472/2663 2482/2472/2482
f 2663/2472/2663 2664/2472/2664 2482/2472/2482
f 2482/2472/2482 2664/2472/2664 2481/2472/2481
f 2666/2472/2666 2668/2472/2668 2667/2472/2667
f 2667/2472/2667 2668/2472/2668 2669/2472/2669
f 2668/2472/2668 2670/2472/2670 2669/2472/2669
f 2670/2472/2670 2671/2472/2671 2669/2472/2669
f 2669/2472/2669 2671/2472/2671 2672/2472/2672
f 2671/2472/2671 2673/2472/2673 2672/2472/2672
f 2672/2472/2672 2673/2472/2673 2674/2472/2674
f 2673/2472/2673 2675/2472/2675 2674/2472/2674
f 2674/2472/2674 2675/2472/2675 2676/2472/2676
f 2675/2472/2675 2677/2472/2677 2676/2472/2676
f 2676/2472/2676 2678/2472/2678 2674/2472/2674
f 2678/2472/2678 2679/2472/2679 2674/2472/2674
f 2674/2472/2674 2679/2472/2679 2672/2472/2672
f 2679/2472/2679 2680/2472/2680 2672/2472/2672
f 2672/2472/2672 2680/2472/2680 2669/2472/2669
f 2680/2472/2680 2667/2472/2667 2669/2472/2669
f 2681/2472/2681 2682/2472/2682 2683/2472/2683
f 2682/2472/2682 2684/2472/2684 2683/2472/2683
f 2682/2472/2682 2681/2472/2681 2685/2472/2685
f 2681/2472/2681 2686/2472/2686 2685/2472/2685
f 2685/2472/2685 2686/2472/2686 2687/2472/2687
f 2686/2472/2686 2688/2472/2688 2687/2472/2687
f 2687/2472/2687 2688/2472/2688 2689/2472/2689
f 2688/2472/2688 2690/2472/2690 2689/2472/2689
f 2689/2472/2689 2690/2472/2690 2691/2472/2691
f 2690/2472/2690 2692/2472/2692 2691/2472/2691
f 2691/2472/2691 2692/2472/2692 2693/2472/2693
f 2692/2472/2692 2694/2472/2694 2693/2472/2693
f 2693/2472/2693 2694/2472/2694 2695/2472/2695
f 2694/2472/2694 2696/2472/2696 2695/2472/2695
f 2695/2472/2695 2696/2472/2696 2697/2472/2697
f 2696/2472/2696 2698/2472/2698 2697/2472/2697
f 2697/2472/2697 2698/2472/2698 2699/2472/2699
f 2698/2472/2698 2700/2472/2700 2699/2472/2699
f 2699/2472/2699 2700/2472/2700 2701/2472/2701
f 2700/2472/2700 2702/2472/2702 2701/2472/2701
f 2701/2472/2701 2702/2472/2702 2703/2472/2703
f 2702/2472/2702 2704/2472/2704 2703/2472/2703
f 2703/2472/2703 2704/2472/2704 2705/2472/2705
f 2704/2472/2704 2706/2472/2706 2705/2472/2705
f 2705/2472/2705 2706/2472/2706 2707/2472/2707
f 2706/2472/2706 2708/2472/2708 2707/2472/2707
f 2707/2472/2707 2708/2472/2708 2709/2472/2709
f 2708/2472/2708 2710/2472/2710 2709/2472/2709
f 2709/2472/2709 2710/2472/2710 2711/2472/2711
f 2710/2472/2710 2712/2472/2712 2711/2472/2711
f 2711/2472/2711 2712/2472/2712 2713/2472/2713
f 2712/2472/2712 2714/2472/2714 2713/2472/2713
f 2713/2472/2713 2714/2472/2714 2715/2472/2715
f 2714/2472/2714 2716/2472/2716 2715/2472/2715
f 2715/2472/2715 2716/2472/2716 2717/2472/2717
f 2716/2472/2716 2718/2472/2718 2717/2472/2717
f 2717/2472/2717 2718/2472/2718 2719/2472/2719
f 2718/2472/2718 2720/2472/2720 2719/2472/2719
f 2719/2472/2719 2720/2472/2720 2721/2472/2721
f 2720/2472/2720 2722/2472/2722 2721/2472/2721
f 2721/2472/2721 2722/2472/2722 2723/2472/2723
f 2722/2472/2722 2724/2472/2724 2723/2472/2723
f 2723/2472/2723 2724/2472/2724 2725/2472/2725
f 2724/2472/2724 2726/2472/2726 2725/2472/2725
f 2725/2472/2725 2726/2472/2726 2727/2472/2727
f 2726/2472/2726 2728/2472/2728 2727/2472/2727
f 2727/2472/2727 2728/2472/2728 2729/2472/2729
f 2728/2472/2728 2730/2472/2730 2729/2472/2729
f 2729/2472/2729 2730/2472/2730 2731/2472/2731
f 2730/2472/2730 2732/2472/2732 2731/2472/2731
f 2731/2472/2731 2732/2472/2732 2733/2472/2733
f 2732/2472/2732 2734/2472/2734 2733/2472/2733
f 2733/2472/2733 2734/2472/2734 2735/2472/2735
f 2734/2472/2734 2736/2472/2736 2735/2472/2735
f 2735/2472/2735 2736/2472/2736 2737/2472/2737
f 2736/2472/2736 2738/2472/2738 2737/2472/2737
f 2737/2472/2737 2738/2472/2738 2739/2472/2739
f 2738/2472/2738 2740/2472/2740 2739/2472/2739
f 2739/2472/2739 2740/2472/2740 2741/2472/2741
f 2740/2472/2740 2742/2472/2742 2741/2472/2741
f 2741/2472/2741 2742/2472/2742 2743/2472/2743
f 2742/2472/2742 2744/2472/2744 2743/2472/2743
f 2743/2472/2743 2744/2472/2744 2745/2472/2745
f 2744/2472/2744 2746/2472/2746 2745/2472/2745
f 2745/2472/2745 2746/2472/2746 2747/2472/2747
f 2746/2472/2746 2748/2472/2748 2747/2472/2747
f 2747/2472/2747 2748/2472/2748 2749/2472/2749
f 2748/2472/2748 2750/2472/2750 2749/2472/2749
f 2749/2472/2749 2750/2472/2750 2751/2472/2751
f 2750/2472/2750 2752/2472/2752 2751/2472/2751
f 2751/2472/2751 2752/2472/2752 2753/2472/2753
f 2752/2472/2752 2754/2472/2754 2753/2472/2753
f 2753/2472/2753 2754/2472/2754 2755/2472/2755
f 2754/2472/2754 2756/2472/2756 2755/2472/2755
f 2755/2472/2755 2756/2472/2756 2757/2472/2757
f 2756/2472/2756 2758/2472/2758 2757/2472/2757
f 2757/2472/2757 2758/2472/2758 2759/2472/2759
f 2758/2472/2758 2760/2472/2760 2759/2472/2759
f 2759/2472/2759 2760/2472/2760 2761/2472/2761
f 2760/2472/2760 2762/2472/2762 2761/2472/2761
f 2761/2472/2761 2762/2472/2762 2763/2472/2763
f 2762/2472/2762 2764/2472/2764 2763/2472/2763
f 2763/2472/2763 2764/2472/2764 2765/2472/2765
f 2764/2472/2764 2766/2472/2766 2765/2472/2765
f 2765/2472/2765 2766/2472/2766 2767/2472/2767
f 2766/2472/2766 2768/2472/2768 2767/2472/2767
f 2767/2472/2767 2768/2472/2768 2769/2472/2769
f 2768/2472/2768 2770/2472/2770 2769/2472/2769
f 2769/2472/2769 2770/2472/2770 2771/2472/2771
f 2770/2472/2770 2772/2472/2772 2771/2472/2771
f 2771/2472/2771 2772/2472/2772 2773/2472/2773
f 2772/2472/2772 2774/2472/2774 2773/2472/2773
f 2773/2472/2773 2774/2472/2774 2775/2472/2775
f 2774/2472/2774 2776/2472/2776 2775/2472/2775
f 2775/2472/2775 2776/2472/2776 2777/2472/2777
f 2776/2472/2776 2778/2472/2778 2777/2472/2777
f 2777/2472/2777 2778/2472/2778 2779/2472/2779
f 2778/2472/2778 2780/2472/2780 2779/2472/2779
f 2779/2472/2779 2780/2472/2780 2781/2472/2781
f 2780/2472/2780 2782/2472/2782 2781/2472/2781
f 2781/2472/2781 2782/2472/2782 2783/2472/2783
f 2782/2472/2782 2784/2472/2784 2783/2472/2783
f 2783/2472/2783 2784/2472/2784 2785/2472/2785
f 2784/2472/2784 2786/2472/2786 2785/2472/2785
f 2785/2472/2785 2786/2472/2786 2787/2472/2787
f 2786/2472/2786 2788/2472/2788 2787/2472/2787
f 2787/2472/2787 2788/2472/2788 2789/2472/2789
f 2788/2472/2788 2790/2472/2790 2789/2472/2789
f 2789/2472/2789 2790/2472/2790 2791/2472/2791
f 2790/2472/2790 2792/2472/2792 2791/2472/2791
f 2791/2472/2791 2792/2472/2792 2793/2472/2793
f 2792/2472/2792 2794/2472/2794 2793/2472/2793
f 2793/2472/2793 2794/2472/2794 2795/2472/2795
f 2794/2472/2794 2796/2472/2796 2795/2472/2795
f 2795/2472/2795 2796/2472/2796 2797/2472/2797
f 2796/2472/2796 2798/2472/2798 2797/2472/2797
f 2797/2472/2797 2798/2472/2798 2799/2472/2799
f 2798/2472/2798 2800/2472/2800 2799/2472/2799
f 2799/2472/2799 2800/2472/2800 2801/2472/2801
f 2800/2472/2800 2802/2472/2802 2801/2472/2801
f 2801/2472/2801 2802/2472/2802 2803/2472/2803
f 2802/2472/2802 2804/2472/2804 2803/2472/2803
f 2803/2472/2803 2804/2472/2804 2805/2472/2805
f 2805/2472/2805 2804/2472/2804 2806/2472/2806
f 2806/2472/2806 2804/2472/2804 2807/2472/2807
f 2807/2472/2807 2804/2472/2804 2808/2472/2808
f 2804/2472/2804 2802/2472/2802 2808/2472/2808
f 2808/2472/2808 2802/2472/2802 2809/2472/2809
f 2802/2472/2802 2800/2472/2800 2809/2472/2809
f 2809/2472/2809 2800/2472/2800 2810/2472/2810
f 2800/2472/2800 2798/2472/2798 2810/2472/2810
f 2810/2472/2810 2798/2472/2798 2811/2472/2811
f 2798/2472/2798 2796/2472/2796 2811/2472/2811
f 2811/2472/2811 2796/2472/2796 2812/2472/2812
f 2796/2472/2796 2794/2472/2794 2812/2472/2812
f 2812/2472/2812 2794/2472/2794 2813/2472/2813
f 2794/2472/2794 2792/2472/2792 2813/2472/2813
f 2813/2472/2813 2792/2472/2792 2814/2472/2814
f 2792/2472/2792 2790/2472/2790 2814/2472/2814
f 2814/2472/2814 2790/2472/2790 2815/2472/2815
f 2790/2472/2790 2788/2472/2788 2815/2472/2815
f 2815/2472/2815 2788/2472/2788 2816/2472/2816
f 2788/2472/2788 2786/2472/2786 2816/2472/2816
f 2816/2472/2816 2786/2472/2786 2817/2472/2817
f 2786/2472/2786 2784/2472/2784 2817/2472/2817
f 2817/2472/2817 2784/2472/2784 2818/2472/2818
f 2784/2472/2784 2782/2472/2782 2818/2472/2818
f 2818/2472/2818 2782/2472/2782 2819/2472/2819
f 2782/2472/2782 2780/2472/2780 2819/2472/2819
f 2819/2472/2819 2780/2472/2780 2820/2472/2820
f 2780/2472/2780 2778/2472/2778 2820/2472/2820
f 2820/2472/2820 2778/2472/2778 2821/2472/2821
f 2778/2472/2778 2776/2472/2776 2821/2472/2821
f 2821/2472/2821 2776/2472/2776 2822/2472/2822
f 2776/2472/2776 2774/2472/2774 2822/2472/2822
f 2822/2472/2822 2774/2472/2774 2823/2472/2823
f 2774/2472/2774 2772/2472/2772 2823/2472/2823
f 2823/2472/2823 2772/2472/2772 2824/2472/2824
f 2772/2472/2772 2770/2472/2770 2824/2472/2824
f 2824/2472/2824 2770/2472/2770 2825/2472/2825
f 2770/2472/2770 2768/2472/2768 2825/2472/2825
f 2825/2472/2825 2768/2472/2768 2826/2472/2826
f 2768/2472/2768 2766/2472/2766 2826/2472/2826
f 2826/2472/2826 2766/2472/2766 2827/2472/2827
f 2766/2472/2766 2764/2472/2764 2827/2472/2827
f 2827/2472/2827 2764/2472/2764 2828/2472/2828
f 2764/2472/2764 2762/2472/2762 2828/2472/2828
f 2828/2472/2828 2762/2472/2762 2829/2472/2829
f 2762/2472/2762 2760/2472/2760 2829/2472/2829
f 2829/2472/2829 2760/2472/2760 2830/2472/2830
f 2760/2472/2760 2758/2472/2758 2830/2472/2830
f 2830/2472/2830 2758/2472/2758 2831/2472/2831
f 2758/2472/2758 2756/2472/2756 2831/2472/2831
f 2831/2472/2831 2756/2472/2756 2832/2472/2832
f 2756/2472/2756 2754/2472/2754 2832/2472/2832
f 2832/2472/2832 2754/2472/2754 2833/2472/2833
f 2754/2472/2754 2752/2472/2752 2833/2472/2833
f 2833/2472/2833 2752/2472/2752 2834/2472/2834
f 2752/2472/2752 2750/2472/2750 2834/2472/2834
f 2834/2472/2834 2750/2472/2750 2835/2472/2835
f 2750/2472/2750 2748/2472/2748 2835/2472/2835
f 2835/2472/2835 2748/2472/2748 2836/2472/2836
f 2748/2472/2748 2746/2472/2746 2836/2472/2836
f 2836/2472/2836 2746/2472/2746 2837/2472/2837
f 2746/2472/2746 2744/2472/2744 2837/2472/2837
f 2837/2472/2837 2744/2472/2744 2838/2472/2838
f 2744/2472/2744 2742/2472/2742 2838/2472/2838
f 2838/2472/2838 2742/2472/2742 2839/2472/2839
f 2742/2472/2742 2740/2472/2740 2839/2472/2839
f 2839/2472/2839 2740/2472/2740 2840/2472/2840
f 2740/2472/2740 2738/2472/2738 2840/2472/2840
f 2840/2472/2840 2738/2472/2738 2841/2472/2841
f 2738/2472/2738 2736/2472/2736 2841/2472/2841
f 2841/2472/2841 2736/2472/2736 2842/2472/2842
f 2736/2472/2736 2734/2472/2734 2842/2472/2842
f 2842/2472/2842 2734/2472/2734 2843/2472/2843
f 2734/2472/2734 2732/2472/2732 2843/2472/2843
f 2843/2472/2843 2732/2472/2732 2844/2472/2844
f 2732/2472/2732 2730/2472/2730 2844/2472/2844
f 2844/2472/2844 2730/2472/2730 2845/2472/2845
f 2730/2472/2730 2728/2472/2728 2845/2472/2845
f 2845/2472/2845 2728/2472/2728 2846/2472/2846
f 2728/2472/2728 2726/2472/2726 2846/2472/2846
f 2846/2472/2846 2726/2472/2726 2847/2472/2847
f 2726/2472/2726 2724/2472/2724 2847/2472/2847
f 2847/2472/2847 2724/2472/2724 2848/2472/2848
f 2724/2472/2724 2722/2472/2722 2848/2472/2848
f 2848/2472/2848 2722/2472/2722 2849/2472/2849
f 2722/2472/2722 2720/2472/2720 2849/2472/2849
f 2849/2472/2849 2720/2472/2720 2850/2472/2850
f 2720/2472/2720 2718/2472/2718 2850/2472/2850
f 2850/2472/2850 2718/2472/2718 2851/2472/2851
f 2718/2472/2718 2716/2472/2716 2851/2472/2851
f 2851/2472/2851 2716/2472/2716 2852/2472/2852
f 2716/2472/2716 2714/2472/2714 2852/2472/2852
f 2852/2472/2852 2714/2472/2714 2853/2472/2853
f 2714/2472/2714 2712/2472/2712 2853/2472/2853
f 2853/2472/2853 2712/2472/2712 2854/2472/2854
f 2712/2472/2712 2710/2472/2710 2854/2472/2854
f 2854/2472/2854 2710/2472/2710 2855/2472/2855
f 2710/2472/2710 2708/2472/2708 2855/2472/2855
f 2855/2472/2855 2708/2472/2708 2856/2472/2856
f 2708/2472/2708 2706/2472/2706 2856/2472/2856
f 2856/2472/2856 2706/2472/2706 2857/2472/2857
f 2706/2472/2706 2704/2472/2704 2857/2472/2857
f 2857/2472/2857 2704/2472/2704 2858/2472/2858
f 2704/2472/2704 2702/2472/2702 2858/2472/2858
f 2858/2472/2858 2702/2472/2702 2859/2472/2859
f 2702/2472/2702 2700/2472/2700 2859/2472/2859
f 2859/2472/2859 2700/2472/2700 2860/2472/2860
f 2700/2472/2700 2698/2472/2698 2860/2472/2860
f 2860/2472/2860 2698/2472/2698 2861/2472/2861
f 2698/2472/2698 2696/2472/2696 2861/2472/2861
f 2861/2472/2861 2696/2472/2696 2862/2472/2862
f 2696/2472/2696 2694/2472/2694 2862/2472/2862
f 2862/2472/2862 2694/2472/2694 2863/2472/2863
f 2694/2472/2694 2692/2472/2692 2863/2472/2863
f 2863/2472/2863 2692/2472/2692 2864/2472/2864
f 2692/2472/2692 2690/2472/2690 2864/2472/2864
f 2864/2472/2864 2690/2472/2690 2865/2472/2865
f 2690/2472/2690 2688/2472/2688 2865/2472/2865
f 2865/2472/2865 2688/2472/2688 2866/2472/2866
f 2688/2472/2688 2686/2472/2686 2866/2472/2866
f 2866/2472/2866 2686/2472/2686 2867/2472/2867
f 2686/2472/2686 2681/2472/2681 2867/2472/2867
f 2867/2472/2867 2681/2472/2681 2868/2472/2868
f 2681/2472/2681 2683/2472/2683 2868/2472/2868
f 2868/2472/2868 2683/2472/2683 2869/2472/2869
f 2683/2472/2683 2870/2472/2870 2869/2472/2869
f 2869/2472/2869 2870/2472/2870 2871/2472/2871
f 2870/2472/2870 2807/2472/2807 2871/2472/2871
f 2871/2472/2871 2807/2472/2807 2872/2472/2872
f 2807/2472/2807 2808/2472/2808 2872/2472/2872
f 2872/2472/2872 2808/2472/2808 2873/2472/2873
f 2808/2472/2808 2809/2472/2809 2873/2472/2873
f 2873/2472/2873 2809/2472/2809 2874/2472/2874
f 2809/2472/2809 2810/2472/2810 2874/2472/2874
f 2874/2472/2874 2810/2472/2810 2875/2472/2875
f 2810/2472/2810 2811/2472/2811 2875/2472/2875
f 2875/2472/2875 2811/2472/2811 2876/2472/2876
f 2811/2472/2811 2812/2472/2812 2876/2472/2876
f 2876/2472/2876 2812/2472/2812 2877/2472/2877
f 2812/2472/2812 2813/2472/2813 2877/2472/2877
f 2877/2472/2877 2813/2472/2813 2878/2472/2878
f 2813/2472/2813 2814/2472/2814 2878/2472/2878
f 2878/2472/2878 2814/2472/2814 2879/2472/2879
f 2814/2472/2814 2815/2472/2815 2879/2472/2879
f 2879/2472/2879 2815/2472/2815 2880/2472/2880
f 2815/2472/2815 2816/2472/2816 2880/2472/2880
f 2880/2472/2880 2816/2472/2816 2881/2472/2881
f 2816/2472/2816 2817/2472/2817 2881/2472/2881
f 2881/2472/2881 2817/2472/2817 2882/2472/2882
f 2817/2472/2817 2818/2472/2818 2882/2472/2882
f 2882/2472/2882 2818/2472/2818 2883/2472/2883
f 2818/2472/2818 2819/2472/2819 2883/2472/2883
f 2883/2472/2883 2819/2472/2819 2884/2472/2884
f 2819/2472/2819 2820/2472/2820 2884/2472/2884
f 2884/2472/2884 2820/2472/2820 2885/2472/2885
f 2820/2472/2820 2821/2472/2821 2885/2472/2885
f 2885/2472/2885 2821/2472/2821 2886/2472/2886
f 2821/2472/2821 2822/2472/2822 2886/2472/2886
f 2886/2472/2886 2822/2472/2822 2887/2472/2887
f 2822/2472/2822 2823/2472/2823 2887/2472/2887
f 2887/2472/2887 2823/2472/2823 2888/2472/2888
f 2823/2472/2823 2824/2472/2824 2888/2472/2888
f 2888/2472/2888 2824/2472/2824 2889/2472/2889
f 2824/2472/2824 2825/2472/2825 2889/2472/2889
f 2889/2472/2889 2825/2472/2825 2890/2472/2890
f 2825/2472/2825 2826/2472/2826 2890/2472/2890
f 2890/2472/2890 2826/2472/2826 2891/2472/2891
f 2826/2472/2826 2827/2472/2827 2891/2472/2891
f 2891/2472/2891 2827/2472/2827 2892/2472/2892
f 2827/2472/2827 2828/2472/2828 2892/2472/2892
f 2892/2472/2892 2828/2472/2828 2893/2472/2893
f 2828/2472/2828 2829/2472/2829 2893/2472/2893
f 2893/2472/2893 2829/2472/2829 2894/2472/2894
f 2829/2472/2829 2830/2472/2830 2894/2472/2894
f 2894/2472/2894 2830/2472/2830 2895/2472/2895
f 2830/2472/2830 2831/2472/2831 2895/2472/2895
f 2895/2472/2895 2831/2472/2831 2896/2472/2896
f 2831/2472/2831 2832/2472/2832 2896/2472/2896
f 2896/2472/2896 2832/2472/2832 2897/2472/2897
f 2832/2472/2832 2833/2472/2833 2897/2472/2897
f 2897/2472/2897 2833/2472/2833 2898/2472/2898
f 2833/2472/2833 2834/2472/2834 2898/2472/2898
f 2898/2472/2898 2834/2472/2834 2899/2472/2899
f 2834/2472/2834 2835/2472/2835 2899/2472/2899
f 2899/2472/2899 2835/2472/2835 2900/2472/2900
f 2835/2472/2835 2836/2472/2836 2900/2472/2900
f 2900/2472/2900 2836/2472/2836 2901/2472/2901
f 2836/2472/2836 2837/2472/2837 2901/2472/2901
f 2901/2472/2901 2837/2472/2837 2902/2472/2902
f 2837/2472/2837 2838/2472/2838 2902/2472/2902
f 2902/2472/2902 2838/2472/2838 2903/2472/2903
f 2838/2472/2838 2839/2472/2839 2903/2472/2903
f 2903/2472/2903 2839/2472/2839 2904/2472/2904
f 2839/2472/2839 2840/2472/2840 2904/2472/2904
f 2904/2472/2904 2840/2472/2840 2905/2472/2905
f 2840/2472/2840 2841/2472/2841 2905/2472/2905
f 2905/2472/2905 2841/2472/2841 2906/2472/2906
f 2841/2472/2841 2842/2472/2842 2906/2472/2906
f 2906/2472/2906 2842/2472/2842 2907/2472/2907
f 2842/2472/2842 2843/2472/2843 2907/2472/2907
f 2907/2472/2907 2843/2472/2843 2908/2472/2908
f 2843/2472/2843 2844/2472/2844 2908/2472/2908
f 2908/2472/2908 2844/2472/2844 2909/2472/2909
f 2844/2472/2844 2845/2472/2845 2909/2472/2909
f 2909/2472/2909 2845/2472/2845 2910/2472/2910
f 2845/2472/2845 2846/2472/2846 2910/2472/2910
f 2910/2472/2910 2846/2472/2846 2911/2472/2911
f 2846/2472/2846 2847/2472/2847 2911/2472/2911
f 2911/2472/2911 2847/2472/2847 2912/2472/2912
f 2847/2472/2847 2848/2472/2848 2912/2472/2912
f 2912/2472/2912 2848/2472/2848 2913/2472/2913
f 2848/2472/2848 2849/2472/2849 2913/2472/2913
f 2913/2472/2913 2849/2472/2849 2914/2472/2914
f 2849/2472/2849 2850/2472/2850 2914/2472/2914
f 2914/2472/2914 2850/2472/2850 2915/2472/2915
f 2850/2472/2850 2851/2472/2851 2915/2472/2915
f 2915/2472/2915 2851/2472/2851 2916/2472/2916
f 2851/2472/2851 2852/2472/2852 2916/2472/2916
f 2916/2472/2916 2852/2472/2852 2917/2472/2917
f 2852/2472/2852 2853/2472/2853 2917/2472/2917
f 2917/2472/2917 2853/2472/2853 2918/2472/2918
f 2853/2472/2853 2854/2472/2854 2918/2472/2918
f 2918/2472/2918 2854/2472/2854 2919/2472/2919
f 2854/2472/2854 2855/2472/2855 2919/2472/2919
f 2919/2472/2919 2855/2472/2855 2920/2472/2920
f 2855/2472/2855 2856/2472/2856 2920/2472/2920
f 2920/2472/2920 2856/2472/2856 2921/2472/2921
f 2856/2472/2856 2857/2472/2857 2921/2472/2921
f 2921/2472/2921 2857/2472/2857 2922/2472/2922
f 2857/2472/2857 2858/2472/2858 2922/2472/2922
f 2922/2472/2922 2858/2472/2858 2923/2472/2923
f 2858/2472/2858 2859/2472/2859 2923/2472/2923
f 2923/2472/2923 2859/2472/2859 2924/2472/2924
f 2859/2472/2859 2860/2472/2860 2924/2472/2924
f 2924/2472/2924 2860/2472/2860 2925/2472/2925
f 2860/2472/2860 2861/2472/2861 2925/2472/2925
f 2925/2472/2925 2861/2472/2861 2926/2472/2926
f 2861/2472/2861 2862/2472/2862 2926/2472/2926
f 2926/2472/2926 2862/2472/2862 2927/2472/2927
f 2862/2472/2862 2863/2472/2863 2927/2472/2927
f 2927/2472/2927 2863/2472/2863 2928/2472/2928
f 2863/2472/2863 2864/2472/2864 2928/2472/2928
f 2928/2472/2928 2864/2472/2864 2929/2472/2929
f 2864/2472/2864 2865/2472/2865 2929/2472/2929
f 2929/2472/2929 2865/2472/2865 2930/2472/2930
f 2865/2472/2865 2866/2472/2866 2930/2472/2930
f 2930/2472/2930 2866/2472/2866 2931/2472/2931
f 2866/2472/2866 2867/2472/2867 2931/2472/2931
f 2931/2472/2931 2867/2472/2867 2932/2472/2932
f 2867/2472/2867 2868/2472/2868 2932/2472/2932
f 2932/2472/2932 2868/2472/2868 2933/2472/2933
f 2868/2472/2868 2869/2472/2869 2933/2472/2933
f 2933/2472/2933 2869/2472/2869 2934/2472/2934
f 2869/2472/2869 2871/2472/2871 2934/2472/2934
f 2934/2472/2934 2871/2472/2871 2935/2472/2935
f 2871/2472/2871 2872/2472/2872 2935/2472/2935
f 2935/2472/2935 2872/2472/2872 2936/2472/2936
f 2872/2472/2872 2873/2472/2873 2936/2472/2936
f 2873/2472/2873 2937/2472/2937 2936/2472/2936
f 2936/2472/2936 2937/2472/2937 2935/2472/2935
f 2937/2472/2937 2938/2472/2938 2935/2472/2935
f 2935/2472/2935 2938/2472/2938 2934/2472/2934
f 2938/2472/2938 2939/2472/2939 2934/2472/2934
f 2934/2472/2934 2939/2472/2939 2933/2472/2933
f 2939/2472/2939 2940/2472/2940 2933/2472/2933
f 2933/2472/2933 2940/2472/2940 2932/2472/2932
f 2940/2472/2940 2941/2472/2941 2932/2472/2932
f 2932/2472/2932 2941/2472/2941 2931/2472/2931
f 2941/2472/2941 2942/2472/2942 2931/2472/2931
f 2931/2472/2931 2942/2472/2942 2930/2472/2930
f 2942/2472/2942 2943/2472/2943 2930/2472/2930
f 2930/2472/2930 2943/2472/2943 2929/2472/2929
f 2943/2472/2943 2944/2472/2944 2929/2472/2929
f 2929/2472/2929 2944/2472/2944 2928/2472/2928
f 2944/2472/2944 2945/2472/2945 2928/2472/2928
f 2928/2472/2928 2945/2472/2945 2927/2472/2927
f 2945/2472/2945 2946/2472/2946 2927/2472/2927
f 2927/2472/2927 2946/2472/2946 2926/2472/2926
f 2946/2472/2946 2947/2472/2947 2926/2472/2926
f 2926/2472/2926 2947/2472/2947 2925/2472/2925
f 2947/2472/2947 2948/2472/2948 2925/2472/2925
f 2925/2472/2925 2948/2472/2948 2924/2472/2924
f 2948/2472/2948 2949/2472/2949 2924/2472/2924
f 2924/2472/2924 2949/2472/2949 2923/2472/2923
f 2949/2472/2949 2950/2472/2950 2923/2472/2923
f 2923/2472/2923 2950/2472/2950 2922/2472/2922
f 2950/2472/2950 2951/2472/2951 2922/2472/2922
f 2922/2472/2922 2951/2472/2951 2921/2472/2921
f 2951/2472/2951 2952/2472/2952 2921/2472/2921
f 2921/2472/2921 2952/2472/2952 2920/2472/2920
f 2952/2472/2952 2953/2472/2953 2920/2472/2920
f 2920/2472/2920 2953/2472/2953 2919/2472/2919
f 2953/2472/2953 2954/2472/2954 2919/2472/2919
f 2919/2472/2919 2954/2472/2954 2918/2472/2918
f 2954/2472/2954 2955/2472/2955 2918/2472/2918
f 2918/2472/2918 2955/2472/2955 2917/2472/2917
f 2955/2472/2955 2956/2472/2956 2917/2472/2917
f 2917/2472/2917 2956/2472/2956 2916/2472/2916
f 2956/2472/2956 2957/2472/2957 2916/2472/2916
f 2916/2472/2916 2957/2472/2957 2915/2472/2915
f 2957/2472/2957 2958/2472/2958 2915/2472/2915
f 2915/2472/2915 2958/2472/2958 2914/2472/2914
f 2958/2472/2958 2959/2472/2959 2914/2472/2914
f 2914/2472/2914 2959/2472/2959 2913/2472/2913
f 2959/2472/2959 2960/2472/2960 2913/2472/2913
f 2913/2472/2913 2960/2472/2960 2912/2472/2912
f 2960/2472/2960 2961/2472/2961 2912/2472/2912
f 2912/2472/2912 2961/2472/2961 2911/2472/2911
f 2961/2472/2961 2962/2472/2962 2911/2472/2911
f 2911/2472/2911 2962/2472/2962 2910/2472/2910
f 2962/2472/2962 2963/2472/2963 2910/2472/2910
f 2910/2472/2910 2963/2472/2963 2909/2472/2909
f 2963/2472/2963 2964/2472/2964 2909/2472/2909
f 2909/2472/2909 2964/2472/2964 2908/2472/2908
f 2964/2472/2964 2965/2472/2965 2908/2472/2908
f 2908/2472/2908 2965/2472/2965 2907/2472/2907
f 2965/2472/2965 2966/2472/2966 2907/2472/2907
f 2907/2472/2907 2966/2472/2966 2906/2472/2906
f 2966/2472/2966 2967/2472/2967 2906/2472/2906
f 2906/2472/2906 2967/2472/2967 2905/2472/2905
f 2967/2472/2967 2968/2472/2968 2905/2472/2905
f 2905/2472/2905 2968/2472/2968 2904/2472/2904
f 2968/2472/2968 2969/2472/2969 2904/2472/2904
f 2904/2472/2904 2969/2472/2969 2903/2472/2903
f 2969/2472/2969 2970/2472/2970 2903/2472/2903
f 2903/2472/2903 2970/2472/2970 2902/2472/2902
f 2970/2472/2970 2971/2472/2971 2902/2472/2902
f 2902/2472/2902 2971/2472/2971 2901/2472/2901
f 2971/2472/2971 2972/2472/2972 2901/2472/2901
f 2901/2472/2901 2972/2472/2972 2900/2472/2900
f 2972/2472/2972 2973/2472/2973 2900/2472/2900
f 2900/2472/2900 2973/2472/2973 2899/2472/2899
f 2973/2472/2973 2974/2472/2974 2899/2472/2899
f 2899/2472/2899 2974/2472/2974 2898/2472/2898
f 2974/2472/2974 2975/2472/2975 2898/2472/2898
f 2898/2472/2898 2975/2472/2975 2897/2472/2897
f 2975/2472/2975 2976/2472/2976 2897/2472/2897
f 2897/2472/2897 2976/2472/2976 2896/2472/2896
f 2976/2472/2976 2977/2472/2977 2896/2472/2896
f 2896/2472/2896 2977/2472/2977 2895/2472/2895
f 2977/2472/2977 2978/2472/2978 2895/2472/2895
f 2895/2472/2895 2978/2472/2978 2894/2472/2894
f 2978/2472/2978 2979/2472/2979 2894/2472/2894
f 2894/2472/2894 2979/2472/2979 2893/2472/2893
f 2979/2472/2979 2980/2472/2980 2893/2472/2893
f 2893/2472/2893 2980/2472/2980 2892/2472/2892
f 2980/2472/2980 2981/2472/2981 2892/2472/2892
f 2892/2472/2892 2981/2472/2981 2891/2472/2891
f 2981/2472/2981 2982/2472/2982 2891/2472/2891
f 2891/2472/2891 2982/2472/2982 2890/2472/2890
f 2982/2472/2982 2983/2472/2983 2890/2472/2890
f 2890/2472/2890 2983/2472/2983 2889/2472/2889
f 2983/2472/2983 2984/2472/2984 2889/2472/2889
f 2889/2472/2889 2984/2472/2984 2888/2472/2888
f 2984/2472/2984 2985/2472/2985 2888/2472/2888
f 2888/2472/2888 2985/2472/2985 2887/2472/2887
f 2985/2472/2985 2986/2472/2986 2887/2472/2887
f 2887/2472/2887 2986/2472/2986 2886/2472/2886
f 2986/2472/2986 2987/2472/2987 2886/2472/2886
f 2886/2472/2886 2987/2472/2987 2885/2472/2885
f 2987/2472/2987 2988/2472/2988 2885/2472/2885
f 2885/2472/2885 2988/2472/2988 2884/2472/2884
f 2988/2472/2988 2989/2472/2989 2884/2472/2884
f 2884/2472/2884 2989/2472/2989 2883/2472/2883
f 2989/2472/2989 2990/2472/2990 2883/2472/2883
f 2883/2472/2883 2990/2472/2990 2882/2472/2882
f 2990/2472/2990 2991/2472/2991 2882/2472/2882
f 2882/2472/2882 2991/2472/2991 2881/2472/2881
f 2991/2472/2991 2992/2472/2992 2881/2472/2881
f 2881/2472/2881 2992/2472/2992 2880/2472/2880
f 2992/2472/2992 2993/2472/2993 2880/2472/2880
f 2880/2472/2880 2993/2472/2993 2879/2472/2879
f 2993/2472/2993 2994/2472/2994 2879/2472/2879
f 2879/2472/2879 2994/2472/2994 2878/2472/2878
f 2994/2472/2994 2995/2472/2995 2878/2472/2878
f 2878/2472/2878 2995/2472/2995 2877/2472/2877
f 2995/2472/2995 2996/2472/2996 2877/2472/2877
f 2877/2472/2877 2996/2472/2996 2876/2472/2876
f 2996/2472/2996 2997/2472/2997 2876/2472/2876
f 2876/2472/2876 2997/2472/2997 2875/2472/2875
f 2997/2472/2997 2998/2472/2998 2875/2472/2875
f 2875/2472/2875 2998/2472/2998 2874/2472/2874
f 2998/2472/2998 2999/2472/2999 2874/2472/2874
f 2874/2472/2874 2999/2472/2999 2873/2472/2873
f 2999/2472/2999 3000/2472/3000 2873/2472/2873
f 2873/2472/2873 3000/2472/3000 2937/2472/2937
f 2683/2472/2683 2684/2472/2684 2870/2472/2870
f 2684/2472/2684 2806/2472/2806 2870/2472/2870
f 2870/2472/2870 2806/2472/2806 2807/2472/2807
f 3001/2472/3001 3003/2472/3003 3002/2472/3002
f 3002/2472/3002 3003/2472/3003 3004/2472/3004
f 3003/2472/3003 3005/2472/3005 3004/2472/3004
f 3005/2472/3005 3006/2472/3006 3004/2472/3004
f 3004/2472/3004 3006/2472/3006 3007/2472/3007
f 3006/2472/3006 3008/2472/3008 3007/2472/3007
f 3007/2472/3007 3008/2472/3008 3009/2472/3009
f 3008/2472/3008 3010/2472/3010 3009/2472/3009
f 3009/2472/3009 3010/2472/3010 3011/2472/3011
f 3010/2472/3010 3012/2472/3012 3011/2472/3011
f 3011/2472/3011 3013/2472/3013 3009/2472/3009
f 3013/2472/3013 3014/2472/3014 3009/2472/3009
f 3009/2472/3009 3014/2472/3014 3007/2472/3007
f 3014/2472/3014 3015/2472/3015 3007/2472/3007
f 3007/2472/3007 3015/2472/3015 3004/2472/3004
f 3015/2472/3015 3002/2472/3002 3004/2472/3004
f 3016/2472/3016 3017/2472/3017 3018/2472/3018
f 3018/2472/3018 3017/2472/3017 3019/2472/3019
f 3017/2472/3017 3020/2472/3020 3019/2472/3019
f 3020/2472/3020 3021/2472/3021 3019/2472/3019
f 3019/2472/3019 3021/2472/3021 3022/2472/3022
f 3021/2472/3021 3023/2472/3023 3022/2472/3022
f 3022/2472/3022 3023/2472/3023 3024/2472/3024
f 3023/2472/3023 3025/2472/3025 3024/2472/3024
f 3024/2472/3024 3025/2472/3025 3026/2472/3026
f 3025/2472/3025 3027/2472/3027 3026/2472/3026
f 3026/2472/3026 3028/2472/3028 3024/2472/3024
f 3028/2472/3028 3029/2472/3029 3024/2472/3024
f 3024/2472/3024 3029/2472/3029 3022/2472/3022
f 3029/2472/3029 3030/2472/3030 3022/2472/3022
f 3022/2472/3022 3030/2472/3030 3019/2472/3019
f 3030/2472/3030 3018/2472/3018 3019/2472/3019
f 3031/2472/3031 3032/2472/3032 3033/2472/3033
f 3033/2472/3033 3032/2472/3032 3034/2472/3034
f 3032/2472/3032 3035/2472/3035 3034/2472/3034
f 3035/2472/3035 3036/2472/3036 3034/2472/3034
f 3034/2472/3034 3036/2472/3036 3037/2472/3037
f 3036/2472/3036 3038/2472/3038 3037/2472/3037
f 3037/2472/3037 3038/2472/3038 3039/2472/3039
f 3038/2472/3038 3040/2472/3040 3039/2472/3039
f 3039/2472/3039 3040/2472/3040 3041/2472/3041
f 3040/2472/3040 3042/2472/3042 3041/2472/3041
f 3041/2472/3041 3043/2472/3043 3039/2472/3039
f 3043/2472/3043 3044/2472/3044 3039/2472/3039
f 3039/2472/3039 3044/2472/3044 3037/2472/3037
f 3044/2472/3044 3045/2472/3045 3037/2472/3037
f 3037/2472/3037 3045/2472/3045 3034/2472/3034
f 3045/2472/3045 3033/2472/3033 3034/2472/3034
f 3046/2472/3046 3047/2472/3047 3048/2472/3048
f 3048/2472/3048 3047/2472/3047 3049/2472/3049
f 3047/2472/3047 3050/2472/3050 3049/2472/3049
f 3050/2472/3050 3051/2472/3051 3049/2472/3049
f 3049/2472/3049 3051/2472/3051 3052/2472/3052
f 3051/2472/3051 3053/2472/3053 3052/2472/3052
f 3052/2472/3052 3053/2472/3053 3054/2472/3054
f 3053/2472/3053 3055/2472/3055 3054/2472/3054
f 3054/2472/3054 3055/2472/3055 3056/2472/3056
f 3055/2472/3055 3057/2472/3057 3056/2472/3056
f 3056/2472/3056 3058/2472/3058 3054/2472/3054
f 3058/2472/3058 3059/2472/3059 3054/2472/3054
f 3054/2472/3054 3059/2472/3059 3052/2472/3052
f 3059/2472/3059 3060/2472/3060 3052/2472/3052
f 3052/2472/3052 3060/2472/3060 3049/2472/3049
f 3060/2472/3060 3048/2472/3048 3049/2472/3049
f 3061/2472/3061 3062/2472/3062 3063/2472/3063
f 3063/2472/3063 3062/2472/3062 3064/2472/3064
f 3062/2472/3062 3065/2472/3065 3064/2472/3064
f 3065/2472/3065 3066/2472/3066 3064/2472/3064
f 3064/2472/3064 3066/2472/3066 3067/2472/3067
f 3066/2472/3066 3068/2472/3068 3067/2472/3067
f 3067/2472/3067 3068/2472/3068 3069/2472/3069
f 3068/2472/3068 3070/2472/3070 3069/2472/3069
f 3069/2472/3069 3070/2472/3070 3071/2472/3071
f 3070/2472/3070 3072/2472/3072 3071/2472/3071
f 3071/2472/3071 3073/2472/3073 3069/2472/3069
f 3073/2472/3073 3074/2472/3074 3069/2472/3069
f 3069/2472/3069 3074/2472/3074 3067/2472/3067
f 3074/2472/3074 3075/2472/3075 3067/2472/3067
f 3067/2472/3067 3075/2472/3075 3064/2472/3064
f 3075/2472/3075 3063/2472/3063 3064/2472/3064
f 3076/2472/3076 3077/2472/3077 3078/2472/3078
f 3078/2472/3078 3077/2472/3077 3079/2472/3079
f 3077/2472/3077 3080/2472/3080 3079/2472/3079
f 3080/2472/3080 3081/2472/3081 3079/2472/3079
f 3079/2472/3079 3081/2472/3081 3082/2472/3082
f 3081/2472/3081 3083/2472/3083 3082/2472/3082
f 3082/2472/3082 3083/2472/3083 3084/2472/3084
f 3083/2472/3083 3085/2472/3085 3084/2472/3084
f 3084/2472/3084 3085/2472/3085 3086/2472/3086
f 3085/2472/3085 3087/2472/3087 3086/2472/3086
f 3086/2472/3086 3088/2472/3088 3084/2472/3084
f 3088/2472/3088 3089/2472/3089 3084/2472/3084
f 3084/2472/3084 3089/2472/3089 3082/2472/3082
f 3089/2472/3089 3090/2472/3090 3082/2472/3082
f 3082/2472/3082 3090/2472/3090 3079/2472/3079
f 3090/2472/3090 3078/2472/3078 3079/2472/3079
f 3091/2472/3091 3092/2472/3092 3093/2472/3093
f 3093/2472/3093 3092/2472/3092 3094/2472/3094
f 3092/2472/3092 3095/2472/3095 3094/2472/3094
f 3095/2472/3095 3096/2472/3096 3094/2472/3094
f 3094/2472/3094 3096/2472/3096 3097/2472/3097
f 3096/2472/3096 3098/2472/3098 3097/2472/3097
f 3097/2472/3097 3098/2472/3098 3099/2472/3099
f 3098/2472/3098 3100/2472/3100 3099/2472/3099
f 3099/2472/3099 3100/2472/3100 3101/2472/3101
f 3100/2472/3100 3102/2472/3102 3101/2472/3101
f 3101/2472/3101 3103/2472/3103 3099/2472/3099
f 3103/2472/3103 3104/2472/3104 3099/2472/3099
f 3099/2472/3099 3104/2472/3104 3097/2472/3097
f 3104/2472/3104 3105/2472/3105 3097/2472/3097
f 3097/2472/3097 3105/2472/3105 3094/2472/3094
f 3105/2472/3105 3093/2472/3093 3094/2472/3094
f 3106/2472/3106 3107/2472/3107 3108/2472/3108
f 3107/2472/3107 3109/2472/3109 3108/2472/3108
f 3108/2472/3108 3109/2472/3109 3110/2472/3110
f 3109/2472/3109 3111/2472/3111 3110/2472/3110
f 3110/2472/3110 3111/2472/3111 3112/2472/3112
f 3111/2472/3111 3113/2472/3113 3112/2472/3112
f 3112/2472/3112 3113/2472/3113 3114/2472/3114
f 3113/2472/3113 3115/2472/3115 3114/2472/3114
f 3114/2472/3114 3115/2472/3115 3116/2472/3116
f 3115/2472/3115 3117/2472/3117 3116/2472/3116
f 3116/2472/3116 3117/2472/3117 3118/2472/3118
f 3117/2472/3117 3119/2472/3119 3118/2472/3118
f 3118/2472/3118 3119/2472/3119 3120/2472/3120
f 3119/2472/3119 3121/2472/3121 3120/2472/3120
f 3120/2472/3120 3121/2472/3121 3122/2472/3122
f 3121/2472/3121 3123/2472/3123 3122/2472/3122
f 3122/2472/3122 3123/2472/3123 3124/2472/3124
f 3123/2472/3123 3125/2472/3125 3124/2472/3124
f 3124/2472/3124 3125/2472/3125 3126/2472/3126
f 3125/2472/3125 3127/2472/3127 3126/2472/3126
f 3126/2472/3126 3127/2472/3127 3128/2472/3128
f 3127/2472/3127 3129/2472/3129 3128/2472/3128
f 3128/2472/3128 3129/2472/3129 3130/2472/3130
f 3129/2472/3129 3131/2472/3131 3130/2472/3130
f 3130/2472/3130 3131/2472/3131 3132/2472/3132
f 3131/2472/3131 3133/2472/3133 3132/2472/3132
f 3132/2472/3132 3133/2472/3133 3134/2472/3134
f 3133/2472/3133 3135/2472/3135 3134/2472/3134
f 3134/2472/3134 3135/2472/3135 3136/2472/3136
f 3135/2472/3135 3137/2472/3137 3136/2472/3136
f 3136/2472/3136 3137/2472/3137 3138/2472/3138
f 3137/2472/3137 3139/2472/3139 3138/2472/3138
f 3138/2472/3138 3139/2472/3139 3140/2472/3140
f 3139/2472/3139 3141/2472/3141 3140/2472/3140
f 3140/2472/3140 3141/2472/3141 3142/2472/3142
f 3141/2472/3141 3143/2472/3143 3142/2472/3142
f 3142/2472/3142 3143/2472/3143 3144/2472/3144
f 3143/2472/3143 3145/2472/3145 3144/2472/3144
f 3144/2472/3144 3145/2472/3145 3146/2472/3146
f 3145/2472/3145 3147/2472/3147 3146/2472/3146
f 3146/2472/3146 3147/2472/3147 3148/2472/3148
f 3147/2472/3147 3149/2472/3149 3148/2472/3148
f 3148/2472/3148 3149/2472/3149 3150/2472/3150
f 3149/2472/3149 3151/2472/3151 3150/2472/3150
f 3150/2472/3150 3151/2472/3151 3152/2472/3152
f 3151/2472/3151 3153/2472/3153 3152/2472/3152
f 3152/2472/3152 3153/2472/3153 3154/2472/3154
f 3153/2472/3153 3155/2472/3155 3154/2472/3154
f 3154/2472/3154 3155/2472/3155 3156/2472/3156
f 3155/2472/3155 3157/2472/3157 3156/2472/3156
f 3156/2472/3156 3157/2472/3157 3158/2472/3158
f 3157/2472/3157 3159/2472/3159 3158/2472/3158
f 3158/2472/3158 3159/2472/3159 3160/2472/3160
f 3159/2472/3159 3161/2472/3161 3160/2472/3160
f 3160/2472/3160 3161/2472/3161 3162/2472/3162
f 3161/2472/3161 3163/2472/3163 3162/2472/3162
f 3162/2472/3162 3163/2472/3163 3164/2472/3164
f 3163/2472/3163 3165/2472/3165 3164/2472/3164
f 3164/2472/3164 3165/2472/3165 3166/2472/3166
f 3165/2472/3165 3167/2472/3167 3166/2472/3166
f 3166/2472/3166 3167/2472/3167 3168/2472/3168
f 3167/2472/3167 3169/2472/3169 3168/2472/3168
f 3168/2472/3168 3169/2472/3169 3170/2472/3170
f 3169/2472/3169 3171/2472/3171 3170/2472/3170
f 3170/2472/3170 3171/2472/3171 3172/2472/3172
f 3171/2472/3171 3173/2472/3173 3172/2472/3172
f 3172/2472/3172 3173/2472/3173 3174/2472/3174
f 3173/2472/3173 3175/2472/3175 3174/2472/3174
f 3174/2472/3174 3175/2472/3175 3176/2472/3176
f 3175/2472/3175 3177/2472/3177 3176/2472/3176
f 3176/2472/3176 3177/2472/3177 3178/2472/3178
f 3177/2472/3177 3179/2472/3179 3178/2472/3178
f 3178/2472/3178 3179/2472/3179 3180/2472/3180
f 3179/2472/3179 3181/2472/3181 3180/2472/3180
f 3180/2472/3180 3181/2472/3181 3182/2472/3182
f 3181/2472/3181 3183/2472/3183 3182/2472/3182
f 3182/2472/3182 3183/2472/3183 3184/2472/3184
f 3183/2472/3183 3185/2472/3185 3184/2472/3184
f 3184/2472/3184 3185/2472/3185 3186/2472/3186
f 3185/2472/3185 3187/2472/3187 3186/2472/3186
f 3186/2472/3186 3187/2472/3187 3188/2472/3188
f 3187/2472/3187 3189/2472/3189 3188/2472/3188
f 3188/2472/3188 3189/2472/3189 3190/2472/3190
f 3189/2472/3189 3191/2472/3191 3190/2472/3190
f 3190/2472/3190 3191/2472/3191 3192/2472/3192
f 3191/2472/3191 3193/2472/3193 3192/2472/3192
f 3192/2472/3192 3193/2472/3193 3194/2472/3194
f 3193/2472/3193 3195/2472/3195 3194/2472/3194
f 3194/2472/3194 3195/2472/3195 3196/2472/3196
f 3195/2472/3195 3197/2472/3197 3196/2472/3196
f 3196/2472/3196 3197/2472/3197 3198/2472/3198
f 3197/2472/3197 3199/2472/3199 3198/2472/3198
f 3198/2472/3198 3199/2472/3199 3200/2472/3200
f 3199/2472/3199 3201/2472/3201 3200/2472/3200
f 3200/2472/3200 3201/2472/3201 3202/2472/3202
f 3201/2472/3201 3203/2472/3203 3202/2472/3202
f 3202/2472/3202 3203/2472/3203 3204/2472/3204
f 3203/2472/3203 3205/2472/3205 3204/2472/3204
f 3204/2472/3204 3205/2472/3205 3206/2472/3206
f 3205/2472/3205 3207/2472/3207 3206/2472/3206
f 3206/2472/3206 3207/2472/3207 3208/2472/3208
f 3207/2472/3207 3209/2472/3209 3208/2472/3208
f 3208/2472/3208 3209/2472/3209 3210/2472/3210
f 3209/2472/3209 3211/2472/3211 3210/2472/3210
f 3210/2472/3210 3211/2472/3211 3212/2472/3212
f 3211/2472/3211 3213/2472/3213 3212/2472/3212
f 3212/2472/3212 3213/2472/3213 3214/2472/3214
f 3213/2472/3213 3215/2472/3215 3214/2472/3214
f 3214/2472/3214 3215/2472/3215 3216/2472/3216
f 3215/2472/3215 3217/2472/3217 3216/2472/3216
f 3216/2472/3216 3217/2472/3217 3218/2472/3218
f 3217/2472/3217 3219/2472/3219 3218/2472/3218
f 3218/2472/3218 3219/2472/3219 3220/2472/3220
f 3219/2472/3219 3221/2472/3221 3220/2472/3220
f 3220/2472/3220 3221/2472/3221 3222/2472/3222
f 3221/2472/3221 3223/2472/3223 3222/2472/3222
f 3222/2472/3222 3223/2472/3223 3224/2472/3224
f 3223/2472/3223 3225/2472/3225 3224/2472/3224
f 3224/2472/3224 3225/2472/3225 3226/2472/3226
f 3225/2472/3225 3227/2472/3227 3226/2472/3226
f 3226/2472/3226 3227/2472/3227 3228/2472/3228
f 3227/2472/3227 3229/2472/3229 3228/2472/3228
f 3228/2472/3228 3229/2472/3229 3230/2472/3230
f 3229/2472/3229 3231/2472/3231 3230/2472/3230
f 3230/2472/3230 3231/2472/3231 3232/2472/3232
f 3231/2472/3231 3233/2472/3233 3232/2472/3232
f 3232/2472/3232 3233/2472/3233 3106/2472/3106
f 3106/2472/3106 3233/2472/3233 3107/2472/3107
f 3233/2472/3233 3234/2472/3234 3107/2472/3107
f 3234/2472/3234 3235/2472/3235 3107/2472/3107
f 3107/2472/3107 3235/2472/3235 3109/2472/3109
f 3235/2472/3235 3236/2472/3236 3109/2472/3109
f 3109/2472/3109 3236/2472/3236 3111/2472/3111
f 3236/2472/3236 3237/2472/3237 3111/2472/3111
f 3111/2472/3111 3237/2472/3237 3113/2472/3113
f 3237/2472/3237 3238/2472/3238 3113/2472/3113
f 3113/2472/3113 3238/2472/3238 3115/2472/3115
f 3238/2472/3238 3239/2472/3239 3115/2472/3115
f 3115/2472/3115 3239/2472/3239 3117/2472/3117
f 3239/2472/3239 3240/2472/3240 3117/2472/3117
f 3117/2472/3117 3240/2472/3240 3119/2472/3119
f 3240/2472/3240 3241/2472/3241 3119/2472/3119
f 3119/2472/3119 3241/2472/3241 3121/2472/3121
f 3241/2472/3241 3242/2472/3242 3121/2472/3121
f 3121/2472/3121 3242/2472/3242 3123/2472/3123
f 3242/2472/3242 3243/2472/3243 3123/2472/3123
f 3123/2472/3123 3243/2472/3243 3125/2472/3125
f 3243/2472/3243 3244/2472/3244 3125/2472/3125
f 3125/2472/3125 3244/2472/3244 3127/2472/3127
f 3244/2472/3244 3245/2472/3245 3127/2472/3127
f 3127/2472/3127 3245/2472/3245 3129/2472/3129
f 3245/2472/3245 3246/2472/3246 3129/2472/3129
f 3129/2472/3129 3246/2472/3246 3131/2472/3131
f 3246/2472/3246 3247/2472/3247 3131/2472/3131
f 3131/2472/3131 3247/2472/3247 3133/2472/3133
f 3247/2472/3247 3248/2472/3248 3133/2472/3133
f 3133/2472/3133 3248/2472/3248 3135/2472/3135
f 3248/2472/3248 3249/2472/3249 3135/2472/3135
f 3135/2472/3135 3249/2472/3249 3137/2472/3137
f 3249/2472/3249 3250/2472/3250 3137/2472/3137
f 3137/2472/3137 3250/2472/3250 3139/2472/3139
f 3250/2472/3250 3251/2472/3251 3139/2472/3139
f 3139/2472/3139 3251/2472/3251 3141/2472/3141
f 3251/2472/3251 3252/2472/3252 3141/2472/3141
f 3141/2472/3141 3252/2472/3252 3143/2472/3143
f 3252/2472/3252 3253/2472/3253 3143/2472/3143
f 3143/2472/3143 3253/2472/3253 3145/2472/3145
f 3253/2472/3253 3254/2472/3254 3145/2472/3145
f 3145/2472/3145 3254/2472/3254 3147/2472/3147
f 3254/2472/3254 3255/2472/3255 3147/2472/3147
f 3147/2472/3147 3255/2472/3255 3149/2472/3149
f 3255/2472/3255 3256/2472/3256 3149/2472/3149
f 3149/2472/3149 3256/2472/3256 3151/2472/3151
f 3256/2472/3256 3257/2472/3257 3151/2472/3151
f 3151/2472/3151 3257/2472/3257 3153/2472/3153
f 3257/2472/3257 3258/2472/3258 3153/2472/3153
f 3153/2472/3153 3258/2472/3258 3155/2472/3155
f 3258/2472/3258 3259/2472/3259 3155/2472/3155
f 3155/2472/3155 3259/2472/3259 3157/2472/3157
f 3259/2472/3259 3260/2472/3260 3157/2472/3157
f 3157/2472/3157 3260/2472/3260 3159/2472/3159
f 3260/2472/3260 3261/2472/3261 3159/2472/3159
f 3159/2472/3159 3261/2472/3261 3161/2472/3161
f 3261/2472/3261 3262/2472/3262 3161/2472/3161
f 3161/2472/3161 3262/2472/3262 3163/2472/3163
f 3262/2472/3262 3263/2472/3263 3163/2472/3163
f 3163/2472/3163 3263/2472/3263 3165/2472/3165
f 3263/2472/3263 3264/2472/3264 3165/2472/3165
f 3165/2472/3165 3264/2472/3264 3167/2472/3167
f 3264/2472/3264 3265/2472/3265 3167/2472/3167
f 3167/2472/3167 3265/2472/3265 3169/2472/3169
f 3265/2472/3265 3266/2472/3266 3169/2472/3169
f 3169/2472/3169 3266/2472/3266 3171/2472/3171
f 3266/2472/3266 3267/2472/3267 3171/2472/3171
f 3171/2472/3171 3267/2472/3267 3173/2472/3173
f 3267/2472/3267 3268/2472/3268 3173/2472/3173
f 3173/2472/3173 3268/2472/3268 3175/2472/3175
f 3268/2472/3268 3269/2472/3269 3175/2472/3175
f 3175/2472/3175 3269/2472/3269 3177/2472/3177
f 3269/2472/3269 3270/2472/3270 3177/2472/3177
f 3177/2472/3177 3270/2472/3270 3179/2472/3179
f 3270/2472/3270 3271/2472/3271 3179/2472/3179
f 3179/2472/3179 3271/2472/3271 3181/2472/3181
f 3271/2472/3271 3272/2472/3272 3181/2472/3181
f 3181/2472/3181 3272/2472/3272 3183/2472/3183
f 3272/2472/3272 3273/2472/3273 3183/2472/3183
f 3183/2472/3183 3273/2472/3273 3185/2472/3185
f 3273/2472/3273 3274/2472/3274 3185/2472/3185
f 3185/2472/3185 3274/2472/3274 3187/2472/3187
f 3274/2472/3274 3275/2472/3275 3187/2472/3187
f 3187/2472/3187 3275/2472/3275 3189/2472/3189
f 3275/2472/3275 3276/2472/3276 3189/2472/3189
f 3189/2472/3189 3276/2472/3276 3191/2472/3191
f 3276/2472/3276 3277/2472/3277 3191/2472/3191
f 3191/2472/3191 3277/2472/3277 3193/2472/3193
f 3277/2472/3277 3278/2472/3278 3193/2472/3193
f 3193/2472/3193 3278/2472/3278 3195/2472/3195
f 3278/2472/3278 3279/2472/3279 3195/2472/3195
f 3195/2472/3195 3279/2472/3279 3197/2472/3197
f 3279/2472/3279 3280/2472/3280 3197/2472/3197
f 3197/2472/3197 3280/2472/3280 3199/2472/3199
f 3280/2472/3280 3281/2472/3281 3199/2472/3199
f 3199/2472/3199 3281/2472/3281 3201/2472/3201
f 3281/2472/3281 3282/2472/3282 3201/2472/3201
f 3201/2472/3201 3282/2472/3282 3203/2472/3203
f 3282/2472/3282 3283/2472/3283 3203/2472/3203
f 3203/2472/3203 3283/2472/3283 3205/2472/3205
f 3283/2472/3283 3284/2472/3284 3205/2472/3205
f 3205/2472/3205 3284/2472/3284 3207/2472/3207
f 3284/2472/3284 3285/2472/3285 3207/2472/3207
f 3207/2472/3207 3285/2472/3285 3209/2472/3209
f 3285/2472/3285 3286/2472/3286 3209/2472/3209
f 3209/2472/3209 3286/2472/3286 3211/2472/3211
f 3286/2472/3286 3287/2472/3287 3211/2472/3211
f 3211/2472/3211 3287/2472/3287 3213/2472/3213
f 3287/2472/3287 3288/2472/3288 3213/2472/3213
f 3213/2472/3213 3288/2472/3288 3215/2472/3215
f 3288/2472/3288 3289/2472/3289 3215/2472/3215
f 3215/2472/3215 3289/2472/3289 3217/2472/3217
f 3289/2472/3289 3290/2472/3290 3217/2472/3217
f 3217/2472/3217 3290/2472/3290 3219/2472/3219
f 3290/2472/3290 3291/2472/3291 3219/2472/3219
f 3219/2472/3219 3291/2472/3291 3221/2472/3221
f 3291/2472/3291 3292/2472/3292 3221/2472/3221
f 3221/2472/3221 3292/2472/3292 3223/2472/3223
f 3292/2472/3292 3293/2472/3293 3223/2472/3223
f 3223/2472/3223 3293/2472/3293 3225/2472/3225
f 3293/2472/3293 3294/2472/3294 3225/2472/3225
f 3225/2472/3225 3294/2472/3294 3227/2472/3227
f 3294/2472/3294 3295/2472/3295 3227/2472/3227
f 3227/2472/3227 3295/2472/3295 3229/2472/3229
f 3295/2472/3295 3296/2472/3296 3229/2472/3229
f 3229/2472/3229 3296/2472/3296 3231/2472/3231
f 3296/2472/3296 3297/2472/3297 3231/2472/3231
f 3231/2472/3231 3297/2472/3297 3233/2472/3233
f 3233/2472/3233 3297/2472/3297 3234/2472/3234
f 3234/2472/3234 3297/2472/3297 3298/2472/3298
f 3298/2472/3298 3297/2472/3297 3299/2472/3299
f 3297/2472/3297 3296/2472/3296 3299/2472/3299
f 3299/2472/3299 3296/2472/3296 3300/2472/3300
f 3296/2472/3296 3295/2472/3295 3300/2472/3300
f 3300/2472/3300 3295/2472/3295 3301/2472/3301
f 3295/2472/3295 3294/2472/3294 3301/2472/3301
f 3301/2472/3301 3294/2472/3294 3302/2472/3302
f 3294/2472/3294 3293/2472/3293 3302/2472/3302
f 3302/2472/3302 3293/2472/3293 3303/2472/3303
f 3293/2472/3293 3292/2472/3292 3303/2472/3303
f 3303/2472/3303 3292/2472/3292 3304/2472/3304
f 3292/2472/3292 3291/2472/3291 3304/2472/3304
f 3304/2472/3304 3291/2472/3291 3305/2472/3305
f 3291/2472/3291 3290/2472/3290 3305/2472/3305
f 3305/2472/3305 3290/2472/3290 3306/2472/3306
f 3290/2472/3290 3289/2472/3289 3306/2472/3306
f 3306/2472/3306 3289/2472/3289 3307/2472/3307
f 3289/2472/3289 3288/2472/3288 3307/2472/3307
f 3307/2472/3307 3288/2472/3288 3308/2472/3308
f 3288/2472/3288 3287/2472/3287 3308/2472/3308
f 3308/2472/3308 3287/2472/3287 3309/2472/3309
f 3287/2472/3287 3286/2472/3286 3309/2472/3309
f 3309/2472/3309 3286/2472/3286 3310/2472/3310
f 3286/2472/3286 3285/2472/3285 3310/2472/3310
f 3310/2472/3310 3285/2472/3285 3311/2472/3311
f 3285/2472/3285 3284/2472/3284 3311/2472/3311
f 3311/2472/3311 3284/2472/3284 3312/2472/3312
f 3284/2472/3284 3283/2472/3283 3312/2472/3312
f 3312/2472/3312 3283/2472/3283 3313/2472/3313
f 3283/2472/3283 3282/2472/3282 3313/2472/3313
f 3313/2472/3313 3282/2472/3282 3314/2472/3314
f 3282/2472/3282 3281/2472/3281 3314/2472/3314
f 3314/2472/3314 3281/2472/3281 3315/2472/3315
f 3281/2472/3281 3280/2472/3280 3315/2472/3315
f 3315/2472/3315 3280/2472/3280 3316/2472/3316
f 3280/2472/3280 3279/2472/3279 3316/2472/3316
f 3316/2472/3316 3279/2472/3279 3317/2472/3317
f 3279/2472/3279 3278/2472/3278 3317/2472/3317
f 3317/2472/3317 3278/2472/3278 3318/2472/3318
f 3278/2472/3278 3277/2472/3277 3318/2472/3318
f 3318/2472/3318 3277/2472/3277 3319/2472/3319
f 3277/2472/3277 3276/2472/3276 3319/2472/3319
f 3319/2472/3319 3276/2472/3276 3320/2472/3320
f 3276/2472/3276 3275/2472/3275 3320/2472/3320
f 3320/2472/3320 3275/2472/3275 3321/2472/3321
f 3275/2472/3275 3274/2472/3274 3321/2472/3321
f 3321/2472/3321 3274/2472/3274 3322/2472/3322
f 3274/2472/3274 3273/2472/3273 3322/2472/3322
f 3322/2472/3322 3273/2472/3273 3323/2472/3323
f 3273/2472/3273 3272/2472/3272 3323/2472/3323
f 3323/2472/3323 3272/2472/3272 3324/2472/3324
f 3272/2472/3272 3271/2472/3271 3324/2472/3324
f 3324/2472/3324 3271/2472/3271 3325/2472/3325
f 3271/2472/3271 3270/2472/3270 3325/2472/3325
f 3325/2472/3325 3270/2472/3270 3326/2472/3326
f 3270/2472/3270 3269/2472/3269 3326/2472/3326
f 3326/2472/3326 3269/2472/3269 3327/2472/3327
f 3269/2472/3269 3268/2472/3268 3327/2472/3327
f 3327/2472/3327 3268/2472/3268 3328/2472/3328
f 3268/2472/3268 3267/2472/3267 3328/2472/3328
f 3328/2472/3328 3267/2472/3267 3329/2472/3329
f 3267/2472/3267 3266/2472/3266 3329/2472/3329
f 3329/2472/3329 3266/2472/3266 3330/2472/3330
f 3266/2472/3266 3265/2472/3265 3330/2472/3330
f 3330/2472/3330 3265/2472/3265 3331/2472/3331
f 3265/2472/3265 3264/2472/3264 3331/2472/3331
f 3331/2472/3331 3264/2472/3264 3332/2472/3332
f 3264/2472/3264 3263/2472/3263 3332/2472/3332
f 3332/2472/3332 3263/2472/3263 3333/2472/3333
f 3263/2472/3263 3262/2472/3262 3333/2472/3333
f 3333/2472/3333 3262/2472/3262 3334/2472/3334
f 3262/2472/3262 3261/2472/3261 3334/2472/3334
f 3334/2472/3334 3261/2472/3261 3335/2472/3335
f 3261/2472/3261 3260/2472/3260 3335/2472/3335
f 3335/2472/3335 3260/2472/3260 3336/2472/3336
f 3260/2472/3260 3259/2472/3259 3336/2472/3336
f 3336/2472/3336 3259/2472/3259 3337/2472/3337
f 3259/2472/3259 3258/2472/3258 3337/2472/3337
f 3337/2472/3337 3258/2472/3258 3338/2472/3338
f 3258/2472/3258 3257/2472/3257 3338/2472/3338
f 3338/2472/3338 3257/2472/3257 3339/2472/3339
f 3257/2472/3257 3256/2472/3256 3339/2472/3339
f 3339/2472/3339 3256/2472/3256 3340/2472/3340
f 3256/2472/3256 3255/2472/3255 3340/2472/3340
f 3340/2472/3340 3255/2472/3255 3341/2472/3341
f 3255/2472/3255 3254/2472/3254 3341/2472/3341
f 3341/2472/3341 3254/2472/3254 3342/2472/3342
f 3254/2472/3254 3253/2472/3253 3342/2472/3342
f 3342/2472/3342 3253/2472/3253 3343/2472/3343
f 3253/2472/3253 3252/2472/3252 3343/2472/3343
f 3343/2472/3343 3252/2472/3252 3344/2472/3344
f 3252/2472/3252 3251/2472/3251 3344/2472/3344
f 3344/2472/3344 3251/2472/3251 3345/2472/3345
f 3251/2472/3251 3250/2472/3250 3345/2472/3345
f 3345/2472/3345 3250/2472/3250 3346/2472/3346
f 3250/2472/3250 3249/2472/3249 3346/2472/3346
f 3346/2472/3346 3249/2472/3249 3347/2472/3347
f 3249/2472/3249 3248/2472/3248 3347/2472/3347
f 3347/2472/3347 3248/2472/3248 3348/2472/3348
f 3248/2472/3248 3247/2472/3247 3348/2472/3348
f 3348/2472/3348 3247/2472/3247 3349/2472/3349
f 3247/2472/3247 3246/2472/3246 3349/2472/3349
f 3349/2472/3349 3246/2472/3246 3350/2472/3350
f 3246/2472/3246 3245/2472/3245 3350/2472/3350
f 3350/2472/3350 3245/2472/3245 3351/2472/3351
f 3245/2472/3245 3244/2472/3244 3351/2472/3351
f 3351/2472/3351 3244/2472/3244 3352/2472/3352
f 3244/2472/3244 3243/2472/3243 3352/2472/3352
f 3352/2472/3352 3243/2472/3243 3353/2472/3353
f 3243/2472/3243 3242/2472/3242 3353/2472/3353
f 3353/2472/3353 3242/2472/3242 3354/2472/3354
f 3242/2472/3242 3241/2472/3241 3354/2472/3354
f 3354/2472/3354 3241/2472/3241 3355/2472/3355
f 3241/2472/3241 3240/2472/3240 3355/2472/3355
f 3355/2472/3355 3240/2472/3240 3356/2472/3356
f 3240/2472/3240 3239/2472/3239 3356/2472/3356
f 3356/2472/3356 3239/2472/3239 3357/2472/3357
f 3239/2472/3239 3238/2472/3238 3357/2472/3357
f 3357/2472/3357 3238/2472/3238 3358/2472/3358
f 3238/2472/3238 3237/2472/3237 3358/2472/3358
f 3358/2472/3358 3237/2472/3237 3359/2472/3359
f 3237/2472/3237 3236/2472/3236 3359/2472/3359
f 3359/2472/3359 3236/2472/3236 3360/2472/3360
f 3236/2472/3236 3235/2472/3235 3360/2472/3360
f 3360/2472/3360 3235/2472/3235 3361/2472/3361
f 3235/2472/3235 3234/2472/3234 3361/2472/3361
f 3361/2472/3361 3234/2472/3234 3298/2472/3298
f 3362/2472/3362 3364/2472/3364 3363/2472/3363
f 3363/2472/3363 3364/2472/3364 3365/2472/3365
f 3364/2472/3364 3366/2472/3366 3365/2472/3365
f 3365/2472/3365 3366/2472/3366 3367/2472/3367
f 3366/2472/3366 3368/2472/3368 3367/2472/3367
f 3367/2472/3367 3368/2472/3368 3369/2472/3369
f 3368/2472/3368 3370/2472/3370 3369/2472/3369
f 3369/2472/3369 3370/2472/3370 3371/2472/3371
f 3370/2472/3370 3372/2472/3372 3371/2472/3371
f 3371/2472/3371 3372/2472/3372 3373/2472/3373
f 3372/2472/3372 3374/2472/3374 3373/2472/3373
f 3373/2472/3373 3374/2472/3374 3375/2472/3375
f 3374/2472/3374 3376/2472/3376 3375/2472/3375
f 3375/2472/3375 3376/2472/3376 3377/2472/3377
f 3376/2472/3376 3378/2472/3378 3377/2472/3377
f 3377/2472/3377 3378/2472/3378 3379/2472/3379
f 3378/2472/3378 3380/2472/3380 3379/2472/3379
f 3379/2472/3379 3380/2472/3380 3381/2472/3381
f 3380/2472/3380 3382/2472/3382 3381/2472/3381
f 3381/2472/3381 3382/2472/3382 3383/2472/3383
f 3382/2472/3382 3384/2472/3384 3383/2472/3383
f 3383/2472/3383 3384/2472/3384 3385/2472/3385
f 3384/2472/3384 3386/2472/3386 3385/2472/3385
f 3385/2472/3385 3386/2472/3386 3387/2472/3387
f 3386/2472/3386 3388/2472/3388 3387/2472/3387
f 3387/2472/3387 3388/2472/3388 3389/2472/3389
f 3388/2472/3388 3390/2472/3390 3389/2472/3389
f 3389/2472/3389 3390/2472/3390 3391/2472/3391
f 3390/2472/3390 3392/2472/3392 3391/2472/3391
f 3391/2472/3391 3392/2472/3392 3393/2472/3393
f 3392/2472/3392 3394/2472/3394 3393/2472/3393
f 3393/2472/3393 3394/2472/3394 3395/2472/3395
f 3394/2472/3394 3396/2472/3396 3395/2472/3395
f 3395/2472/3395 3396/2472/3396 3397/2472/3397
f 3396/2472/3396 3398/2472/3398 3397/2472/3397
f 3397/2472/3397 3398/2472/3398 3399/2472/3399
f 3398/2472/3398 3400/2472/3400 3399/2472/3399
f 3399/2472/3399 3400/2472/3400 3401/2472/3401
f 3400/2472/3400 3402/2472/3402 3401/2472/3401
f 3401/2472/3401 3402/2472/3402 3403/2472/3403
f 3402/2472/3402 3404/2472/3404 3403/2472/3403
f 3403/2472/3403 3404/2472/3404 3405/2472/3405
f 3404/2472/3404 3406/2472/3406 3405/2472/3405
f 3405/2472/3405 3406/2472/3406 3407/2472/3407
f 3406/2472/3406 3408/2472/3408 3407/2472/3407
f 3407/2472/3407 3408/2472/3408 3409/2472/3409
f 3408/2472/3408 3410/2472/3410 3409/2472/3409
f 3409/2472/3409 3410/2472/3410 3411/2472/3411
f 3410/2472/3410 3412/2472/3412 3411/2472/3411
f 3411/2472/3411 3412/2472/3412 3413/2472/3413
f 3412/2472/3412 3414/2472/3414 3413/2472/3413
f 3413/2472/3413 3414/2472/3414 3415/2472/3415
f 3414/2472/3414 3416/2472/3416 3415/2472/3415
f 3415/2472/3415 3416/2472/3416 3417/2472/3417
f 3416/2472/3416 3418/2472/3418 3417/2472/3417
f 3417/2472/3417 3418/2472/3418 3419/2472/3419
f 3418/2472/3418 3420/2472/3420 3419/2472/3419
f 3419/2472/3419 3420/2472/3420 3421/2472/3421
f 3420/2472/3420 3422/2472/3422 3421/2472/3421
f 3421/2472/3421 3422/2472/3422 3423/2472/3423
f 3422/2472/3422 3424/2472/3424 3423/2472/3423
f 3423/2472/3423 3424/2472/3424 3425/2472/3425
f 3424/2472/3424 3426/2472/3426 3425/2472/3425
f 3425/2472/3425 3426/2472/3426 3427/2472/3427
f 3426/2472/3426 3428/2472/3428 3427/2472/3427
f 3427/2472/3427 3428/2472/3428 3429/2472/3429
f 3428/2472/3428 3430/2472/3430 3429/2472/3429
f 3429/2472/3429 3430/2472/3430 3431/2472/3431
f 3430/2472/3430 3432/2472/3432 3431/2472/3431
f 3431/2472/3431 3432/2472/3432 3433/2472/3433
f 3432/2472/3432 3434/2472/3434 3433/2472/3433
f 3433/2472/3433 3434/2472/3434 3435/2472/3435
f 3434/2472/3434 3436/2472/3436 3435/2472/3435
f 3435/2472/3435 3436/2472/3436 3437/2472/3437
f 3436/2472/3436 3438/2472/3438 3437/2472/3437
f 3437/2472/3437 3438/2472/3438 3439/2472/3439
f 3438/2472/3438 3440/2472/3440 3439/2472/3439
f 3439/2472/3439 3440/2472/3440 3441/2472/3441
f 3440/2472/3440 3442/2472/3442 3441/2472/3441
f 3441/2472/3441 3442/2472/3442 3443/2472/3443
f 3442/2472/3442 3444/2472/3444 3443/2472/3443
f 3443/2472/3443 3444/2472/3444 3445/2472/3445
f 3444/2472/3444 3446/2472/3446 3445/2472/3445
f 3445/2472/3445 3446/2472/3446 3447/2472/3447
f 3446/2472/3446 3448/2472/3448 3447/2472/3447
f 3447/2472/3447 3448/2472/3448 3449/2472/3449
f 3448/2472/3448 3450/2472/3450 3449/2472/3449
f 3449/2472/3449 3450/2472/3450 3451/2472/3451
f 3450/2472/3450 3452/2472/3452 3451/2472/3451
f 3451/2472/3451 3452/2472/3452 3453/2472/3453
f 3452/2472/3452 3454/2472/3454 3453/2472/3453
f 3453/2472/3453 3454/2472/3454 3455/2472/3455
f 3454/2472/3454 3456/2472/3456 3455/2472/3455
f 3455/2472/3455 3456/2472/3456 3457/2472/3457
f 3456/2472/3456 3458/2472/3458 3457/2472/3457
f 3457/2472/3457 3458/2472/3458 3459/2472/3459
f 3458/2472/3458 3460/2472/3460 3459/2472/3459
f 3459/2472/3459 3460/2472/3460 3461/2472/3461
f 3460/2472/3460 3462/2472/3462 3461/2472/3461
f 3461/2472/3461 3462/2472/3462 3463/2472/3463
f 3462/2472/3462 3464/2472/3464 3463/2472/3463
f 3463/2472/3463 3464/2472/3464 3465/2472/3465
f 3464/2472/3464 3466/2472/3466 3465/2472/3465
f 3465/2472/3465 3466/2472/3466 3467/2472/3467
f 3466/2472/3466 3468/2472/3468 3467/2472/3467
f 3467/2472/3467 3468/2472/3468 3469/2472/3469
f 3468/2472/3468 3470/2472/3470 3469/2472/3469
f 3469/2472/3469 3470/2472/3470 3471/2472/3471
f 3470/2472/3470 3472/2472/3472 3471/2472/3471
f 3471/2472/3471 3472/2472/3472 3473/2472/3473
f 3472/2472/3472 3474/2472/3474 3473/2472/3473
f 3473/2472/3473 3474/2472/3474 3475/2472/3475
f 3474/2472/3474 3476/2472/3476 3475/2472/3475
f 3475/2472/3475 3476/2472/3476 3477/2472/3477
f 3476/2472/3476 3478/2472/3478 3477/2472/3477
f 3477/2472/3477 3478/2472/3478 3479/2472/3479
f 3478/2472/3478 3480/2472/3480 3479/2472/3479
f 3479/2472/3479 3480/2472/3480 3481/2472/3481
f 3480/2472/3480 3482/2472/3482 3481/2472/3481
f 3481/2472/3481 3482/2472/3482 3483/2472/3483
f 3482/2472/3482 3484/2472/3484 3483/2472/3483
f 3483/2472/3483 3484/2472/3484 3485/2472/3485
f 3484/2472/3484 3486/2472/3486 3485/2472/3485
f 3485/2472/3485 3486/2472/3486 3487/2472/3487
f 3486/2472/3486 3488/2472/3488 3487/2472/3487
f 3487/2472/3487 3488/2472/3488 3489/2472/3489
f 3488/2472/3488 3362/2472/3362 3489/2472/3489
f 3489/2472/3489 3362/2472/3362 3363/2472/3363
o object_2
g object_2
usemtl object_2
v 0.06280002743005753 -0.000009444500392419286 0.2802288830280304 
v 0.06250036507844925 -0.006182512734085321 0.2802288830280304 
v 0.13591791689395905 -0.000009444500392419286 0.27770736813545227 
v 0.13525865972042084 -0.01331450417637825 0.27770736813545227 
v 0.06160137057304382 -0.012235715053975582 0.2802288830280304 
v 0.13328087329864502 -0.02649969793856144 0.27770736813545227 
v 0.06010305508971214 -0.018228985369205475 0.2802288830280304 
v -0.000009444500392419286 -0.000009444500392419286 0.2808840572834015 
v 0.06250036507844925 0.00616362364962697 0.2802288830280304 
v 0.13525865972042084 0.013295615091919899 0.27770736813545227 
v 0.21065399050712585 -0.000009444500392419286 0.27218782901763916 
v 0.20963513851165771 0.020667336881160736 0.27218782901763916 
v 0.2782580852508545 -0.000009444500392419286 0.2624393403530121 
v 0.20963513851165771 -0.020626293495297432 0.27218782901763916 
v 0.2065785676240921 0.04110438749194145 0.27218782901763916 
v 0.13328087329864502 0.026540741324424744 0.27770736813545227 
v 0.06160137057304382 0.012276759371161461 0.2802288830280304 
v 0.06010305508971214 0.018210096284747124 0.2802288830280304 
v 0.05800540745258331 0.024023568257689476 0.2802288830280304 
v 0.1255495548248291 0.052012138068675995 0.27770736813545227 
v 0.11985595524311066 0.06405860930681229 0.27770736813545227 
v 0.055368371307849884 0.029597308486700058 0.2802288830280304 
v 0.11302363127470016 0.07550575584173203 0.27770736813545227 
v 0.05219193547964096 0.03487138822674751 0.2802288830280304 
v 0.10505257546901703 0.0862337127327919 0.27770736813545227 
v 0.048536043614149094 0.03984580188989639 0.2802288830280304 
v 0.096122607588768 0.096122607588768 0.27770736813545227 
v 0.04440068453550339 0.04440068453550339 0.2802288830280304 
v 0.13004451990127563 0.03942627087235451 0.27770736813545227 
v 0.0862337127327919 0.10505257546901703 0.27770736813545227 
v 0.03984580188989639 0.048536043614149094 0.2802288830280304 
v 0.03487138822674751 0.05219193547964096 0.2802288830280304 
v 0.029597308486700058 0.055368371307849884 0.2802288830280304 
v 0.06405860930681229 0.11985595524311066 0.27770736813545227 
v 0.052012138068675995 0.1255495548248291 0.27770736813545227 
v 0.024023568257689476 0.05800540745258331 0.2802288830280304 
v 0.03942627087235451 0.13004451990127563 0.27770736813545227 
v 0.018210096284747124 0.06010305508971214 0.2802288830280304 
v 0.026540741324424744 0.13328087329864502 0.27770736813545227 
v 0.012276759371161461 0.06160137057304382 0.2802288830280304 
v 0.013295615091919899 0.13525865972042084 0.27770736813545227 
v 0.00616362364962697 0.06250036507844925 0.2802288830280304 
v 0.07550575584173203 0.11302363127470016 0.27770736813545227 
v -0.000009444500392419286 0.13591791689395905 0.27770736813545227 
v -0.000009444500392419286 0.06280002743005753 0.2802288830280304 
v -0.006182512734085321 0.06250036507844925 0.2802288830280304 
v -0.012235715053975582 0.06160137057304382 0.2802288830280304 
v -0.02649969793856144 0.13328087329864502 0.27770736813545227 
v -0.03944516181945801 0.13004451990127563 0.27770736813545227 
v -0.018228985369205475 0.06010305508971214 0.2802288830280304 
v -0.052031029015779495 0.1255495548248291 0.27770736813545227 
v -0.024042457342147827 0.05800540745258331 0.2802288830280304 
v -0.06407750397920609 0.11985595524311066 0.27770736813545227 
v -0.02961619757115841 0.055368371307849884 0.2802288830280304 
v -0.07552464306354523 0.11302363127470016 0.27770736813545227 
v -0.034890275448560715 0.05219193547964096 0.2802288830280304 
v -0.01331450417637825 0.13525865972042084 0.27770736813545227 
v -0.08619266748428345 0.10505257546901703 0.27770736813545227 
v -0.039864689111709595 0.048536043614149094 0.2802288830280304 
v -0.04441957548260689 0.04440068453550339 0.2802288830280304 
v -0.048554930835962296 0.03984580188989639 0.2802288830280304 
v -0.10507147014141083 0.0862337127327919 0.27770736813545227 
v -0.11298258602619171 0.07550575584173203 0.27770736813545227 
v -0.05221082642674446 0.03487138822674751 0.2802288830280304 
v -0.11987484246492386 0.06405860930681229 0.27770736813545227 
v -0.055387258529663086 0.029597308486700058 0.2802288830280304 
v -0.1255684494972229 0.052012138068675995 0.27770736813545227 
v -0.05802429839968681 0.024023568257689476 0.2802288830280304 
v -0.13006339967250824 0.03942627087235451 0.27770736813545227 
v -0.060121942311525345 0.018210096284747124 0.2802288830280304 
v -0.09608156234025955 0.096122607588768 0.27770736813545227 
v -0.13329976797103882 0.026540741324424744 0.27770736813545227 
v -0.061620261520147324 0.012276759371161461 0.2802288830280304 
v -0.06251925230026245 0.00616362364962697 0.2802288830280304 
v -0.06281891465187073 -0.000009444500392419286 0.2802288830280304 
v -0.13593681156635284 -0.000009444500392419286 0.27770736813545227 
v -0.13527755439281464 -0.01331450417637825 0.27770736813545227 
v -0.06251925230026245 -0.006182512734085321 0.2802288830280304 
v -0.13329976797103882 -0.02649969793856144 0.27770736813545227 
v -0.061620261520147324 -0.012235715053975582 0.2802288830280304 
v -0.13006339967250824 -0.03944516181945801 0.27770736813545227 
v -0.060121942311525345 -0.018228985369205475 0.2802288830280304 
v -0.1255684494972229 -0.052031029015779495 0.27770736813545227 
v -0.05802429839968681 -0.024042457342147827 0.2802288830280304 
v -0.13527755439281464 0.013295615091919899 0.27770736813545227 
v -0.11987484246492386 -0.06407750397920609 0.27770736813545227 
v -0.055387258529663086 -0.02961619757115841 0.2802288830280304 
v -0.05221082642674446 -0.034890275448560715 0.2802288830280304 
v -0.048554930835962296 -0.039864689111709595 0.2802288830280304 
v -0.10507147014141083 -0.08619266748428345 0.27770736813545227 
v -0.09608156234025955 -0.09608156234025955 0.27770736813545227 
v -0.04441957548260689 -0.04441957548260689 0.2802288830280304 
v -0.08619266748428345 -0.10507147014141083 0.27770736813545227 
v -0.039864689111709595 -0.048554930835962296 0.2802288830280304 
v -0.07552464306354523 -0.11298258602619171 0.27770736813545227 
v -0.034890275448560715 -0.05221082642674446 0.2802288830280304 
v -0.06407750397920609 -0.11987484246492386 0.27770736813545227 
v -0.02961619757115841 -0.055387258529663086 0.2802288830280304 
v -0.11298258602619171 -0.07552464306354523 0.27770736813545227 
v -0.052031029015779495 -0.1255684494972229 0.27770736813545227 
v -0.024042457342147827 -0.05802429839968681 0.2802288830280304 
v -0.018228985369205475 -0.060121942311525345 0.2802288830280304 
v -0.012235715053975582 -0.061620261520147324 0.2802288830280304 
v -0.02649969793856144 -0.13329976797103882 0.27770736813545227 
v -0.01331450417637825 -0.13527755439281464 0.27770736813545227 
v -0.006182512734085321 -0.06251925230026245 0.2802288830280304 
v -0.000009444500392419286 -0.13593681156635284 0.27770736813545227 
v -0.000009444500392419286 -0.06281891465187073 0.2802288830280304 
v 0.013295615091919899 -0.13527755439281464 0.27770736813545227 
v 0.00616362364962697 -0.06251925230026245 0.2802288830280304 
v 0.026540741324424744 -0.13329976797103882 0.27770736813545227 
v 0.012276759371161461 -0.061620261520147324 0.2802288830280304 
v -0.03944516181945801 -0.13006339967250824 0.27770736813545227 
v 0.03942627087235451 -0.13006339967250824 0.27770736813545227 
v 0.018210096284747124 -0.060121942311525345 0.2802288830280304 
v 0.024023568257689476 -0.05802429839968681 0.2802288830280304 
v 0.029597308486700058 -0.055387258529663086 0.2802288830280304 
v 0.06405860930681229 -0.11987484246492386 0.27770736813545227 
v 0.07550575584173203 -0.11298258602619171 0.27770736813545227 
v 0.03487138822674751 -0.05221082642674446 0.2802288830280304 
v 0.0862337127327919 -0.10507147014141083 0.27770736813545227 
v 0.03984580188989639 -0.048554930835962296 0.2802288830280304 
v 0.096122607588768 -0.09608156234025955 0.27770736813545227 
v 0.04440068453550339 -0.04441957548260689 0.2802288830280304 
v 0.048536043614149094 -0.039864689111709595 0.2802288830280304 
v 0.10505257546901703 -0.08619266748428345 0.27770736813545227 
v 0.11302363127470016 -0.07552464306354523 0.27770736813545227 
v 0.05219193547964096 -0.034890275448560715 0.2802288830280304 
v 0.055368371307849884 -0.02961619757115841 0.2802288830280304 
v 0.05800540745258331 -0.024042457342147827 0.2802288830280304 
v 0.13004451990127563 -0.03944516181945801 0.27770736813545227 
v 0.2065785676240921 -0.041063342243433 0.27218782901763916 
v 0.2769395709037781 -0.027278823778033257 0.2624393403530121 
v 0.330099880695343 -0.000009444500392419286 0.24729041755199432 
v 0.2769395709037781 0.027259934693574905 0.2624393403530121 
v 0.2729240655899048 0.05428958311676979 0.2624393403530121 
v 0.26627153158187866 0.08077983558177948 0.2624393403530121 
v 0.20154422521591187 0.06112191081047058 0.27218782901763916 
v 0.19459202885627747 0.08060003817081451 0.27218782901763916 
v 0.052012138068675995 -0.1255684494972229 0.27770736813545227 
v 0.257101833820343 0.10649096220731735 0.2624393403530121 
v 0.18578192591667175 0.09929903596639633 0.27218782901763916 
v 0.24541495740413666 0.13118323683738708 0.2624393403530121 
v 0.23139071464538574 0.15461692214012146 0.2624393403530121 
v 0.17511390149593353 0.11703912168741226 0.27218782901763916 
v 0.21508902311325073 0.17655229568481445 0.2624393403530121 
v 0.16282770037651062 0.13364048302173615 0.27218782901763916 
v 0.14892330765724182 0.14892330765724182 0.27218782901763916 
v 0.19674961268901825 0.19674961268901825 0.2624393403530121 
v 0.13364048302173615 0.16282770037651062 0.27218782901763916 
v 0.17655229568481445 0.21508902311325073 0.2624393403530121 
v 0.11703912168741226 0.17511390149593353 0.27218782901763916 
v 0.09929903596639633 0.18578192591667175 0.27218782901763916 
v 0.08060003817081451 0.19459202885627747 0.27218782901763916 
v 0.15461692214012146 0.23139071464538574 0.2624393403530121 
v 0.13118323683738708 0.24541495740413666 0.2624393403530121 
v 0.10649096220731735 0.257101833820343 0.2624393403530121 
v 0.08077983558177948 0.26627153158187866 0.2624393403530121 
v 0.06112191081047058 0.20154422521591187 0.27218782901763916 
v 0.05428958311676979 0.2729240655899048 0.2624393403530121 
v 0.04110438749194145 0.2065785676240921 0.27218782901763916 
v 0.027259934693574905 0.2769395709037781 0.2624393403530121 
v 0.020667336881160736 0.20963513851165771 0.27218782901763916 
v -0.000009444500392419286 0.21065399050712585 0.27218782901763916 
v -0.000009444500392419286 0.2782580852508545 0.2624393403530121 
v -0.020626293495297432 0.20963513851165771 0.27218782901763916 
v -0.027278823778033257 0.2769395709037781 0.2624393403530121 
v -0.041063342243433 0.2065785676240921 0.27218782901763916 
v -0.06114079803228378 0.20154422521591187 0.27218782901763916 
v -0.08061892539262772 0.19459202885627747 0.27218782901763916 
v -0.05430847033858299 0.2729240655899048 0.2624393403530121 
v -0.08079872280359268 0.26627153158187866 0.2624393403530121 
v -0.10650984942913055 0.257101833820343 0.2624393403530121 
v -0.13120213150978088 0.24541495740413666 0.2624393403530121 
v -0.09931793063879013 0.18578192591667175 0.27218782901763916 
v -0.1545758843421936 0.23139071464538574 0.2624393403530121 
v -0.11699807643890381 0.17511390149593353 0.27218782901763916 
v -0.1765112429857254 0.21508902311325073 0.2624393403530121 
v -0.1335994303226471 0.16282770037651062 0.27218782901763916 
v -0.14894220232963562 0.14892330765724182 0.27218782901763916 
v -0.19676849246025085 0.19674961268901825 0.2624393403530121 
v -0.16284659504890442 0.13364048302173615 0.27218782901763916 
v -0.21510790288448334 0.17655229568481445 0.2624393403530121 
v -0.17513279616832733 0.11703912168741226 0.27218782901763916 
v -0.1857408881187439 0.09929903596639633 0.27218782901763916 
v -0.19461092352867126 0.08060003817081451 0.27218782901763916 
v -0.2313496619462967 0.15461692214012146 0.2624393403530121 
v -0.24543385207653046 0.13118323683738708 0.2624393403530121 
v -0.25706079602241516 0.10649096220731735 0.2624393403530121 
v -0.26629042625427246 0.08077983558177948 0.2624393403530121 
v -0.20156311988830566 0.06112191081047058 0.27218782901763916 
v -0.2729429602622986 0.05428958311676979 0.2624393403530121 
v -0.2065974622964859 0.04110438749194145 0.27218782901763916 
v -0.2769584655761719 0.027259934693574905 0.2624393403530121 
v -0.20959410071372986 0.020667336881160736 0.27218782901763916 
v -0.210612952709198 -0.000009444500392419286 0.27218782901763916 
v -0.2782769799232483 -0.000009444500392419286 0.2624393403530121 
v -0.20959410071372986 -0.020626293495297432 0.27218782901763916 
v -0.2769584655761719 -0.027278823778033257 0.2624393403530121 
v -0.2065974622964859 -0.041063342243433 0.27218782901763916 
v -0.20156311988830566 -0.06114079803228378 0.27218782901763916 
v -0.19461092352867126 -0.08061892539262772 0.27218782901763916 
v -0.2729429602622986 -0.05430847033858299 0.2624393403530121 
v -0.26629042625427246 -0.08079872280359268 0.2624393403530121 
v -0.25706079602241516 -0.10650984942913055 0.2624393403530121 
v -0.24543385207653046 -0.13120213150978088 0.2624393403530121 
v -0.1857408881187439 -0.09931793063879013 0.27218782901763916 
v -0.2313496619462967 -0.1545758843421936 0.2624393403530121 
v -0.17513279616832733 -0.11699807643890381 0.27218782901763916 
v -0.21510790288448334 -0.1765112429857254 0.2624393403530121 
v -0.16284659504890442 -0.1335994303226471 0.27218782901763916 
v -0.14894220232963562 -0.14894220232963562 0.27218782901763916 
v -0.19676849246025085 -0.19676849246025085 0.2624393403530121 
v -0.1335994303226471 -0.16284659504890442 0.27218782901763916 
v -0.1765112429857254 -0.21510790288448334 0.2624393403530121 
v -0.11699807643890381 -0.17513279616832733 0.27218782901763916 
v -0.09931793063879013 -0.1857408881187439 0.27218782901763916 
v -0.08061892539262772 -0.19461092352867126 0.27218782901763916 
v -0.1545758843421936 -0.2313496619462967 0.2624393403530121 
v -0.13120213150978088 -0.24543385207653046 0.2624393403530121 
v -0.10650984942913055 -0.25706079602241516 0.2624393403530121 
v -0.08079872280359268 -0.26629042625427246 0.2624393403530121 
v -0.06114079803228378 -0.20156311988830566 0.27218782901763916 
v -0.05430847033858299 -0.2729429602622986 0.2624393403530121 
v -0.041063342243433 -0.2065974622964859 0.27218782901763916 
v -0.027278823778033257 -0.2769584655761719 0.2624393403530121 
v -0.020626293495297432 -0.20959410071372986 0.27218782901763916 
v -0.000009444500392419286 -0.210612952709198 0.27218782901763916 
v -0.000009444500392419286 -0.2782769799232483 0.2624393403530121 
v 0.020667336881160736 -0.20959410071372986 0.27218782901763916 
v 0.027259934693574905 -0.2769584655761719 0.2624393403530121 
v 0.04110438749194145 -0.2065974622964859 0.27218782901763916 
v 0.06112191081047058 -0.20156311988830566 0.27218782901763916 
v 0.08060003817081451 -0.19461092352867126 0.27218782901763916 
v 0.05428958311676979 -0.2729429602622986 0.2624393403530121 
v 0.08077983558177948 -0.26629042625427246 0.2624393403530121 
v 0.10649096220731735 -0.25706079602241516 0.2624393403530121 
v 0.13118323683738708 -0.24543385207653046 0.2624393403530121 
v 0.09929903596639633 -0.1857408881187439 0.27218782901763916 
v 0.15461692214012146 -0.2313496619462967 0.2624393403530121 
v 0.11703912168741226 -0.17513279616832733 0.27218782901763916 
v 0.17655229568481445 -0.21510790288448334 0.2624393403530121 
v 0.13364048302173615 -0.16284659504890442 0.27218782901763916 
v 0.14892330765724182 -0.14894220232963562 0.27218782901763916 
v 0.19674961268901825 -0.19676849246025085 0.2624393403530121 
v 0.16282770037651062 -0.1335994303226471 0.27218782901763916 
v 0.21508902311325073 -0.1765112429857254 0.2624393403530121 
v 0.17511390149593353 -0.11699807643890381 0.27218782901763916 
v 0.18578192591667175 -0.09931793063879013 0.27218782901763916 
v 0.11985595524311066 -0.06407750397920609 0.27770736813545227 
v 0.1255495548248291 -0.052031029015779495 0.27770736813545227 
v 0.20154422521591187 -0.06114079803228378 0.27218782901763916 
v 0.2729240655899048 -0.05430847033858299 0.2624393403530121 
v 0.3285416066646576 -0.032373104244470596 0.24729041755199432 
v 0.35748910903930664 -0.000009444500392419286 0.2255498617887497 
v 0.3285416066646576 0.032354213297367096 0.24729041755199432 
v 0.35575106739997864 0.03505118563771248 0.2255498617887497 
v 0.3505968451499939 0.06975221633911133 0.2255498617887497 
v 0.32374700903892517 0.06441821157932281 0.24729041755199432 
v 0.34208640456199646 0.10379399359226227 0.2255498617887497 
v 0.31589582562446594 0.09582294523715973 0.24729041755199432 
v 0.330279678106308 0.13681690394878387 0.2255498617887497 
v 0.3049880564212799 0.12632869184017181 0.24729041755199432 
v 0.3152965009212494 0.16852131485939026 0.2255498617887497 
v 0.29114362597465515 0.1556357741355896 0.24729041755199432 
v 0.297256737947464 0.19860751926898956 0.2255498617887497 
v 0.2744823098182678 0.18338461220264435 0.24729041755199432 
v 0.2763402462005615 0.2267758995294571 0.2255498617887497 
v 0.25518399477005005 0.2093954086303711 0.24729041755199432 
v 0.25278669595718384 0.25278669595718384 0.2255498617887497 
v 0.23342841863632202 0.23342841863632202 0.24729041755199432 
v 0.2267758995294571 0.2763402462005615 0.2255498617887497 
v 0.2093954086303711 0.25518399477005005 0.24729041755199432 
v 0.19860751926898956 0.297256737947464 0.2255498617887497 
v 0.18338461220264435 0.2744823098182678 0.24729041755199432 
v 0.16852131485939026 0.3152965009212494 0.2255498617887497 
v 0.1556357741355896 0.29114362597465515 0.24729041755199432 
v 0.13681690394878387 0.330279678106308 0.2255498617887497 
v 0.12632869184017181 0.3049880564212799 0.24729041755199432 
v 0.10379399359226227 0.34208640456199646 0.2255498617887497 
v 0.09582294523715973 0.31589582562446594 0.24729041755199432 
v 0.06975221633911133 0.3505968451499939 0.2255498617887497 
v 0.06441821157932281 0.32374700903892517 0.24729041755199432 
v 0.03505118563771248 0.35575106739997864 0.2255498617887497 
v 0.032354213297367096 0.3285416066646576 0.24729041755199432 
v -0.000009444500392419286 0.35748910903930664 0.2255498617887497 
v -0.000009444500392419286 0.330099880695343 0.24729041755199432 
v -0.035010140389204025 0.35575106739997864 0.2255498617887497 
v -0.032373104244470596 0.3285416066646576 0.24729041755199432 
v -0.06971117109060287 0.3505968451499939 0.2255498617887497 
v -0.06437716633081436 0.32374700903892517 0.24729041755199432 
v -0.10375294834375381 0.34208640456199646 0.2255498617887497 
v -0.09584183245897293 0.31589582562446594 0.24729041755199432 
v -0.13677586615085602 0.330279678106308 0.2255498617887497 
v -0.12634757161140442 0.3049880564212799 0.24729041755199432 
v -0.16854019463062286 0.3152965009212494 0.2255498617887497 
v -0.15559473633766174 0.29114362597465515 0.24729041755199432 
v -0.19862641394138336 0.297256737947464 0.2255498617887497 
v -0.18340350687503815 0.2744823098182678 0.24729041755199432 
v -0.2267947793006897 0.2763402462005615 0.2255498617887497 
v -0.2094143033027649 0.25518399477005005 0.24729041755199432 
v -0.2527456283569336 0.25278669595718384 0.2255498617887497 
v -0.23344731330871582 0.23342841863632202 0.24729041755199432 
v -0.27635911107063293 0.2267758995294571 0.2255498617887497 
v -0.25520288944244385 0.2093954086303711 0.24729041755199432 
v -0.29721570014953613 0.19860751926898956 0.2255498617887497 
v -0.2745012044906616 0.18338461220264435 0.24729041755199432 
v -0.31525543332099915 0.16852131485939026 0.2255498617887497 
v -0.29116249084472656 0.1556357741355896 0.24729041755199432 
v -0.33023861050605774 0.13681690394878387 0.2255498617887497 
v -0.3050069510936737 0.12632869184017181 0.24729041755199432 
v -0.34210529923439026 0.10379399359226227 0.2255498617887497 
v -0.31591472029685974 0.09582294523715973 0.24729041755199432 
v -0.3506157398223877 0.06975221633911133 0.2255498617887497 
v -0.32376590371131897 0.06441821157932281 0.24729041755199432 
v -0.35576996207237244 0.03505118563771248 0.2255498617887497 
v -0.32850056886672974 0.032354213297367096 0.24729041755199432 
v -0.3574480712413788 -0.000009444500392419286 0.2255498617887497 
v -0.33011874556541443 -0.000009444500392419286 0.24729041755199432 
v -0.35576996207237244 -0.035010140389204025 0.2255498617887497 
v -0.32850056886672974 -0.032373104244470596 0.24729041755199432 
v -0.3506157398223877 -0.06971117109060287 0.2255498617887497 
v -0.32376590371131897 -0.06437716633081436 0.24729041755199432 
v -0.34210529923439026 -0.10375294834375381 0.2255498617887497 
v -0.31591472029685974 -0.09584183245897293 0.24729041755199432 
v -0.33023861050605774 -0.13677586615085602 0.2255498617887497 
v -0.3050069510936737 -0.12634757161140442 0.24729041755199432 
v -0.31525543332099915 -0.16854019463062286 0.2255498617887497 
v -0.29116249084472656 -0.15559473633766174 0.24729041755199432 
v -0.29721570014953613 -0.19862641394138336 0.2255498617887497 
v -0.2745012044906616 -0.18340350687503815 0.24729041755199432 
v -0.27635911107063293 -0.2267947793006897 0.2255498617887497 
v -0.25520288944244385 -0.2094143033027649 0.24729041755199432 
v -0.2527456283569336 -0.2527456283569336 0.2255498617887497 
v -0.23344731330871582 -0.23344731330871582 0.24729041755199432 
v -0.2267947793006897 -0.27635911107063293 0.2255498617887497 
v -0.2094143033027649 -0.25520288944244385 0.24729041755199432 
v -0.19862641394138336 -0.29721570014953613 0.2255498617887497 
v -0.18340350687503815 -0.2745012044906616 0.24729041755199432 
v -0.16854019463062286 -0.31525543332099915 0.2255498617887497 
v -0.15559473633766174 -0.29116249084472656 0.24729041755199432 
v -0.13677586615085602 -0.33023861050605774 0.2255498617887497 
v -0.12634757161140442 -0.3050069510936737 0.24729041755199432 
v -0.10375294834375381 -0.34210529923439026 0.2255498617887497 
v -0.09584183245897293 -0.31591472029685974 0.24729041755199432 
v -0.06971117109060287 -0.3506157398223877 0.2255498617887497 
v -0.06437716633081436 -0.32376590371131897 0.24729041755199432 
v -0.035010140389204025 -0.35576996207237244 0.2255498617887497 
v -0.032373104244470596 -0.32850056886672974 0.24729041755199432 
v -0.000009444500392419286 -0.3574480712413788 0.2255498617887497 
v -0.000009444500392419286 -0.33011874556541443 0.24729041755199432 
v 0.03505118563771248 -0.35576996207237244 0.2255498617887497 
v 0.032354213297367096 -0.32850056886672974 0.24729041755199432 
v 0.06975221633911133 -0.3506157398223877 0.2255498617887497 
v 0.06441821157932281 -0.32376590371131897 0.24729041755199432 
v 0.10379399359226227 -0.34210529923439026 0.2255498617887497 
v 0.09582294523715973 -0.31591472029685974 0.24729041755199432 
v 0.13681690394878387 -0.33023861050605774 0.2255498617887497 
v 0.12632869184017181 -0.3050069510936737 0.24729041755199432 
v 0.16852131485939026 -0.31525543332099915 0.2255498617887497 
v 0.1556357741355896 -0.29116249084472656 0.24729041755199432 
v 0.19860751926898956 -0.29721570014953613 0.2255498617887497 
v 0.18338461220264435 -0.2745012044906616 0.24729041755199432 
v 0.2267758995294571 -0.27635911107063293 0.2255498617887497 
v 0.2093954086303711 -0.25520288944244385 0.24729041755199432 
v 0.25278669595718384 -0.2527456283569336 0.2255498617887497 
v 0.23342841863632202 -0.23344731330871582 0.24729041755199432 
v 0.2763402462005615 -0.2267947793006897 0.2255498617887497 
v 0.25518399477005005 -0.2094143033027649 0.24729041755199432 
v 0.297256737947464 -0.19862641394138336 0.2255498617887497 
v 0.2744823098182678 -0.18340350687503815 0.24729041755199432 
v 0.3152965009212494 -0.16854019463062286 0.2255498617887497 
v 0.29114362597465515 -0.15559473633766174 0.24729041755199432 
v 0.330279678106308 -0.13677586615085602 0.2255498617887497 
v 0.3049880564212799 -0.12634757161140442 0.24729041755199432 
v 0.34208640456199646 -0.10375294834375381 0.2255498617887497 
v 0.31589582562446594 -0.09584183245897293 0.24729041755199432 
v 0.3505968451499939 -0.06971117109060287 0.2255498617887497 
v 0.32374700903892517 -0.06437716633081436 0.24729041755199432 
v 0.35575106739997864 -0.035010140389204025 0.2255498617887497 
v 0.26627153158187866 -0.08079872280359268 0.2624393403530121 
v 0.19459202885627747 -0.08061892539262772 0.27218782901763916 
v 0.257101833820343 -0.10650984942913055 0.2624393403530121 
v 0.24541495740413666 -0.13120213150978088 0.2624393403530121 
v 0.23139071464538574 -0.1545758843421936 0.2624393403530121 
vn 0.021845 0.000000 0.999761
vn 0.021845 0.000000 0.999761
vn 0.056772 0.000000 0.998387
vn 0.056305 -0.007260 0.998387
vn 0.020776 -0.006751 0.999761
vn 0.054915 -0.014400 0.998387
vn 0.020776 -0.006751 0.999761
vn 0.000000 0.000000 1.000000
vn 0.021845 0.000000 0.999761
vn 0.056305 0.007260 0.998387
vn 0.109018 0.000000 0.994040
vn 0.108764 0.007440 0.994040
vn 0.212468 0.000000 0.977168
vn 0.108764 -0.007440 0.994040
vn 0.106738 0.022180 0.994040
vn 0.054915 0.014400 0.998387
vn 0.020776 0.006751 0.999761
vn 0.020776 0.006751 0.999761
vn 0.020776 0.006751 0.999761
vn 0.052623 0.021304 0.998387
vn 0.049466 0.027859 0.998387
vn 0.017673 0.012840 0.999761
vn 0.045498 0.033956 0.998387
vn 0.017673 0.012840 0.999761
vn 0.045498 0.033956 0.998387
vn 0.017673 0.012840 0.999761
vn 0.040782 0.039495 0.998387
vn 0.012840 0.017673 0.999761
vn 0.054915 0.014400 0.998387
vn 0.035396 0.044386 0.998387
vn 0.012840 0.017673 0.999761
vn 0.012840 0.017673 0.999761
vn 0.012840 0.017673 0.999761
vn 0.029430 0.048548 0.998387
vn 0.022980 0.051913 0.998387
vn 0.006751 0.020776 0.999761
vn 0.016153 0.054425 0.998387
vn 0.006751 0.020776 0.999761
vn 0.009061 0.056044 0.998387
vn 0.006751 0.020776 0.999761
vn 0.009061 0.056044 0.998387
vn 0.000000 0.021845 0.999761
vn 0.029430 0.048548 0.998387
vn 0.001820 0.056742 0.998387
vn 0.000000 0.021845 0.999761
vn 0.000000 0.021845 0.999761
vn -0.006751 0.020776 0.999761
vn -0.012633 0.055348 0.998387
vn -0.019607 0.053278 0.998387
vn -0.006751 0.020776 0.999761
vn -0.019607 0.053278 0.998387
vn -0.006751 0.020776 0.999761
vn -0.026259 0.050334 0.998387
vn -0.012840 0.017673 0.999761
vn -0.032480 0.046562 0.998387
vn -0.012840 0.017673 0.999761
vn -0.005451 0.056509 0.998387
vn -0.038168 0.042027 0.998387
vn -0.012840 0.017673 0.999761
vn -0.012840 0.017673 0.999761
vn -0.017673 0.012840 0.999761
vn -0.043228 0.036801 0.998387
vn -0.047580 0.030971 0.998387
vn -0.017673 0.012840 0.999761
vn -0.051149 0.024632 0.998387
vn -0.017673 0.012840 0.999761
vn -0.051149 0.024632 0.998387
vn -0.020776 0.006751 0.999761
vn -0.053879 0.017889 0.998387
vn -0.020776 0.006751 0.999761
vn -0.038168 0.042027 0.998387
vn -0.055725 0.010852 0.998387
vn -0.020776 0.006751 0.999761
vn -0.021845 0.000000 0.999761
vn -0.021845 0.000000 0.999761
vn -0.056655 0.003637 0.998387
vn -0.056655 -0.003637 0.998387
vn -0.021845 0.000000 0.999761
vn -0.055725 -0.010852 0.998387
vn -0.020776 -0.006751 0.999761
vn -0.053879 -0.017889 0.998387
vn -0.020776 -0.006751 0.999761
vn -0.051149 -0.024632 0.998387
vn -0.020776 -0.006751 0.999761
vn -0.056655 0.003637 0.998387
vn -0.051149 -0.024632 0.998387
vn -0.017673 -0.012840 0.999761
vn -0.017673 -0.012840 0.999761
vn -0.017673 -0.012840 0.999761
vn -0.043228 -0.036801 0.998387
vn -0.038168 -0.042027 0.998387
vn -0.012840 -0.017673 0.999761
vn -0.038168 -0.042027 0.998387
vn -0.012840 -0.017673 0.999761
vn -0.032480 -0.046562 0.998387
vn -0.012840 -0.017673 0.999761
vn -0.026259 -0.050334 0.998387
vn -0.012840 -0.017673 0.999761
vn -0.047580 -0.030971 0.998387
vn -0.019607 -0.053278 0.998387
vn -0.006751 -0.020776 0.999761
vn -0.006751 -0.020776 0.999761
vn -0.006751 -0.020776 0.999761
vn -0.012633 -0.055348 0.998387
vn -0.005451 -0.056509 0.998387
vn 0.000000 -0.021845 0.999761
vn 0.001820 -0.056742 0.998387
vn 0.000000 -0.021845 0.999761
vn 0.009061 -0.056044 0.998387
vn 0.000000 -0.021845 0.999761
vn 0.009061 -0.056044 0.998387
vn 0.006751 -0.020776 0.999761
vn -0.019607 -0.053278 0.998387
vn 0.016153 -0.054425 0.998387
vn 0.006751 -0.020776 0.999761
vn 0.006751 -0.020776 0.999761
vn 0.012840 -0.017673 0.999761
vn 0.029430 -0.048548 0.998387
vn 0.029430 -0.048548 0.998387
vn 0.012840 -0.017673 0.999761
vn 0.035396 -0.044386 0.998387
vn 0.012840 -0.017673 0.999761
vn 0.040782 -0.039495 0.998387
vn 0.012840 -0.017673 0.999761
vn 0.017673 -0.012840 0.999761
vn 0.045498 -0.033956 0.998387
vn 0.045498 -0.033956 0.998387
vn 0.017673 -0.012840 0.999761
vn 0.017673 -0.012840 0.999761
vn 0.020776 -0.006751 0.999761
vn 0.054915 -0.014400 0.998387
vn 0.106738 -0.022180 0.994040
vn 0.211278 -0.022458 0.977168
vn 0.466211 0.000000 0.884674
vn 0.211278 0.022458 0.977168
vn 0.207721 0.044664 0.977168
vn 0.204053 0.059205 0.977168
vn 0.104975 0.029413 0.994040
vn 0.099992 0.043433 0.994040
vn 0.022980 -0.051913 0.998387
vn 0.196652 0.080441 0.977168
vn 0.096795 0.050155 0.994040
vn 0.187048 0.100776 0.977168
vn 0.175348 0.119983 0.977168
vn 0.089064 0.062868 0.994040
vn 0.166448 0.132053 0.977168
vn 0.084566 0.068800 0.994040
vn 0.074410 0.079674 0.994040
vn 0.151558 0.148906 0.977168
vn 0.068800 0.084566 0.994040
vn 0.134970 0.164091 0.977168
vn 0.062868 0.089064 0.994040
vn 0.050155 0.096795 0.994040
vn 0.043433 0.099992 0.994040
vn 0.116869 0.177438 0.977168
vn 0.097460 0.188797 0.977168
vn 0.083899 0.195202 0.977168
vn 0.062797 0.202976 0.977168
vn 0.029413 0.104975 0.994040
vn 0.040991 0.208477 0.977168
vn 0.022180 0.106738 0.994040
vn 0.018725 0.211642 0.977168
vn 0.007440 0.108764 0.994040
vn 0.000000 0.109018 0.994040
vn 0.003750 0.212435 0.977168
vn -0.007440 0.108764 0.994040
vn -0.018725 0.211642 0.977168
vn -0.022180 0.106738 0.994040
vn -0.029413 0.104975 0.994040
vn -0.043433 0.099992 0.994040
vn -0.040991 0.208477 0.977168
vn -0.062797 0.202976 0.977168
vn -0.083899 0.195202 0.977168
vn -0.097460 0.188797 0.977168
vn -0.050155 0.096795 0.994040
vn -0.116869 0.177438 0.977168
vn -0.062868 0.089064 0.994040
vn -0.134970 0.164091 0.977168
vn -0.068800 0.084566 0.994040
vn -0.074410 0.079674 0.994040
vn -0.151558 0.148906 0.977168
vn -0.084566 0.068800 0.994040
vn -0.166448 0.132053 0.977168
vn -0.089064 0.062868 0.994040
vn -0.096795 0.050155 0.994040
vn -0.099992 0.043433 0.994040
vn -0.175348 0.119983 0.977168
vn -0.187048 0.100776 0.977168
vn -0.196652 0.080441 0.977168
vn -0.204053 0.059205 0.977168
vn -0.104975 0.029413 0.994040
vn -0.207721 0.044664 0.977168
vn -0.106738 0.022180 0.994040
vn -0.211278 0.022458 0.977168
vn -0.108764 0.007440 0.994040
vn -0.109018 0.000000 0.994040
vn -0.212468 0.000000 0.977168
vn -0.108764 -0.007440 0.994040
vn -0.211278 -0.022458 0.977168
vn -0.106738 -0.022180 0.994040
vn -0.104975 -0.029413 0.994040
vn -0.099992 -0.043433 0.994040
vn -0.207721 -0.044664 0.977168
vn -0.204053 -0.059205 0.977168
vn -0.196652 -0.080441 0.977168
vn -0.187048 -0.100776 0.977168
vn -0.096795 -0.050155 0.994040
vn -0.175348 -0.119983 0.977168
vn -0.089064 -0.062868 0.994040
vn -0.166448 -0.132053 0.977168
vn -0.084566 -0.068800 0.994040
vn -0.079674 -0.074410 0.994040
vn -0.151558 -0.148906 0.977168
vn -0.068800 -0.084566 0.994040
vn -0.134970 -0.164091 0.977168
vn -0.062868 -0.089064 0.994040
vn -0.050155 -0.096795 0.994040
vn -0.043433 -0.099992 0.994040
vn -0.116869 -0.177438 0.977168
vn -0.097460 -0.188797 0.977168
vn -0.083899 -0.195202 0.977168
vn -0.062797 -0.202976 0.977168
vn -0.029413 -0.104975 0.994040
vn -0.040991 -0.208477 0.977168
vn -0.022180 -0.106738 0.994040
vn -0.018725 -0.211642 0.977168
vn -0.007440 -0.108764 0.994040
vn 0.000000 -0.109018 0.994040
vn -0.003750 -0.212435 0.977168
vn 0.007440 -0.108764 0.994040
vn 0.018725 -0.211642 0.977168
vn 0.022180 -0.106738 0.994040
vn 0.029413 -0.104975 0.994040
vn 0.043433 -0.099992 0.994040
vn 0.040991 -0.208477 0.977168
vn 0.062797 -0.202976 0.977168
vn 0.083899 -0.195202 0.977168
vn 0.097460 -0.188797 0.977168
vn 0.050155 -0.096795 0.994040
vn 0.116869 -0.177438 0.977168
vn 0.062868 -0.089064 0.994040
vn 0.134970 -0.164091 0.977168
vn 0.068800 -0.084566 0.994040
vn 0.079674 -0.074410 0.994040
vn 0.151558 -0.148906 0.977168
vn 0.084566 -0.068800 0.994040
vn 0.166448 -0.132053 0.977168
vn 0.089064 -0.062868 0.994040
vn 0.096795 -0.050155 0.994040
vn 0.049466 -0.027859 0.998387
vn 0.052623 -0.021304 0.998387
vn 0.104975 -0.029413 0.994040
vn 0.207721 -0.044664 0.977168
vn 0.464023 -0.045111 0.884674
vn 0.623246 0.000000 0.782026
vn 0.464023 0.045111 0.884674
vn 0.620336 0.060152 0.782026
vn 0.611635 0.119742 0.782026
vn 0.457481 0.089799 0.884674
vn 0.597223 0.178214 0.782026
vn 0.446645 0.133644 0.884674
vn 0.574353 0.241980 0.782026
vn 0.431617 0.176235 0.884674
vn 0.548317 0.296284 0.782026
vn 0.412539 0.217172 0.884674
vn 0.517162 0.347821 0.782026
vn 0.389590 0.256070 0.884674
vn 0.481178 0.396110 0.782026
vn 0.358211 0.298391 0.884674
vn 0.440701 0.440701 0.782026
vn 0.327658 0.331651 0.884674
vn 0.396110 0.481178 0.782026
vn 0.294029 0.361800 0.884674
vn 0.347821 0.517162 0.782026
vn 0.257642 0.388553 0.884674
vn 0.296284 0.548317 0.782026
vn 0.218836 0.411659 0.884674
vn 0.241980 0.574353 0.782026
vn 0.177976 0.430902 0.884674
vn 0.178214 0.597223 0.782026
vn 0.135446 0.446102 0.884674
vn 0.119742 0.611635 0.782026
vn 0.091645 0.457114 0.884674
vn 0.060152 0.620336 0.782026
vn 0.046984 0.463837 0.884674
vn 0.000000 0.623246 0.782026
vn 0.001883 0.466207 0.884674
vn -0.060152 0.620336 0.782026
vn -0.043237 0.464201 0.884674
vn -0.119742 0.611635 0.782026
vn -0.087951 0.457839 0.884674
vn -0.178214 0.597223 0.782026
vn -0.131839 0.447181 0.884674
vn -0.241980 0.574353 0.782026
vn -0.181450 0.429451 0.884674
vn -0.296284 0.548317 0.782026
vn -0.222153 0.409878 0.884674
vn -0.347821 0.517162 0.782026
vn -0.260771 0.386459 0.884674
vn -0.396110 0.481178 0.782026
vn -0.296942 0.359413 0.884674
vn -0.440701 0.440701 0.782026
vn -0.330326 0.328994 0.884674
vn -0.481178 0.396110 0.782026
vn -0.360610 0.295488 0.884674
vn -0.517162 0.347821 0.782026
vn -0.387509 0.259208 0.884674
vn -0.548317 0.296284 0.782026
vn -0.410772 0.220496 0.884674
vn -0.574353 0.241980 0.782026
vn -0.430180 0.179715 0.884674
vn -0.597223 0.178214 0.782026
vn -0.445551 0.137247 0.884674
vn -0.611635 0.119742 0.782026
vn -0.456740 0.093491 0.884674
vn -0.620336 0.060152 0.782026
vn -0.463644 0.048857 0.884674
vn -0.623246 0.000000 0.782026
vn -0.466195 0.003765 0.884674
vn -0.620336 -0.060152 0.782026
vn -0.463644 -0.048857 0.884674
vn -0.611635 -0.119742 0.782026
vn -0.456740 -0.093491 0.884674
vn -0.597223 -0.178214 0.782026
vn -0.445551 -0.137247 0.884674
vn -0.574353 -0.241980 0.782026
vn -0.430180 -0.179715 0.884674
vn -0.548317 -0.296284 0.782026
vn -0.410772 -0.220496 0.884674
vn -0.517162 -0.347821 0.782026
vn -0.387509 -0.259208 0.884674
vn -0.481178 -0.396110 0.782026
vn -0.360610 -0.295488 0.884674
vn -0.440701 -0.440701 0.782026
vn -0.330326 -0.328994 0.884674
vn -0.396110 -0.481178 0.782026
vn -0.296942 -0.359413 0.884674
vn -0.347821 -0.517162 0.782026
vn -0.260771 -0.386459 0.884674
vn -0.296284 -0.548317 0.782026
vn -0.222153 -0.409878 0.884674
vn -0.241980 -0.574353 0.782026
vn -0.181450 -0.429451 0.884674
vn -0.178214 -0.597223 0.782026
vn -0.131839 -0.447181 0.884674
vn -0.119742 -0.611635 0.782026
vn -0.087951 -0.457839 0.884674
vn -0.060152 -0.620336 0.782026
vn -0.043237 -0.464201 0.884674
vn 0.000000 -0.623246 0.782026
vn 0.001883 -0.466207 0.884674
vn 0.060152 -0.620336 0.782026
vn 0.046984 -0.463837 0.884674
vn 0.119742 -0.611635 0.782026
vn 0.091645 -0.457114 0.884674
vn 0.178214 -0.597223 0.782026
vn 0.135446 -0.446102 0.884674
vn 0.235023 -0.577234 0.782026
vn 0.177976 -0.430902 0.884674
vn 0.296284 -0.548317 0.782026
vn 0.218836 -0.411659 0.884674
vn 0.347821 -0.517162 0.782026
vn 0.257642 -0.388553 0.884674
vn 0.396110 -0.481178 0.782026
vn 0.294029 -0.361800 0.884674
vn 0.440701 -0.440701 0.782026
vn 0.327658 -0.331651 0.884674
vn 0.481178 -0.396110 0.782026
vn 0.358211 -0.298391 0.884674
vn 0.517162 -0.347821 0.782026
vn 0.389590 -0.256070 0.884674
vn 0.548317 -0.296284 0.782026
vn 0.412539 -0.217172 0.884674
vn 0.574353 -0.241980 0.782026
vn 0.431617 -0.176235 0.884674
vn 0.597223 -0.178214 0.782026
vn 0.446645 -0.133644 0.884674
vn 0.611635 -0.119742 0.782026
vn 0.457481 -0.089799 0.884674
vn 0.620336 -0.060152 0.782026
vn 0.204053 -0.059205 0.977168
vn 0.099992 -0.043433 0.994040
vn 0.196652 -0.080441 0.977168
vn 0.187048 -0.100776 0.977168
vn 0.175348 -0.119983 0.977168
f 3490/3489/3490 3491/3489/3491 3492/3489/3492
f 3492/3489/3492 3491/3489/3491 3493/3489/3493
f 3491/3489/3491 3494/3489/3494 3493/3489/3493
f 3493/3489/3493 3494/3489/3494 3495/3489/3495
f 3495/3489/3495 3494/3489/3494 3496/3489/3496
f 3496/3489/3496 3494/3489/3494 3497/3489/3497
f 3494/3489/3494 3491/3489/3491 3497/3489/3497
f 3491/3489/3491 3490/3489/3490 3497/3489/3497
f 3497/3489/3497 3490/3489/3490 3498/3489/3498
f 3490/3489/3490 3492/3489/3492 3498/3489/3498
f 3498/3489/3498 3492/3489/3492 3499/3489/3499
f 3492/3489/3492 3500/3489/3500 3499/3489/3499
f 3499/3489/3499 3500/3489/3500 3501/3489/3501
f 3501/3489/3501 3500/3489/3500 3502/3489/3502
f 3502/3489/3502 3500/3489/3500 3503/3489/3503
f 3500/3489/3500 3493/3489/3493 3503/3489/3503
f 3503/3489/3503 3493/3489/3493 3495/3489/3495
f 3500/3489/3500 3492/3489/3492 3493/3489/3493
f 3501/3489/3501 3504/3489/3504 3499/3489/3499
f 3504/3489/3504 3505/3489/3505 3499/3489/3499
f 3499/3489/3499 3505/3489/3505 3498/3489/3498
f 3505/3489/3505 3506/3489/3506 3498/3489/3498
f 3498/3489/3498 3506/3489/3506 3497/3489/3497
f 3506/3489/3506 3507/3489/3507 3497/3489/3497
f 3497/3489/3497 3507/3489/3507 3508/3489/3508
f 3507/3489/3507 3509/3489/3509 3508/3489/3508
f 3509/3489/3509 3510/3489/3510 3508/3489/3508
f 3508/3489/3508 3510/3489/3510 3511/3489/3511
f 3510/3489/3510 3512/3489/3512 3511/3489/3511
f 3511/3489/3511 3512/3489/3512 3513/3489/3513
f 3512/3489/3512 3514/3489/3514 3513/3489/3513
f 3513/3489/3513 3514/3489/3514 3515/3489/3515
f 3514/3489/3514 3516/3489/3516 3515/3489/3515
f 3516/3489/3516 3517/3489/3517 3515/3489/3515
f 3517/3489/3517 3497/3489/3497 3515/3489/3515
f 3515/3489/3515 3497/3489/3497 3513/3489/3513
f 3513/3489/3513 3497/3489/3497 3511/3489/3511
f 3497/3489/3497 3508/3489/3508 3511/3489/3511
f 3505/3489/3505 3518/3489/3518 3506/3489/3506
f 3506/3489/3506 3518/3489/3518 3507/3489/3507
f 3518/3489/3518 3509/3489/3509 3507/3489/3507
f 3516/3489/3516 3519/3489/3519 3517/3489/3517
f 3519/3489/3519 3520/3489/3520 3517/3489/3517
f 3517/3489/3517 3520/3489/3520 3497/3489/3497
f 3520/3489/3520 3521/3489/3521 3497/3489/3497
f 3497/3489/3497 3521/3489/3521 3522/3489/3522
f 3521/3489/3521 3523/3489/3523 3522/3489/3522
f 3523/3489/3523 3524/3489/3524 3522/3489/3522
f 3522/3489/3522 3524/3489/3524 3525/3489/3525
f 3524/3489/3524 3526/3489/3526 3525/3489/3525
f 3525/3489/3525 3526/3489/3526 3527/3489/3527
f 3526/3489/3526 3528/3489/3528 3527/3489/3527
f 3527/3489/3527 3528/3489/3528 3529/3489/3529
f 3528/3489/3528 3530/3489/3530 3529/3489/3529
f 3530/3489/3530 3531/3489/3531 3529/3489/3529
f 3531/3489/3531 3497/3489/3497 3529/3489/3529
f 3529/3489/3529 3497/3489/3497 3527/3489/3527
f 3527/3489/3527 3497/3489/3497 3525/3489/3525
f 3497/3489/3497 3522/3489/3522 3525/3489/3525
f 3519/3489/3519 3532/3489/3532 3520/3489/3520
f 3520/3489/3520 3532/3489/3532 3521/3489/3521
f 3532/3489/3532 3523/3489/3523 3521/3489/3521
f 3530/3489/3530 3533/3489/3533 3531/3489/3531
f 3533/3489/3533 3534/3489/3534 3531/3489/3531
f 3531/3489/3531 3534/3489/3534 3497/3489/3497
f 3534/3489/3534 3535/3489/3535 3497/3489/3497
f 3497/3489/3497 3535/3489/3535 3536/3489/3536
f 3535/3489/3535 3537/3489/3537 3536/3489/3536
f 3537/3489/3537 3538/3489/3538 3536/3489/3536
f 3536/3489/3536 3538/3489/3538 3539/3489/3539
f 3538/3489/3538 3540/3489/3540 3539/3489/3539
f 3539/3489/3539 3540/3489/3540 3541/3489/3541
f 3540/3489/3540 3542/3489/3542 3541/3489/3541
f 3541/3489/3541 3542/3489/3542 3543/3489/3543
f 3542/3489/3542 3544/3489/3544 3543/3489/3543
f 3544/3489/3544 3545/3489/3545 3543/3489/3543
f 3545/3489/3545 3497/3489/3497 3543/3489/3543
f 3543/3489/3543 3497/3489/3497 3541/3489/3541
f 3541/3489/3541 3497/3489/3497 3539/3489/3539
f 3497/3489/3497 3536/3489/3536 3539/3489/3539
f 3533/3489/3533 3546/3489/3546 3534/3489/3534
f 3534/3489/3534 3546/3489/3546 3535/3489/3535
f 3546/3489/3546 3537/3489/3537 3535/3489/3535
f 3544/3489/3544 3547/3489/3547 3545/3489/3545
f 3547/3489/3547 3548/3489/3548 3545/3489/3545
f 3545/3489/3545 3548/3489/3548 3497/3489/3497
f 3548/3489/3548 3549/3489/3549 3497/3489/3497
f 3497/3489/3497 3549/3489/3549 3550/3489/3550
f 3549/3489/3549 3551/3489/3551 3550/3489/3550
f 3551/3489/3551 3552/3489/3552 3550/3489/3550
f 3550/3489/3550 3552/3489/3552 3553/3489/3553
f 3552/3489/3552 3554/3489/3554 3553/3489/3553
f 3553/3489/3553 3554/3489/3554 3555/3489/3555
f 3554/3489/3554 3556/3489/3556 3555/3489/3555
f 3555/3489/3555 3556/3489/3556 3557/3489/3557
f 3556/3489/3556 3558/3489/3558 3557/3489/3557
f 3558/3489/3558 3559/3489/3559 3557/3489/3557
f 3559/3489/3559 3497/3489/3497 3557/3489/3557
f 3557/3489/3557 3497/3489/3497 3555/3489/3555
f 3555/3489/3555 3497/3489/3497 3553/3489/3553
f 3497/3489/3497 3550/3489/3550 3553/3489/3553
f 3547/3489/3547 3560/3489/3560 3548/3489/3548
f 3548/3489/3548 3560/3489/3560 3549/3489/3549
f 3560/3489/3560 3551/3489/3551 3549/3489/3549
f 3558/3489/3558 3561/3489/3561 3559/3489/3559
f 3561/3489/3561 3562/3489/3562 3559/3489/3559
f 3559/3489/3559 3562/3489/3562 3497/3489/3497
f 3562/3489/3562 3563/3489/3563 3497/3489/3497
f 3497/3489/3497 3563/3489/3563 3564/3489/3564
f 3563/3489/3563 3565/3489/3565 3564/3489/3564
f 3565/3489/3565 3566/3489/3566 3564/3489/3564
f 3564/3489/3564 3566/3489/3566 3567/3489/3567
f 3566/3489/3566 3568/3489/3568 3567/3489/3567
f 3567/3489/3567 3568/3489/3568 3569/3489/3569
f 3568/3489/3568 3570/3489/3570 3569/3489/3569
f 3569/3489/3569 3570/3489/3570 3571/3489/3571
f 3570/3489/3570 3572/3489/3572 3571/3489/3571
f 3572/3489/3572 3573/3489/3573 3571/3489/3571
f 3573/3489/3573 3497/3489/3497 3571/3489/3571
f 3571/3489/3571 3497/3489/3497 3569/3489/3569
f 3569/3489/3569 3497/3489/3497 3567/3489/3567
f 3497/3489/3497 3564/3489/3564 3567/3489/3567
f 3561/3489/3561 3574/3489/3574 3562/3489/3562
f 3562/3489/3562 3574/3489/3574 3563/3489/3563
f 3574/3489/3574 3565/3489/3565 3563/3489/3563
f 3572/3489/3572 3575/3489/3575 3573/3489/3573
f 3575/3489/3575 3576/3489/3576 3573/3489/3573
f 3573/3489/3573 3576/3489/3576 3497/3489/3497
f 3576/3489/3576 3577/3489/3577 3497/3489/3497
f 3497/3489/3497 3577/3489/3577 3578/3489/3578
f 3577/3489/3577 3579/3489/3579 3578/3489/3578
f 3579/3489/3579 3580/3489/3580 3578/3489/3578
f 3578/3489/3578 3580/3489/3580 3581/3489/3581
f 3580/3489/3580 3582/3489/3582 3581/3489/3581
f 3581/3489/3581 3582/3489/3582 3583/3489/3583
f 3582/3489/3582 3584/3489/3584 3583/3489/3583
f 3583/3489/3583 3584/3489/3584 3585/3489/3585
f 3584/3489/3584 3586/3489/3586 3585/3489/3585
f 3586/3489/3586 3587/3489/3587 3585/3489/3585
f 3587/3489/3587 3497/3489/3497 3585/3489/3585
f 3585/3489/3585 3497/3489/3497 3583/3489/3583
f 3583/3489/3583 3497/3489/3497 3581/3489/3581
f 3497/3489/3497 3578/3489/3578 3581/3489/3581
f 3575/3489/3575 3588/3489/3588 3576/3489/3576
f 3576/3489/3576 3588/3489/3588 3577/3489/3577
f 3588/3489/3588 3579/3489/3579 3577/3489/3577
f 3586/3489/3586 3589/3489/3589 3587/3489/3587
f 3589/3489/3589 3590/3489/3590 3587/3489/3587
f 3587/3489/3587 3590/3489/3590 3497/3489/3497
f 3590/3489/3590 3591/3489/3591 3497/3489/3497
f 3497/3489/3497 3591/3489/3591 3592/3489/3592
f 3591/3489/3591 3593/3489/3593 3592/3489/3592
f 3593/3489/3593 3594/3489/3594 3592/3489/3592
f 3592/3489/3592 3594/3489/3594 3595/3489/3595
f 3594/3489/3594 3596/3489/3596 3595/3489/3595
f 3595/3489/3595 3596/3489/3596 3597/3489/3597
f 3596/3489/3596 3598/3489/3598 3597/3489/3597
f 3597/3489/3597 3598/3489/3598 3599/3489/3599
f 3598/3489/3598 3600/3489/3600 3599/3489/3599
f 3600/3489/3600 3601/3489/3601 3599/3489/3599
f 3601/3489/3601 3497/3489/3497 3599/3489/3599
f 3599/3489/3599 3497/3489/3497 3597/3489/3597
f 3597/3489/3597 3497/3489/3497 3595/3489/3595
f 3497/3489/3497 3592/3489/3592 3595/3489/3595
f 3589/3489/3589 3602/3489/3602 3590/3489/3590
f 3590/3489/3590 3602/3489/3602 3591/3489/3591
f 3602/3489/3602 3593/3489/3593 3591/3489/3591
f 3600/3489/3600 3603/3489/3603 3601/3489/3601
f 3603/3489/3603 3604/3489/3604 3601/3489/3601
f 3601/3489/3601 3604/3489/3604 3497/3489/3497
f 3604/3489/3604 3605/3489/3605 3497/3489/3497
f 3497/3489/3497 3605/3489/3605 3606/3489/3606
f 3605/3489/3605 3607/3489/3607 3606/3489/3606
f 3607/3489/3607 3608/3489/3608 3606/3489/3606
f 3606/3489/3606 3608/3489/3608 3609/3489/3609
f 3608/3489/3608 3610/3489/3610 3609/3489/3609
f 3609/3489/3609 3610/3489/3610 3611/3489/3611
f 3610/3489/3610 3612/3489/3612 3611/3489/3611
f 3612/3489/3612 3613/3489/3613 3611/3489/3611
f 3611/3489/3611 3613/3489/3613 3497/3489/3497
f 3497/3489/3497 3613/3489/3613 3614/3489/3614
f 3613/3489/3613 3615/3489/3615 3614/3489/3614
f 3615/3489/3615 3616/3489/3616 3614/3489/3614
f 3616/3489/3616 3617/3489/3617 3614/3489/3614
f 3614/3489/3614 3617/3489/3617 3497/3489/3497
f 3617/3489/3617 3618/3489/3618 3497/3489/3497
f 3618/3489/3618 3619/3489/3619 3497/3489/3497
f 3497/3489/3497 3619/3489/3619 3496/3489/3496
f 3619/3489/3619 3620/3489/3620 3496/3489/3496
f 3496/3489/3496 3620/3489/3620 3495/3489/3495
f 3620/3489/3620 3621/3489/3621 3495/3489/3495
f 3495/3489/3495 3621/3489/3621 3503/3489/3503
f 3621/3489/3621 3622/3489/3622 3503/3489/3503
f 3503/3489/3503 3622/3489/3622 3502/3489/3502
f 3622/3489/3622 3623/3489/3623 3502/3489/3502
f 3623/3489/3623 3624/3489/3624 3502/3489/3502
f 3502/3489/3502 3624/3489/3624 3501/3489/3501
f 3624/3489/3624 3625/3489/3625 3501/3489/3501
f 3501/3489/3501 3625/3489/3625 3504/3489/3504
f 3625/3489/3625 3626/3489/3626 3504/3489/3504
f 3626/3489/3626 3627/3489/3627 3504/3489/3504
f 3504/3489/3504 3627/3489/3627 3505/3489/3505
f 3505/3489/3505 3627/3489/3627 3518/3489/3518
f 3627/3489/3627 3628/3489/3628 3518/3489/3518
f 3518/3489/3518 3628/3489/3628 3509/3489/3509
f 3606/3489/3606 3609/3489/3609 3497/3489/3497
f 3497/3489/3497 3609/3489/3609 3611/3489/3611
f 3615/3489/3615 3613/3489/3613 3612/3489/3612
f 3603/3489/3603 3629/3489/3629 3604/3489/3604
f 3604/3489/3604 3629/3489/3629 3605/3489/3605
f 3629/3489/3629 3607/3489/3607 3605/3489/3605
f 3628/3489/3628 3627/3489/3627 3630/3489/3630
f 3627/3489/3627 3626/3489/3626 3630/3489/3630
f 3509/3489/3509 3628/3489/3628 3631/3489/3631
f 3628/3489/3628 3632/3489/3632 3631/3489/3631
f 3632/3489/3632 3633/3489/3633 3631/3489/3631
f 3631/3489/3631 3633/3489/3633 3634/3489/3634
f 3633/3489/3633 3635/3489/3635 3634/3489/3634
f 3635/3489/3635 3636/3489/3636 3634/3489/3634
f 3634/3489/3634 3636/3489/3636 3512/3489/3512
f 3512/3489/3512 3636/3489/3636 3514/3489/3514
f 3636/3489/3636 3637/3489/3637 3514/3489/3514
f 3514/3489/3514 3637/3489/3637 3516/3489/3516
f 3632/3489/3632 3628/3489/3628 3630/3489/3630
f 3509/3489/3509 3631/3489/3631 3510/3489/3510
f 3631/3489/3631 3634/3489/3634 3510/3489/3510
f 3510/3489/3510 3634/3489/3634 3512/3489/3512
f 3637/3489/3637 3636/3489/3636 3638/3489/3638
f 3638/3489/3638 3636/3489/3636 3635/3489/3635
f 3516/3489/3516 3637/3489/3637 3639/3489/3639
f 3639/3489/3639 3637/3489/3637 3640/3489/3640
f 3637/3489/3637 3638/3489/3638 3640/3489/3640
f 3516/3489/3516 3639/3489/3639 3519/3489/3519
f 3639/3489/3639 3641/3489/3641 3519/3489/3519
f 3519/3489/3519 3641/3489/3641 3532/3489/3532
f 3641/3489/3641 3642/3489/3642 3532/3489/3532
f 3532/3489/3532 3642/3489/3642 3523/3489/3523
f 3642/3489/3642 3643/3489/3643 3523/3489/3523
f 3523/3489/3523 3643/3489/3643 3524/3489/3524
f 3641/3489/3641 3639/3489/3639 3644/3489/3644
f 3644/3489/3644 3639/3489/3639 3640/3489/3640
f 3644/3489/3644 3645/3489/3645 3641/3489/3641
f 3641/3489/3641 3645/3489/3645 3642/3489/3642
f 3645/3489/3645 3646/3489/3646 3642/3489/3642
f 3642/3489/3642 3646/3489/3646 3643/3489/3643
f 3646/3489/3646 3647/3489/3647 3643/3489/3643
f 3643/3489/3643 3647/3489/3647 3648/3489/3648
f 3647/3489/3647 3649/3489/3649 3648/3489/3648
f 3648/3489/3648 3649/3489/3649 3650/3489/3650
f 3649/3489/3649 3651/3489/3651 3650/3489/3650
f 3651/3489/3651 3652/3489/3652 3650/3489/3650
f 3650/3489/3650 3652/3489/3652 3528/3489/3528
f 3528/3489/3528 3652/3489/3652 3530/3489/3530
f 3652/3489/3652 3653/3489/3653 3530/3489/3530
f 3530/3489/3530 3653/3489/3653 3533/3489/3533
f 3643/3489/3643 3648/3489/3648 3524/3489/3524
f 3524/3489/3524 3648/3489/3648 3526/3489/3526
f 3648/3489/3648 3650/3489/3650 3526/3489/3526
f 3526/3489/3526 3650/3489/3650 3528/3489/3528
f 3653/3489/3653 3652/3489/3652 3654/3489/3654
f 3654/3489/3654 3652/3489/3652 3651/3489/3651
f 3533/3489/3533 3653/3489/3653 3655/3489/3655
f 3655/3489/3655 3653/3489/3653 3656/3489/3656
f 3653/3489/3653 3654/3489/3654 3656/3489/3656
f 3533/3489/3533 3655/3489/3655 3546/3489/3546
f 3655/3489/3655 3657/3489/3657 3546/3489/3546
f 3546/3489/3546 3657/3489/3657 3537/3489/3537
f 3657/3489/3657 3658/3489/3658 3537/3489/3537
f 3537/3489/3537 3658/3489/3658 3538/3489/3538
f 3658/3489/3658 3659/3489/3659 3538/3489/3538
f 3538/3489/3538 3659/3489/3659 3540/3489/3540
f 3657/3489/3657 3655/3489/3655 3660/3489/3660
f 3660/3489/3660 3655/3489/3655 3656/3489/3656
f 3660/3489/3660 3661/3489/3661 3657/3489/3657
f 3657/3489/3657 3661/3489/3661 3658/3489/3658
f 3661/3489/3661 3662/3489/3662 3658/3489/3658
f 3658/3489/3658 3662/3489/3662 3659/3489/3659
f 3662/3489/3662 3663/3489/3663 3659/3489/3659
f 3659/3489/3659 3663/3489/3663 3664/3489/3664
f 3663/3489/3663 3665/3489/3665 3664/3489/3664
f 3664/3489/3664 3665/3489/3665 3666/3489/3666
f 3665/3489/3665 3667/3489/3667 3666/3489/3666
f 3667/3489/3667 3668/3489/3668 3666/3489/3666
f 3666/3489/3666 3668/3489/3668 3544/3489/3544
f 3544/3489/3544 3668/3489/3668 3547/3489/3547
f 3668/3489/3668 3669/3489/3669 3547/3489/3547
f 3547/3489/3547 3669/3489/3669 3560/3489/3560
f 3659/3489/3659 3664/3489/3664 3540/3489/3540
f 3540/3489/3540 3664/3489/3664 3542/3489/3542
f 3664/3489/3664 3666/3489/3666 3542/3489/3542
f 3542/3489/3542 3666/3489/3666 3544/3489/3544
f 3669/3489/3669 3668/3489/3668 3670/3489/3670
f 3670/3489/3670 3668/3489/3668 3667/3489/3667
f 3560/3489/3560 3669/3489/3669 3671/3489/3671
f 3671/3489/3671 3669/3489/3669 3672/3489/3672
f 3669/3489/3669 3670/3489/3670 3672/3489/3672
f 3560/3489/3560 3671/3489/3671 3551/3489/3551
f 3671/3489/3671 3673/3489/3673 3551/3489/3551
f 3551/3489/3551 3673/3489/3673 3552/3489/3552
f 3673/3489/3673 3674/3489/3674 3552/3489/3552
f 3552/3489/3552 3674/3489/3674 3554/3489/3554
f 3674/3489/3674 3675/3489/3675 3554/3489/3554
f 3554/3489/3554 3675/3489/3675 3556/3489/3556
f 3673/3489/3673 3671/3489/3671 3676/3489/3676
f 3676/3489/3676 3671/3489/3671 3672/3489/3672
f 3676/3489/3676 3677/3489/3677 3673/3489/3673
f 3673/3489/3673 3677/3489/3677 3674/3489/3674
f 3677/3489/3677 3678/3489/3678 3674/3489/3674
f 3674/3489/3674 3678/3489/3678 3675/3489/3675
f 3678/3489/3678 3679/3489/3679 3675/3489/3675
f 3675/3489/3675 3679/3489/3679 3680/3489/3680
f 3679/3489/3679 3681/3489/3681 3680/3489/3680
f 3680/3489/3680 3681/3489/3681 3682/3489/3682
f 3681/3489/3681 3683/3489/3683 3682/3489/3682
f 3683/3489/3683 3684/3489/3684 3682/3489/3682
f 3682/3489/3682 3684/3489/3684 3561/3489/3561
f 3561/3489/3561 3684/3489/3684 3574/3489/3574
f 3684/3489/3684 3685/3489/3685 3574/3489/3574
f 3574/3489/3574 3685/3489/3685 3565/3489/3565
f 3675/3489/3675 3680/3489/3680 3556/3489/3556
f 3556/3489/3556 3680/3489/3680 3558/3489/3558
f 3680/3489/3680 3682/3489/3682 3558/3489/3558
f 3558/3489/3558 3682/3489/3682 3561/3489/3561
f 3685/3489/3685 3684/3489/3684 3686/3489/3686
f 3686/3489/3686 3684/3489/3684 3683/3489/3683
f 3565/3489/3565 3685/3489/3685 3687/3489/3687
f 3687/3489/3687 3685/3489/3685 3688/3489/3688
f 3685/3489/3685 3686/3489/3686 3688/3489/3688
f 3565/3489/3565 3687/3489/3687 3566/3489/3566
f 3687/3489/3687 3689/3489/3689 3566/3489/3566
f 3566/3489/3566 3689/3489/3689 3568/3489/3568
f 3689/3489/3689 3690/3489/3690 3568/3489/3568
f 3568/3489/3568 3690/3489/3690 3570/3489/3570
f 3690/3489/3690 3691/3489/3691 3570/3489/3570
f 3570/3489/3570 3691/3489/3691 3572/3489/3572
f 3689/3489/3689 3687/3489/3687 3692/3489/3692
f 3692/3489/3692 3687/3489/3687 3688/3489/3688
f 3692/3489/3692 3693/3489/3693 3689/3489/3689
f 3689/3489/3689 3693/3489/3693 3690/3489/3690
f 3693/3489/3693 3694/3489/3694 3690/3489/3690
f 3690/3489/3690 3694/3489/3694 3691/3489/3691
f 3694/3489/3694 3695/3489/3695 3691/3489/3691
f 3691/3489/3691 3695/3489/3695 3696/3489/3696
f 3695/3489/3695 3697/3489/3697 3696/3489/3696
f 3696/3489/3696 3697/3489/3697 3698/3489/3698
f 3697/3489/3697 3699/3489/3699 3698/3489/3698
f 3699/3489/3699 3700/3489/3700 3698/3489/3698
f 3698/3489/3698 3700/3489/3700 3588/3489/3588
f 3588/3489/3588 3700/3489/3700 3579/3489/3579
f 3700/3489/3700 3701/3489/3701 3579/3489/3579
f 3579/3489/3579 3701/3489/3701 3580/3489/3580
f 3691/3489/3691 3696/3489/3696 3572/3489/3572
f 3572/3489/3572 3696/3489/3696 3575/3489/3575
f 3696/3489/3696 3698/3489/3698 3575/3489/3575
f 3575/3489/3575 3698/3489/3698 3588/3489/3588
f 3701/3489/3701 3700/3489/3700 3702/3489/3702
f 3702/3489/3702 3700/3489/3700 3699/3489/3699
f 3580/3489/3580 3701/3489/3701 3703/3489/3703
f 3703/3489/3703 3701/3489/3701 3704/3489/3704
f 3701/3489/3701 3702/3489/3702 3704/3489/3704
f 3580/3489/3580 3703/3489/3703 3582/3489/3582
f 3703/3489/3703 3705/3489/3705 3582/3489/3582
f 3582/3489/3582 3705/3489/3705 3584/3489/3584
f 3705/3489/3705 3706/3489/3706 3584/3489/3584
f 3584/3489/3584 3706/3489/3706 3586/3489/3586
f 3706/3489/3706 3707/3489/3707 3586/3489/3586
f 3586/3489/3586 3707/3489/3707 3589/3489/3589
f 3705/3489/3705 3703/3489/3703 3708/3489/3708
f 3708/3489/3708 3703/3489/3703 3704/3489/3704
f 3708/3489/3708 3709/3489/3709 3705/3489/3705
f 3705/3489/3705 3709/3489/3709 3706/3489/3706
f 3709/3489/3709 3710/3489/3710 3706/3489/3706
f 3706/3489/3706 3710/3489/3710 3707/3489/3707
f 3710/3489/3710 3711/3489/3711 3707/3489/3707
f 3707/3489/3707 3711/3489/3711 3712/3489/3712
f 3711/3489/3711 3713/3489/3713 3712/3489/3712
f 3712/3489/3712 3713/3489/3713 3714/3489/3714
f 3713/3489/3713 3715/3489/3715 3714/3489/3714
f 3715/3489/3715 3716/3489/3716 3714/3489/3714
f 3714/3489/3714 3716/3489/3716 3593/3489/3593
f 3593/3489/3593 3716/3489/3716 3594/3489/3594
f 3716/3489/3716 3717/3489/3717 3594/3489/3594
f 3594/3489/3594 3717/3489/3717 3596/3489/3596
f 3707/3489/3707 3712/3489/3712 3589/3489/3589
f 3589/3489/3589 3712/3489/3712 3602/3489/3602
f 3712/3489/3712 3714/3489/3714 3602/3489/3602
f 3602/3489/3602 3714/3489/3714 3593/3489/3593
f 3717/3489/3717 3716/3489/3716 3718/3489/3718
f 3718/3489/3718 3716/3489/3716 3715/3489/3715
f 3596/3489/3596 3717/3489/3717 3719/3489/3719
f 3719/3489/3719 3717/3489/3717 3720/3489/3720
f 3717/3489/3717 3718/3489/3718 3720/3489/3720
f 3596/3489/3596 3719/3489/3719 3598/3489/3598
f 3719/3489/3719 3721/3489/3721 3598/3489/3598
f 3598/3489/3598 3721/3489/3721 3600/3489/3600
f 3721/3489/3721 3722/3489/3722 3600/3489/3600
f 3600/3489/3600 3722/3489/3722 3603/3489/3603
f 3722/3489/3722 3723/3489/3723 3603/3489/3603
f 3603/3489/3603 3723/3489/3723 3629/3489/3629
f 3721/3489/3721 3719/3489/3719 3724/3489/3724
f 3724/3489/3724 3719/3489/3719 3720/3489/3720
f 3724/3489/3724 3725/3489/3725 3721/3489/3721
f 3721/3489/3721 3725/3489/3725 3722/3489/3722
f 3725/3489/3725 3726/3489/3726 3722/3489/3722
f 3722/3489/3722 3726/3489/3726 3723/3489/3723
f 3726/3489/3726 3727/3489/3727 3723/3489/3723
f 3723/3489/3723 3727/3489/3727 3728/3489/3728
f 3727/3489/3727 3729/3489/3729 3728/3489/3728
f 3728/3489/3728 3729/3489/3729 3730/3489/3730
f 3729/3489/3729 3731/3489/3731 3730/3489/3730
f 3731/3489/3731 3732/3489/3732 3730/3489/3730
f 3730/3489/3730 3732/3489/3732 3608/3489/3608
f 3608/3489/3608 3732/3489/3732 3610/3489/3610
f 3732/3489/3732 3733/3489/3733 3610/3489/3610
f 3610/3489/3610 3733/3489/3733 3612/3489/3612
f 3723/3489/3723 3728/3489/3728 3629/3489/3629
f 3629/3489/3629 3728/3489/3728 3607/3489/3607
f 3728/3489/3728 3730/3489/3730 3607/3489/3607
f 3607/3489/3607 3730/3489/3730 3608/3489/3608
f 3733/3489/3733 3732/3489/3732 3734/3489/3734
f 3734/3489/3734 3732/3489/3732 3731/3489/3731
f 3612/3489/3612 3733/3489/3733 3735/3489/3735
f 3735/3489/3735 3733/3489/3733 3736/3489/3736
f 3733/3489/3733 3734/3489/3734 3736/3489/3736
f 3612/3489/3612 3735/3489/3735 3615/3489/3615
f 3735/3489/3735 3737/3489/3737 3615/3489/3615
f 3615/3489/3615 3737/3489/3737 3616/3489/3616
f 3737/3489/3737 3738/3489/3738 3616/3489/3616
f 3738/3489/3738 3739/3489/3739 3616/3489/3616
f 3616/3489/3616 3739/3489/3739 3617/3489/3617
f 3617/3489/3617 3739/3489/3739 3618/3489/3618
f 3739/3489/3739 3740/3489/3740 3618/3489/3618
f 3618/3489/3618 3740/3489/3740 3619/3489/3619
f 3619/3489/3619 3740/3489/3740 3620/3489/3620
f 3740/3489/3740 3741/3489/3741 3620/3489/3620
f 3620/3489/3620 3741/3489/3741 3621/3489/3621
f 3741/3489/3741 3742/3489/3742 3621/3489/3621
f 3621/3489/3621 3742/3489/3742 3622/3489/3622
f 3742/3489/3742 3743/3489/3743 3622/3489/3622
f 3622/3489/3622 3743/3489/3743 3623/3489/3623
f 3743/3489/3743 3744/3489/3744 3623/3489/3623
f 3623/3489/3623 3744/3489/3744 3745/3489/3745
f 3744/3489/3744 3746/3489/3746 3745/3489/3745
f 3746/3489/3746 3747/3489/3747 3745/3489/3745
f 3745/3489/3745 3747/3489/3747 3748/3489/3748
f 3747/3489/3747 3749/3489/3749 3748/3489/3748
f 3748/3489/3748 3749/3489/3749 3750/3489/3750
f 3749/3489/3749 3751/3489/3751 3750/3489/3750
f 3750/3489/3750 3751/3489/3751 3752/3489/3752
f 3751/3489/3751 3753/3489/3753 3752/3489/3752
f 3752/3489/3752 3753/3489/3753 3754/3489/3754
f 3753/3489/3753 3755/3489/3755 3754/3489/3754
f 3754/3489/3754 3755/3489/3755 3756/3489/3756
f 3755/3489/3755 3757/3489/3757 3756/3489/3756
f 3756/3489/3756 3757/3489/3757 3758/3489/3758
f 3757/3489/3757 3759/3489/3759 3758/3489/3758
f 3758/3489/3758 3759/3489/3759 3760/3489/3760
f 3759/3489/3759 3761/3489/3761 3760/3489/3760
f 3760/3489/3760 3761/3489/3761 3762/3489/3762
f 3761/3489/3761 3763/3489/3763 3762/3489/3762
f 3762/3489/3762 3763/3489/3763 3764/3489/3764
f 3763/3489/3763 3765/3489/3765 3764/3489/3764
f 3764/3489/3764 3765/3489/3765 3766/3489/3766
f 3765/3489/3765 3767/3489/3767 3766/3489/3766
f 3766/3489/3766 3767/3489/3767 3768/3489/3768
f 3767/3489/3767 3769/3489/3769 3768/3489/3768
f 3768/3489/3768 3769/3489/3769 3770/3489/3770
f 3769/3489/3769 3771/3489/3771 3770/3489/3770
f 3770/3489/3770 3771/3489/3771 3772/3489/3772
f 3771/3489/3771 3773/3489/3773 3772/3489/3772
f 3772/3489/3772 3773/3489/3773 3774/3489/3774
f 3773/3489/3773 3775/3489/3775 3774/3489/3774
f 3774/3489/3774 3775/3489/3775 3776/3489/3776
f 3775/3489/3775 3777/3489/3777 3776/3489/3776
f 3776/3489/3776 3777/3489/3777 3778/3489/3778
f 3777/3489/3777 3779/3489/3779 3778/3489/3778
f 3778/3489/3778 3779/3489/3779 3780/3489/3780
f 3779/3489/3779 3781/3489/3781 3780/3489/3780
f 3780/3489/3780 3781/3489/3781 3782/3489/3782
f 3781/3489/3781 3783/3489/3783 3782/3489/3782
f 3782/3489/3782 3783/3489/3783 3784/3489/3784
f 3783/3489/3783 3785/3489/3785 3784/3489/3784
f 3784/3489/3784 3785/3489/3785 3786/3489/3786
f 3785/3489/3785 3787/3489/3787 3786/3489/3786
f 3786/3489/3786 3787/3489/3787 3788/3489/3788
f 3787/3489/3787 3789/3489/3789 3788/3489/3788
f 3788/3489/3788 3789/3489/3789 3790/3489/3790
f 3789/3489/3789 3791/3489/3791 3790/3489/3790
f 3790/3489/3790 3791/3489/3791 3792/3489/3792
f 3791/3489/3791 3793/3489/3793 3792/3489/3792
f 3792/3489/3792 3793/3489/3793 3794/3489/3794
f 3793/3489/3793 3795/3489/3795 3794/3489/3794
f 3794/3489/3794 3795/3489/3795 3796/3489/3796
f 3795/3489/3795 3797/3489/3797 3796/3489/3796
f 3796/3489/3796 3797/3489/3797 3798/3489/3798
f 3797/3489/3797 3799/3489/3799 3798/3489/3798
f 3798/3489/3798 3799/3489/3799 3800/3489/3800
f 3799/3489/3799 3801/3489/3801 3800/3489/3800
f 3800/3489/3800 3801/3489/3801 3802/3489/3802
f 3801/3489/3801 3803/3489/3803 3802/3489/3802
f 3802/3489/3802 3803/3489/3803 3804/3489/3804
f 3803/3489/3803 3805/3489/3805 3804/3489/3804
f 3804/3489/3804 3805/3489/3805 3806/3489/3806
f 3805/3489/3805 3807/3489/3807 3806/3489/3806
f 3806/3489/3806 3807/3489/3807 3808/3489/3808
f 3807/3489/3807 3809/3489/3809 3808/3489/3808
f 3808/3489/3808 3809/3489/3809 3810/3489/3810
f 3809/3489/3809 3811/3489/3811 3810/3489/3810
f 3810/3489/3810 3811/3489/3811 3812/3489/3812
f 3811/3489/3811 3813/3489/3813 3812/3489/3812
f 3812/3489/3812 3813/3489/3813 3814/3489/3814
f 3813/3489/3813 3815/3489/3815 3814/3489/3814
f 3814/3489/3814 3815/3489/3815 3816/3489/3816
f 3815/3489/3815 3817/3489/3817 3816/3489/3816
f 3816/3489/3816 3817/3489/3817 3818/3489/3818
f 3817/3489/3817 3819/3489/3819 3818/3489/3818
f 3818/3489/3818 3819/3489/3819 3820/3489/3820
f 3819/3489/3819 3821/3489/3821 3820/3489/3820
f 3820/3489/3820 3821/3489/3821 3822/3489/3822
f 3821/3489/3821 3823/3489/3823 3822/3489/3822
f 3822/3489/3822 3823/3489/3823 3824/3489/3824
f 3823/3489/3823 3825/3489/3825 3824/3489/3824
f 3824/3489/3824 3825/3489/3825 3826/3489/3826
f 3825/3489/3825 3827/3489/3827 3826/3489/3826
f 3826/3489/3826 3827/3489/3827 3828/3489/3828
f 3827/3489/3827 3829/3489/3829 3828/3489/3828
f 3828/3489/3828 3829/3489/3829 3830/3489/3830
f 3829/3489/3829 3831/3489/3831 3830/3489/3830
f 3830/3489/3830 3831/3489/3831 3832/3489/3832
f 3831/3489/3831 3833/3489/3833 3832/3489/3832
f 3832/3489/3832 3833/3489/3833 3834/3489/3834
f 3833/3489/3833 3835/3489/3835 3834/3489/3834
f 3834/3489/3834 3835/3489/3835 3836/3489/3836
f 3835/3489/3835 3837/3489/3837 3836/3489/3836
f 3836/3489/3836 3837/3489/3837 3838/3489/3838
f 3837/3489/3837 3839/3489/3839 3838/3489/3838
f 3838/3489/3838 3839/3489/3839 3840/3489/3840
f 3839/3489/3839 3841/3489/3841 3840/3489/3840
f 3840/3489/3840 3841/3489/3841 3842/3489/3842
f 3841/3489/3841 3843/3489/3843 3842/3489/3842
f 3842/3489/3842 3843/3489/3843 3844/3489/3844
f 3843/3489/3843 3845/3489/3845 3844/3489/3844
f 3844/3489/3844 3845/3489/3845 3846/3489/3846
f 3845/3489/3845 3847/3489/3847 3846/3489/3846
f 3846/3489/3846 3847/3489/3847 3848/3489/3848
f 3847/3489/3847 3849/3489/3849 3848/3489/3848
f 3848/3489/3848 3849/3489/3849 3850/3489/3850
f 3849/3489/3849 3851/3489/3851 3850/3489/3850
f 3850/3489/3850 3851/3489/3851 3852/3489/3852
f 3851/3489/3851 3853/3489/3853 3852/3489/3852
f 3852/3489/3852 3853/3489/3853 3854/3489/3854
f 3853/3489/3853 3855/3489/3855 3854/3489/3854
f 3854/3489/3854 3855/3489/3855 3856/3489/3856
f 3855/3489/3855 3857/3489/3857 3856/3489/3856
f 3856/3489/3856 3857/3489/3857 3858/3489/3858
f 3857/3489/3857 3859/3489/3859 3858/3489/3858
f 3858/3489/3858 3859/3489/3859 3860/3489/3860
f 3859/3489/3859 3861/3489/3861 3860/3489/3860
f 3860/3489/3860 3861/3489/3861 3862/3489/3862
f 3861/3489/3861 3863/3489/3863 3862/3489/3862
f 3862/3489/3862 3863/3489/3863 3864/3489/3864
f 3863/3489/3863 3865/3489/3865 3864/3489/3864
f 3864/3489/3864 3865/3489/3865 3866/3489/3866
f 3865/3489/3865 3867/3489/3867 3866/3489/3866
f 3866/3489/3866 3867/3489/3867 3868/3489/3868
f 3867/3489/3867 3869/3489/3869 3868/3489/3868
f 3868/3489/3868 3869/3489/3869 3743/3489/3743
f 3869/3489/3869 3744/3489/3744 3743/3489/3743
f 3743/3489/3743 3742/3489/3742 3868/3489/3868
f 3742/3489/3742 3870/3489/3870 3868/3489/3868
f 3868/3489/3868 3870/3489/3870 3866/3489/3866
f 3742/3489/3742 3741/3489/3741 3870/3489/3870
f 3870/3489/3870 3741/3489/3741 3871/3489/3871
f 3741/3489/3741 3740/3489/3740 3871/3489/3871
f 3740/3489/3740 3739/3489/3739 3871/3489/3871
f 3739/3489/3739 3738/3489/3738 3871/3489/3871
f 3738/3489/3738 3872/3489/3872 3871/3489/3871
f 3871/3489/3871 3872/3489/3872 3870/3489/3870
f 3870/3489/3870 3872/3489/3872 3866/3489/3866
f 3866/3489/3866 3872/3489/3872 3864/3489/3864
f 3872/3489/3872 3873/3489/3873 3864/3489/3864
f 3864/3489/3864 3873/3489/3873 3862/3489/3862
f 3873/3489/3873 3874/3489/3874 3862/3489/3862
f 3862/3489/3862 3874/3489/3874 3860/3489/3860
f 3874/3489/3874 3736/3489/3736 3860/3489/3860
f 3860/3489/3860 3736/3489/3736 3858/3489/3858
f 3736/3489/3736 3734/3489/3734 3858/3489/3858
f 3858/3489/3858 3734/3489/3734 3856/3489/3856
f 3734/3489/3734 3731/3489/3731 3856/3489/3856
f 3856/3489/3856 3731/3489/3731 3854/3489/3854
f 3731/3489/3731 3729/3489/3729 3854/3489/3854
f 3854/3489/3854 3729/3489/3729 3852/3489/3852
f 3729/3489/3729 3727/3489/3727 3852/3489/3852
f 3852/3489/3852 3727/3489/3727 3850/3489/3850
f 3727/3489/3727 3726/3489/3726 3850/3489/3850
f 3850/3489/3850 3726/3489/3726 3848/3489/3848
f 3726/3489/3726 3725/3489/3725 3848/3489/3848
f 3848/3489/3848 3725/3489/3725 3846/3489/3846
f 3725/3489/3725 3724/3489/3724 3846/3489/3846
f 3846/3489/3846 3724/3489/3724 3844/3489/3844
f 3724/3489/3724 3720/3489/3720 3844/3489/3844
f 3844/3489/3844 3720/3489/3720 3842/3489/3842
f 3720/3489/3720 3718/3489/3718 3842/3489/3842
f 3842/3489/3842 3718/3489/3718 3840/3489/3840
f 3718/3489/3718 3715/3489/3715 3840/3489/3840
f 3840/3489/3840 3715/3489/3715 3838/3489/3838
f 3715/3489/3715 3713/3489/3713 3838/3489/3838
f 3838/3489/3838 3713/3489/3713 3836/3489/3836
f 3713/3489/3713 3711/3489/3711 3836/3489/3836
f 3836/3489/3836 3711/3489/3711 3834/3489/3834
f 3711/3489/3711 3710/3489/3710 3834/3489/3834
f 3834/3489/3834 3710/3489/3710 3832/3489/3832
f 3710/3489/3710 3709/3489/3709 3832/3489/3832
f 3832/3489/3832 3709/3489/3709 3830/3489/3830
f 3709/3489/3709 3708/3489/3708 3830/3489/3830
f 3830/3489/3830 3708/3489/3708 3828/3489/3828
f 3708/3489/3708 3704/3489/3704 3828/3489/3828
f 3828/3489/3828 3704/3489/3704 3826/3489/3826
f 3704/3489/3704 3702/3489/3702 3826/3489/3826
f 3826/3489/3826 3702/3489/3702 3824/3489/3824
f 3702/3489/3702 3699/3489/3699 3824/3489/3824
f 3824/3489/3824 3699/3489/3699 3822/3489/3822
f 3699/3489/3699 3697/3489/3697 3822/3489/3822
f 3822/3489/3822 3697/3489/3697 3820/3489/3820
f 3697/3489/3697 3695/3489/3695 3820/3489/3820
f 3820/3489/3820 3695/3489/3695 3818/3489/3818
f 3695/3489/3695 3694/3489/3694 3818/3489/3818
f 3818/3489/3818 3694/3489/3694 3816/3489/3816
f 3694/3489/3694 3693/3489/3693 3816/3489/3816
f 3816/3489/3816 3693/3489/3693 3814/3489/3814
f 3693/3489/3693 3692/3489/3692 3814/3489/3814
f 3814/3489/3814 3692/3489/3692 3812/3489/3812
f 3692/3489/3692 3688/3489/3688 3812/3489/3812
f 3812/3489/3812 3688/3489/3688 3810/3489/3810
f 3688/3489/3688 3686/3489/3686 3810/3489/3810
f 3810/3489/3810 3686/3489/3686 3808/3489/3808
f 3686/3489/3686 3683/3489/3683 3808/3489/3808
f 3808/3489/3808 3683/3489/3683 3806/3489/3806
f 3683/3489/3683 3681/3489/3681 3806/3489/3806
f 3806/3489/3806 3681/3489/3681 3804/3489/3804
f 3681/3489/3681 3679/3489/3679 3804/3489/3804
f 3804/3489/3804 3679/3489/3679 3802/3489/3802
f 3679/3489/3679 3678/3489/3678 3802/3489/3802
f 3802/3489/3802 3678/3489/3678 3800/3489/3800
f 3678/3489/3678 3677/3489/3677 3800/3489/3800
f 3800/3489/3800 3677/3489/3677 3798/3489/3798
f 3677/3489/3677 3676/3489/3676 3798/3489/3798
f 3798/3489/3798 3676/3489/3676 3796/3489/3796
f 3676/3489/3676 3672/3489/3672 3796/3489/3796
f 3796/3489/3796 3672/3489/3672 3794/3489/3794
f 3672/3489/3672 3670/3489/3670 3794/3489/3794
f 3794/3489/3794 3670/3489/3670 3792/3489/3792
f 3670/3489/3670 3667/3489/3667 3792/3489/3792
f 3792/3489/3792 3667/3489/3667 3790/3489/3790
f 3667/3489/3667 3665/3489/3665 3790/3489/3790
f 3790/3489/3790 3665/3489/3665 3788/3489/3788
f 3665/3489/3665 3663/3489/3663 3788/3489/3788
f 3788/3489/3788 3663/3489/3663 3786/3489/3786
f 3663/3489/3663 3662/3489/3662 3786/3489/3786
f 3786/3489/3786 3662/3489/3662 3784/3489/3784
f 3662/3489/3662 3661/3489/3661 3784/3489/3784
f 3784/3489/3784 3661/3489/3661 3782/3489/3782
f 3661/3489/3661 3660/3489/3660 3782/3489/3782
f 3782/3489/3782 3660/3489/3660 3780/3489/3780
f 3660/3489/3660 3656/3489/3656 3780/3489/3780
f 3780/3489/3780 3656/3489/3656 3778/3489/3778
f 3656/3489/3656 3654/3489/3654 3778/3489/3778
f 3778/3489/3778 3654/3489/3654 3776/3489/3776
f 3654/3489/3654 3651/3489/3651 3776/3489/3776
f 3776/3489/3776 3651/3489/3651 3774/3489/3774
f 3651/3489/3651 3649/3489/3649 3774/3489/3774
f 3774/3489/3774 3649/3489/3649 3772/3489/3772
f 3649/3489/3649 3647/3489/3647 3772/3489/3772
f 3772/3489/3772 3647/3489/3647 3770/3489/3770
f 3647/3489/3647 3646/3489/3646 3770/3489/3770
f 3770/3489/3770 3646/3489/3646 3768/3489/3768
f 3646/3489/3646 3645/3489/3645 3768/3489/3768
f 3768/3489/3768 3645/3489/3645 3766/3489/3766
f 3645/3489/3645 3644/3489/3644 3766/3489/3766
f 3766/3489/3766 3644/3489/3644 3764/3489/3764
f 3644/3489/3644 3640/3489/3640 3764/3489/3764
f 3764/3489/3764 3640/3489/3640 3762/3489/3762
f 3640/3489/3640 3638/3489/3638 3762/3489/3762
f 3762/3489/3762 3638/3489/3638 3760/3489/3760
f 3638/3489/3638 3635/3489/3635 3760/3489/3760
f 3760/3489/3760 3635/3489/3635 3758/3489/3758
f 3635/3489/3635 3633/3489/3633 3758/3489/3758
f 3758/3489/3758 3633/3489/3633 3756/3489/3756
f 3633/3489/3633 3632/3489/3632 3756/3489/3756
f 3756/3489/3756 3632/3489/3632 3754/3489/3754
f 3632/3489/3632 3630/3489/3630 3754/3489/3754
f 3754/3489/3754 3630/3489/3630 3752/3489/3752
f 3630/3489/3630 3626/3489/3626 3752/3489/3752
f 3752/3489/3752 3626/3489/3626 3750/3489/3750
f 3626/3489/3626 3625/3489/3625 3750/3489/3750
f 3750/3489/3750 3625/3489/3625 3748/3489/3748
f 3625/3489/3625 3624/3489/3624 3748/3489/3748
f 3748/3489/3748 3624/3489/3624 3745/3489/3745
f 3624/3489/3624 3623/3489/3623 3745/3489/3745
f 3736/3489/3736 3874/3489/3874 3735/3489/3735
f 3735/3489/3735 3874/3489/3874 3737/3489/3737
f 3874/3489/3874 3873/3489/3873 3737/3489/3737
f 3737/3489/3737 3873/3489/3873 3738/3489/3738
f 3873/3489/3873 3872/3489/3872 3738/3489/3738
